{
  "colors": {
    "#d8dee9": 5265,
    "#81a1c1": 3462,
    "#eceff4": 2917,
    "#88c0d0": 421,
    "#b48ead": 243,
    "#616e88": 223,
    "#a3be8c": 102,
    "#5e81ac": 38,
    "#8fbcbb": 26,
    "#ebcb8b": 24
  },
  "cccts": {
    "11306.26": 10526,
    "0.0": 6194,
    "10982.91212121212": 2863,
    "10922.284393939393": 2302,
    "11479.907676767678": 2095,
    "10942.493636363637": 1980,
    "10821.238181818182": 1606,
    "11428.077373737375": 1557,
    "11003.121363636365": 1152,
    "11450.918131313132": 1103,
    "11279.020404040404": 1022,
    "11273.91297979798": 1006,
    "11414.789797979798": 976,
    "11443.304545454544": 949,
    "11164.795303030303": 939,
    "11043.539848484848": 920,
    "11447.348737373739": 859,
    "11501.613636363636": 789,
    "11425.642777777777": 759,
    "10989.778686868687": 736,
    "11057.596111111112": 736,
    "11170.62515151515": 723,
    "10881.86590909091": 687,
    "11512.466616161617": 656,
    "10699.982727272727": 629,
    "10861.656666666668": 615,
    "11275.615454545454": 583,
    "11294.342676767677": 575,
    "11469.054696969697": 563,
    "11405.236616161617": 560,
    "11349.67191919192": 555,
    "10962.702878787879": 514,
    "11280.722878787878": 482,
    "11284.127828282828": 482,
    "11420.463787878789": 426,
    "11265.400606060604": 423,
    "10967.172878787878": 408,
    "11473.758888888888": 408,
    "10841.447424242424": 342,
    "11268.805555555555": 317,
    "10848.963030303032": 304,
    "10763.21984848485": 277,
    "10902.075151515151": 260,
    "11490.760656565655": 257,
    "11125.413535353535": 200,
    "10791.800909090909": 191,
    "10780.819696969696": 189,
    "11435.69095959596": 189,
    "11023.330606060606": 186,
    "11545.025555555556": 183,
    "11488.986060606061": 172,
    "11436.495757575756": 166,
    "11653.555353535354": 162,
    "11277.31792929293": 154,
    "10944.567070707071": 152,
    "11255.185757575757": 152,
    "10578.727272727272": 143,
    "10615.947727272727": 141,
    "11336.714343434343": 138,
    "11382.395858585858": 129,
    "11534.667575757574": 122,
    "10877.54409090909": 115,
    "10677.476666666666": 111,
    "11403.936818181819": 105,
    "10718.216212121213": 100,
    "11458.201717171716": 95,
    "10934.706212121213": 94,
    "11481.372474747475": 94,
    "11063.74909090909": 90,
    "11458.531717171718": 88,
    "11270.50803030303": 82,
    "11359.555101010103": 70,
    "10620.314545454545": 68,
    "11466.145303030304": 66,
    "11215.836767676768": 65,
    "11412.850202020201": 57,
    "11191.935757575757": 54,
    "11267.103080808081": 50,
    "10820.38196969697": 48,
    "10760.610454545455": 45,
    "11238.442575757577": 44,
    "11351.941515151515": 43,
    "11555.878535353537": 40,
    "10740.401212121213": 39,
    "10534.571363636363": 38,
    "11272.210505050505": 38,
    "11225.423030303029": 36,
    "11083.554545454546": 33,
    "11631.849393939392": 32,
    "10706.057727272728": 31,
    "10801.02893939394": 31,
    "11599.290454545453": 31,
    "11041.797272727272": 29,
    "11390.009444444446": 29,
    "11696.967272727274": 29,
    "14512.529090909089": 29,
    "10448.828181818182": 27,
    "11329.10075757576": 27,
    "10899.919444444446": 26,
    "11382.23085858586": 26,
    "11260.29318181818": 21,
    "13206.271313131314": 21,
    "10715.219191919192": 19,
    "13325.022020202023": 19,
    "11134.773636363634": 18,
    "11285.830303030303": 18,
    "13562.523434343435": 18,
    "11220.516818181819": 17,
    "11000.039999999999": 16,
    "11511.826818181818": 16,
    "10648.895606060607": 15,
    "11055.716363636362": 15,
    "11208.826363636364": 15,
    "11263.698131313131": 15,
    "10734.638787878788": 14,
    "10769.350454545454": 14,
    "11097.473636363638": 14,
    "11367.168686868687": 14,
    "11504.21323232323": 14,
    "11527.05398989899": 14,
    "10888.687272727273": 13,
    "11125.311818181819": 13,
    "13918.775555555556": 12,
    "11106.192575757577": 11,
    "11261.995656565658": 11,
    "10906.125151515153": 10,
    "11580.34909090909": 10,
    "11244.970909090911": 9,
    "11397.62303030303": 9,
    "11496.599646464647": 9,
    "10590.380606060606": 8,
    "11020.449393939394": 7,
    "11371.377878787878": 7,
    "10963.287272727272": 6,
    "10991.868333333334": 6,
    "11374.782272727274": 6,
    "10277.34181818182": 5,
    "10692.649090909092": 4,
    "11069.635454545456": 4,
    "11104.167575757574": 4,
    "11258.590707070707": 4,
    "11519.440404040404": 4,
    "10308.878636363635": 3,
    "10871.61893939394": 3,
    "11185.004545454545": 3,
    "13087.520606060607": 3,
    "13443.772727272728": 3,
    "10591.733484848484": 2,
    "10743.783333333335": 2,
    "10794.917575757576": 2,
    "11282.425353535355": 2,
    "10477.409242424243": 1,
    "10505.990303030303": 1,
    "10563.152424242424": 1,
    "10720.191969696969": 1,
    "11549.894747474747": 1,
    "11566.731515151514": 1
  },
  "source": {
    "analyze": "dark",
    "fontface": "Consolas-Regular",
    "fontsize": 14,
    "language": "c",
    "theme": "Nord"
  },
  "average_cct": 9998.643606080961,
  "average_cct_without_background": 2470.962044417107,
  "diff65": 53.825286247399404,
  "background_cct": 11306.26
}
