{
  "colors": {
    "#81a1c1": 3462,
    "#eceff4": 2917,
    "#d8dee9": 2754,
    "#88c0d0": 421,
    "#b48ead": 243,
    "#616e88": 223,
    "#a3be8c": 102,
    "#5e81ac": 29,
    "#ebcb8b": 24,
    "#8fbcbb": 15
  },
  "cccts": {
    "3652.415": 2234,
    "2434.943333333333": 1602,
    "6727.575": 1454,
    "3160.74375": 1245,
    "1545.2525": 1235,
    "6406.875": 1205,
    "1724.7515277777777": 1165,
    "5484.585": 1074,
    "4565.51875": 939,
    "2536.3993055555557": 920,
    "3956.7829166666666": 831,
    "4485.049999999999": 805,
    "3083.4718749999997": 759,
    "1422.98125": 736,
    "1517.8466666666666": 736,
    "1992.1737500000002": 733,
    "4271.25": 695,
    "2710.6009615384614": 599,
    "2846.2817307692308": 599,
    "6855.73125": 575,
    "10091.3625": 555,
    "3656.39": 547,
    "4671.927083333333": 533,
    "3301.22125": 527,
    "2840.7672222222222": 512,
    "3700.16625": 506,
    "4111.295833333334": 485,
    "3808.739583333333": 482,
    "5232.558333333333": 466,
    "2001.8043750000002": 447,
    "5790.829326923077": 444,
    "2232.031388888889": 439,
    "2320.401346153846": 419,
    "6940.781249999999": 409,
    "2967.5871875": 407,
    "7288.206249999999": 401,
    "4746.275480769231": 393,
    "3025.46875": 385,
    "5676.39140625": 326,
    "2589.9429166666664": 317,
    "4449.21875": 304,
    "3246.591111111111": 299,
    "3043.679166666667": 297,
    "877.984375": 292,
    "2823.605": 288,
    "4983.125": 286,
    "3351.6908333333336": 270,
    "1617.2055288461538": 257,
    "3737.3437500000005": 257,
    "5405.80078125": 256,
    "3119.7711458333333": 254,
    "5941.63375": 251,
    "3090.505": 249,
    "1707.5775": 248,
    "4957.221057692308": 222,
    "6080.692788461538": 222,
    "1305.7945588235293": 204,
    "2988.2606250000003": 200,
    "3915.3125000000005": 198,
    "2130.5754166666666": 195,
    "2663.219270833333": 194,
    "3176.9104166666666": 191,
    "1635.9775520833334": 189,
    "1179.4256770833333": 186,
    "4265.788333333334": 174,
    "3622.5403846153845": 162,
    "1882.4033333333332": 146,
    "5544.411057692308": 144,
    "1495.9511458333334": 141,
    "3363.7875": 136,
    "1540.1141826923076": 131,
    "3005.9744711538465": 128,
    "2455.96875": 124,
    "1318.4098557692307": 119,
    "3511.460336538462": 119,
    "1194.6021153846154": 117,
    "1674.0235416666667": 115,
    "2146.3646875": 113,
    "2552.1045192307693": 109,
    "3058.9054166666665": 105,
    "3105.0346153846153": 105,
    "2511.0353125": 101,
    "1264.2975": 96,
    "1960.8368055555554": 93,
    "1333.3690277777778": 91,
    "1902.2994791666667": 91,
    "2206.667395833333": 90,
    "4875.1866666666665": 89,
    "5421.201923076923": 79,
    "2587.1272916666667": 78,
    "1155.125955882353": 76,
    "2008.914705882353": 76,
    "8008.59375": 70,
    "2217.764423076923": 69,
    "1471.1115972222221": 67,
    "2443.504326923077": 61,
    "2335.9635416666665": 60,
    "4064.5765624999995": 58,
    "1547.5527403846156": 57,
    "2196.137222222222": 56,
    "1328.1158333333335": 55,
    "2317.87875": 55,
    "1647.1029166666667": 54,
    "1725.536388888889": 54,
    "2637.8552777777777": 51,
    "3770.6521875": 50,
    "2580.546875": 49,
    "2709.717708333333": 48,
    "5695.0": 46,
    "2815.4032291666667": 45,
    "2850.0933333333332": 43,
    "9610.3125": 42,
    "4269.422596153846": 40,
    "5692.5634615384615": 40,
    "1940.34546875": 39,
    "3199.3412500000004": 37,
    "4858.804166666667": 37,
    "4640.802692307692": 36,
    "4065.901442307692": 33,
    "4404.7265625": 33,
    "3687.228605769231": 32,
    "678.7512019230769": 31,
    "3924.4187500000003": 31,
    "1369.6556249999999": 30,
    "4456.2253125": 29,
    "5185.8390625": 29,
    "8160.6796875": 29,
    "2068.88671875": 28,
    "3999.1765625": 28,
    "2669.53125": 27,
    "2847.5": 27,
    "3203.4375": 27,
    "4275.14": 27,
    "731.8905": 26,
    "4235.4075": 26,
    "4538.203125": 26,
    "4570.4875": 26,
    "5205.5859375": 26,
    "8409.46875": 26,
    "3480.602019230769": 25,
    "5339.0625": 24,
    "1750.1155208333334": 23,
    "2509.871111111111": 22,
    "1987.3434558823528": 20,
    "1898.5101923076923": 19,
    "2162.40375": 19,
    "4184.963942307692": 19,
    "1411.8025": 18,
    "2209.0689583333333": 18,
    "3313.6034375": 18,
    "4227.7009375": 18,
    "17409.45": 18,
    "7365.536538461539": 17,
    "4684.7496875": 16,
    "1098.068611111111": 15,
    "2389.204230769231": 15,
    "5343.925": 15,
    "5472.5390625": 15,
    "2612.585555555556": 14,
    "2869.74609375": 14,
    "3470.3906249999995": 14,
    "3486.0937499999995": 14,
    "3864.0688461538466": 14,
    "5606.015625": 14,
    "2343.1055769230775": 13,
    "2968.847222222222": 13,
    "977.4017307692308": 12,
    "2513.768125": 12,
    "2936.484375": 12,
    "3884.9143750000003": 12,
    "4671.6796875": 12,
    "15735.464423076925": 12,
    "1941.2284375": 11,
    "2456.6370312500003": 11,
    "3529.50625": 11,
    "4137.7734375": 10,
    "2294.1790625": 9,
    "2411.8292708333333": 9,
    "3069.9609375": 9,
    "1430.9097916666667": 8,
    "3870.8203124999995": 8,
    "2353.0041666666666": 7,
    "2616.2791666666667": 7,
    "2984.2594852941174": 7,
    "3234.4110576923076": 7,
    "18860.2375": 7,
    "1137.2853472222223": 6,
    "1176.5020833333333": 6,
    "1254.9355555555555": 6,
    "2856.5546875": 6,
    "2957.019230769231": 6,
    "3336.9140625000005": 6,
    "4938.6328125": 6,
    "1705.9280208333332": 5,
    "2016.2819791666668": 5,
    "1027.6778846153848": 4,
    "1552.9827500000001": 4,
    "2000.053541666667": 4,
    "2008.8282500000003": 4,
    "2176.528854166667": 4,
    "2491.5625": 4,
    "2601.6541666666667": 4,
    "3523.7812500000005": 4,
    "4627.1875": 4,
    "5478.6224999999995": 4,
    "911.7891145833333": 3,
    "956.4478125": 3,
    "1420.3836111111111": 3,
    "2018.8161111111112": 3,
    "2358.8513541666666": 3,
    "2913.68578125": 3,
    "3403.65234375": 3,
    "3961.0891666666666": 3,
    "13540.683333333334": 3,
    "1323.56484375": 2,
    "1352.9773958333335": 2,
    "1445.7476041666666": 2,
    "1536.3733088235292": 2,
    "1756.1165625": 2,
    "1771.0639062500002": 2,
    "1791.903173076923": 2,
    "1808.713076923077": 2,
    "1823.5782291666667": 2,
    "2056.719375": 2,
    "2058.8786458333334": 2,
    "2170.9815625": 2,
    "2275.5033088235296": 2,
    "2628.0303125": 2,
    "3080.2283653846152": 2,
    "3223.6296875": 2,
    "3542.1278125000003": 2,
    "3800.1244444444446": 2,
    "3957.3970588235293": 2,
    "4631.401666666667": 2,
    "5980.066666666667": 2,
    "1223.5621666666668": 1,
    "1264.7397395833334": 1,
    "1357.5024038461538": 1,
    "1978.3914583333333": 1,
    "2224.609375": 1,
    "2250.060234375": 1,
    "2382.41671875": 1,
    "2536.6128125": 1,
    "3449.855769230769": 1,
    "3603.8671875": 1,
    "5256.060625": 1,
    "5713.109375": 1,
    "5821.939903846154": 1,
    "6139.921875": 1,
    "6673.828125000001": 1
  },
  "source": {
    "analyze": "dark",
    "fontface": "Consolas-Regular",
    "fontsize": 14,
    "language": "c",
    "theme": "Nord"
  },
  "average": 3666.8465993625,
  "diff65": -43.58697539442308
}
