{
  "colors": {
    "#d8dee9": 5265,
    "#81a1c1": 3462,
    "#eceff4": 2917,
    "#88c0d0": 421,
    "#b48ead": 243,
    "#616e88": 223,
    "#a3be8c": 102,
    "#5e81ac": 38,
    "#8fbcbb": 26,
    "#ebcb8b": 24
  },
  "cccts": {
    "11306.26": 10526,
    "0.0": 6194,
    "10448.810714285715": 2234,
    "10734.627142857144": 1335,
    "10580.194072580647": 1245,
    "10951.294435483873": 1235,
    "11629.293571428572": 1204,
    "10901.353392857143": 1165,
    "11234.026428571427": 1074,
    "11766.736428571428": 984,
    "10055.813125": 939,
    "10710.809107142857": 920,
    "10746.76625": 809,
    "11613.244285714285": 805,
    "11517.311696428571": 759,
    "10879.979047619048": 736,
    "10906.621607142857": 736,
    "11521.615714285714": 695,
    "10377.356607142858": 662,
    "11439.988951612904": 599,
    "11496.887338709677": 599,
    "11200.919375": 575,
    "12112.09375": 555,
    "11258.104285714286": 547,
    "11626.035297619048": 533,
    "10547.924475806454": 527,
    "10639.355000000001": 512,
    "11552.486979166666": 506,
    "11587.662261904761": 485,
    "11256.097797619048": 482,
    "11783.791111111112": 470,
    "11664.408333333335": 466,
    "10846.418245967741": 447,
    "11591.95366935484": 444,
    "10782.263214285715": 439,
    "11276.35685483871": 419,
    "11656.213035714285": 409,
    "10609.582455357144": 407,
    "11805.109464285715": 401,
    "11245.094475806452": 393,
    "11458.803630952381": 385,
    "11687.970723684211": 326,
    "11272.149702380952": 317,
    "11530.588869047619": 304,
    "10544.082857142857": 299,
    "10591.718928571428": 297,
    "11104.57502016129": 292,
    "11557.508333333335": 286,
    "10093.60642857143": 285,
    "11262.117261904761": 270,
    "10734.627142857142": 267,
    "11414.570987903226": 257,
    "11494.696249999999": 257,
    "11574.037828947368": 256,
    "10573.855401785713": 254,
    "11228.006964285714": 251,
    "10596.328870967742": 249,
    "11242.376008064517": 222,
    "11713.50931451613": 222,
    "10830.690312499999": 204,
    "10942.5890625": 204,
    "10435.936388888887": 200,
    "11503.669404761904": 198,
    "10681.0365625": 194,
    "11523.707202380952": 191,
    "10922.194174107144": 189,
    "11029.375334821429": 186,
    "11250.078333333335": 174,
    "10377.356607142856": 169,
    "11548.876612903226": 162,
    "10806.081250000001": 156,
    "11579.796491935485": 144,
    "10786.471294642859": 141,
    "11382.242358870968": 131,
    "11267.52183467742": 128,
    "11430.089535714285": 124,
    "11289.269576612904": 119,
    "11479.499778225805": 119,
    "10804.247500000001": 117,
    "10913.262410714287": 115,
    "10497.824285714287": 114,
    "10560.476205357143": 113,
    "10233.778750000001": 109,
    "9992.551964285714": 105,
    "11514.217096774195": 105,
    "10716.76361607143": 101,
    "11015.833629032259": 96,
    "10464.139464285714": 93,
    "10733.618035714286": 91,
    "10859.671830357143": 91,
    "10788.217723214286": 90,
    "11242.052380952382": 89,
    "11533.087277777779": 88,
    "11573.717903225806": 79,
    "10698.900089285715": 78,
    "10984.55109375": 76,
    "11777.350625": 70,
    "11415.674596774195": 69,
    "10960.898482142857": 67,
    "10279.416250000002": 61,
    "11466.147648809523": 60,
    "11584.464508928573": 58,
    "10655.925624999998": 57,
    "10363.085000000001": 56,
    "10773.811653225806": 55,
    "10933.264166666668": 55,
    "10565.193928571429": 54,
    "10598.87875": 54,
    "10686.99107142857": 51,
    "11256.599419642856": 50,
    "11436.37074404762": 49,
    "11491.729672619049": 48,
    "11530.102708333332": 48,
    "11593.400952380953": 46,
    "10645.309508928573": 45,
    "10808.932222222222": 44,
    "10912.548571428571": 43,
    "11871.56875": 42,
    "11592.201008064516": 40,
    "11687.514677419354": 40,
    "10806.08125": 39,
    "10850.740066964285": 39,
    "11638.826309523809": 37,
    "11246.45370967742": 36,
    "11506.853427419355": 33,
    "11528.345580357143": 33,
    "11574.87125": 33,
    "10497.824285714285": 32,
    "11553.209052419354": 32,
    "11021.025625": 31,
    "10984.716517857143": 30,
    "11247.570223214285": 29,
    "11661.210580357143": 29,
    "13668.020714285714": 29,
    "11253.589687500002": 28,
    "11410.572924107142": 28,
    "10715.692857142858": 27,
    "11440.857321428572": 27,
    "11449.830476190476": 27,
    "11473.75888888889": 27,
    "9184.116250000001": 26,
    "10731.578357142856": 26,
    "11246.065357142857": 26,
    "11535.075446428571": 26,
    "11568.724776785715": 26,
    "11977.788125": 26,
    "11261.405282258063": 25,
    "11575.454642857143": 24,
    "10895.398883928572": 23,
    "11264.12375": 23,
    "10228.345714285715": 22,
    "10843.59465625": 20,
    "9608.336964285714": 19,
    "11281.793790322581": 19,
    "12491.372903225807": 19,
    "11250.579955357143": 18,
    "11262.618883928573": 18,
    "11277.16592261905": 18,
    "16344.682857142858": 18,
    "10677.476666666667": 17,
    "13392.058709677422": 17,
    "11244.56049107143": 16,
    "10302.235": 15,
    "10445.01625": 15,
    "10834.6725": 15,
    "11582.184508928573": 15,
    "10783.957338709679": 14,
    "10945.357857142857": 14,
    "11264.123749999999": 14,
    "11450.952120535714": 14,
    "11480.56353125": 14,
    "11481.236517857144": 14,
    "11599.383055555554": 14,
    "10896.143928571428": 13,
    "10989.544556451612": 13,
    "10895.522500000001": 12,
    "11255.094553571427": 12,
    "11273.15294642857": 12,
    "11454.317053571429": 12,
    "11541.8053125": 12,
    "15762.284516129035": 12,
    "9537.806875": 11,
    "10472.560669642859": 11,
    "11273.905379464284": 11,
    "11514.885848214286": 10,
    "10270.451741071429": 9,
    "10320.978973214285": 9,
    "11461.046919642858": 9,
    "10809.070803571429": 8,
    "11501.426116071429": 8,
    "10295.715357142859": 7,
    "11267.28396875": 7,
    "11485.334166666667": 7,
    "11522.881975806451": 7,
    "16764.55142857143": 7,
    "10767.302857142859": 6,
    "10800.987678571428": 6,
    "10817.830089285715": 6,
    "11268.638348214286": 6,
    "11452.146129032259": 6,
    "11474.506651785716": 6,
    "11555.265044642858": 6,
    "10573.615133928572": 5,
    "10605.675223214286": 5,
    "9805.723750000001": 4,
    "10371.506205357144": 4,
    "10402.279642857144": 4,
    "10447.297053571428": 4,
    "10657.8271875": 4,
    "10847.7628125": 4,
    "11167.349717741936": 4,
    "11431.884166666667": 4,
    "11478.993229166668": 4,
    "11539.562023809523": 4,
    "10048.693333333335": 3,
    "10555.255580357145": 3,
    "10752.490669642857": 3,
    "10914.673950892857": 3,
    "10972.8075": 3,
    "11027.381071428572": 3,
    "11254.091309523808": 3,
    "11267.885915178571": 3,
    "11477.871584821429": 3,
    "15225.033333333335": 3,
    "10422.0334375": 2,
    "10523.087901785717": 2,
    "10553.241250000001": 2,
    "10651.93234375": 2,
    "10666.478928571429": 2,
    "10696.073258928573": 2,
    "10725.196830357145": 2,
    "10737.828638392859": 2,
    "10781.31142857143": 2,
    "10966.852991071428": 2,
    "11061.777903225808": 2,
    "11259.609151785715": 2,
    "11271.648080357145": 2,
    "11277.667544642856": 2,
    "11279.172410714285": 2,
    "11282.934575892856": 2,
    "11458.224717741936": 2,
    "11460.711468750002": 2,
    "11526.904955357144": 2,
    "11715.572380952382": 2,
    "10301.034013157894": 1,
    "10356.87990131579": 1,
    "10424.879151785715": 1,
    "10716.775625": 1,
    "10735.79125": 1,
    "10763.092254464285": 1,
    "10780.776785714286": 1,
    "10841.808303571428": 1,
    "11231.016696428573": 1,
    "11237.036160714286": 1,
    "11418.42443452381": 1,
    "11476.46048387097": 1,
    "11487.966383928573": 1,
    "11615.833839285715": 1,
    "11641.257777777779": 1,
    "11642.75330357143": 1,
    "11696.179556451614": 1
  },
  "source": {
    "analyze": "dark",
    "fontface": "Consolas-Regular",
    "fontsize": 14,
    "language": "c",
    "theme": "Nord"
  },