{
  "colors": {
    "#d8dee9": 5265,
    "#81a1c1": 3462,
    "#eceff4": 2917,
    "#88c0d0": 421,
    "#b48ead": 243,
    "#616e88": 223,
    "#a3be8c": 102,
    "#5e81ac": 38,
    "#8fbcbb": 26,
    "#ebcb8b": 24
  },
  "cccts": {
    "11306.26": 10526,
    "0.0": 6194,
    "10994.460259740259": 2360,
    "11408.588095238096": 2349,
    "11115.715714285714": 1678,
    "11029.104675324674": 1634,
    "11423.726753246752": 1273,
    "10916.510324675324": 1245,
    "11011.782467532468": 1243,
    "11089.732402597403": 1212,
    "11279.993246753247": 1095,
    "10968.47694805195": 1069,
    "11473.705974025974": 984,
    "11219.648961038962": 939,
    "11170.625151515153": 923,
    "11422.541926406926": 857,
    "11378.04523809524": 803,
    "11455.100865800865": 785,
    "10996.237489177489": 736,
    "11015.613896103896": 736,
    "11290.208095238097": 689,
    "11410.674891774892": 669,
    "11063.74909090909": 636,
    "11288.0191991342": 601,
    "11298.963679653682": 575,
    "11334.167662337664": 555,
    "10899.188116883117": 527,
    "11282.911774891776": 499,
    "11380.680432900434": 470,
    "11436.495757575758": 466,
    "10812.577077922077": 447,
    "11459.619372294374": 444,
    "11387.834134199134": 438,
    "11433.515649350651": 417,
    "11417.200822510824": 411,
    "11273.426558441559": 393,
    "11487.659805194806": 372,
    "10925.171428571426": 364,
    "11281.452510822512": 329,
    "11431.844480519481": 326,
    "11397.62303030303": 299,
    "10865.295064935064": 297,
    "10959.815844155844": 297,
    "10890.527012987011": 267,
    "11277.804350649352": 257,
    "11394.360064935066": 257,
    "10951.15474025974": 254,
    "11271.967294372296": 222,
    "11524.870021645022": 222,
    "10976.861082251084": 204,
    "11054.36670995671": 204,
    "11003.121363636365": 194,
    "11464.40341991342": 191,
    "10933.832532467533": 189,
    "11037.765779220781": 189,
    "11285.830303030301": 188,
    "11036.78142857143": 175,
    "10855.882597402597": 170,
    "11566.731515151518": 162,
    "11055.087987012988": 157,
    "11020.44357142857": 156,
    "11453.093441558442": 144,
    "10914.291168831169": 142,
    "10802.222467532469": 141,
    "11271.237662337662": 137,
    "11264.670974025974": 128,
    "11000.03435064935": 125,
    "11381.308203463203": 124,
    "11492.249025974026": 119,
    "10944.667857142857": 113,
    "10730.55577922078": 109,
    "11443.304545454546": 109,
    "10828.54798701299": 107,
    "11441.147034632035": 106,
    "11417.890649350647": 105,
    "11462.882337662337": 99,
    "11329.100757575758": 96,
    "10889.793116883116": 95,
    "10873.204805194806": 91,
    "11449.830476190475": 89,
    "11483.008528138529": 88,
    "10918.731861471862": 76,
    "11083.431320346319": 76,
    "11282.182142857144": 75,
    "11338.889653679655": 70,
    "10963.287272727272": 67,
    "11413.937857142857": 66,
    "10985.799155844155": 65,
    "11238.442575757575": 65,
    "10755.05383116883": 63,
    "10608.065519480519": 57,
    "11351.941515151517": 57,
    "11400.885995670997": 57,
    "11081.0712987013": 51,
    "11274.156190476191": 48,
    "11399.28554112554": 48,
    "11228.754372294374": 44,
    "11325.837792207793": 42,
    "11459.752142857144": 40,
    "11510.91619047619": 40,
    "10864.543701298702": 39,
    "10942.493636363637": 39,
    "11407.411926406927": 38,
    "11427.193203463205": 37,
    "11285.100670995671": 36,
    "10718.306753246752": 32,
    "11245.63227272727": 32,
    "11475.934199134199": 32,
    "11571.38279220779": 32,
    "11115.369610389609": 31,
    "11501.613636363636": 31,
    "11478.35725108225": 29,
    "11548.126406926405": 29,
    "13596.452207792208": 29,
    "11220.516818181817": 28,
    "11280.72287878788": 28,
    "11091.50831168831": 27,
    "11332.363722943723": 27,
    "11404.148961038962": 27,
    "10957.968095238097": 26,
    "11232.765844155845": 26,
    "11277.074718614718": 26,
    "11352.772770562771": 26,
    "11279.263614718615": 25,
    "11436.778614718614": 24,
    "10907.84922077922": 23,
    "11268.319134199133": 23,
    "11275.615454545454": 23,
    "11529.521298701298": 22,
    "11426.98971861472": 20,
    "10688.833441558443": 19,
    "12578.589004329004": 19,
    "11134.773636363638": 18,
    "13138.413766233767": 18,
    "11157.126883116884": 17,
    "11208.267792207791": 17,
    "12425.909523809523": 17,
    "11175.022857142858": 16,
    "11276.345086580086": 16,
    "10767.302857142857": 15,
    "11246.606753246753": 15,
    "11440.04158008658": 15,
    "11019.924415584415": 14,
    "11025.889740259741": 14,
    "11446.567510822511": 14,
    "10902.042142857143": 13,
    "10966.236493506492": 13,
    "10791.80090909091": 12,
    "11420.463787878789": 12,
    "13698.238528138529": 12,
    "10951.038246753247": 11,
    "11183.76974025974": 11,
    "11274.885822510823": 11,
    "11456.356406926407": 10,
    "10804.049935064935": 9,
    "10669.310649350648": 8,
    "10824.137142857142": 8,
    "10816.298961038961": 7,
    "11269.778398268398": 7,
    "11371.377878787878": 7,
    "11469.408268398269": 7,
    "13291.093246753248": 7,
    "10853.046038961038": 6,
    "10938.789220779221": 6,
    "11384.57116883117": 6,
    "10926.540194805195": 5,
    "10966.582532467533": 5,
    "10867.966493506492": 4,
    "11254.293376623378": 4,
    "11283.641406926406": 4,
    "11391.0970995671": 4,
    "10578.01329004329": 3,
    "11103.438961038963": 3,
    "11110.275584415585": 3,
    "11185.004545454547": 3,
    "11269.048766233767": 3,
    "11272.696926406927": 3,
    "11287.289567099568": 3,
    "11472.671233766234": 3,
    "12731.268484848484": 3,
    "10742.804805194806": 2,
    "10877.54409090909": 2,
    "10977.138051948052": 2,
    "11010.411883116885": 2,
    "11073.612337662338": 2,
    "11278.533982683983": 2,
    "11413.239372294373": 2,
    "11492.311082251083": 2,
    "11520.218744588745": 2,
    "10681.559675324675": 1,
    "10779.551883116885": 1,
    "10878.923831168833": 1,
    "10975.5362987013": 1,
    "11061.27948051948": 1,
    "11358.467445887445": 1,
    "11488.986060606061": 1,
    "11515.567467532468": 1
  },
  "source": {
    "analyze": "dark",
    "fontface": "Consolas-Regular",
    "fontsize": 14,
    "language": "c",
    "theme": "Nord"
  },
  "average": 10015.601864709195,
  "diff65": 54.08618253398762
}
