{
  "colors": {
    "#4c505e": 3117,
    "#484c61": 2406,
    "#5a4a78": 1300,
    "#343b58": 1099,
    "#34548a": 915,
    "#965027": 272,
    "#8f5e15": 228,
    "#9699a3": 223,
    "#565f89": 165,
    "#343b59": 133,
    "#485e30": 115,
    "#166775": 15,
    "#0f4b6e": 10,
    "#8c4351": 2
  },
  "cccts": {
    "73907.515": 1399,
    "3704.915": 1205,
    "21846.45": 988,
    "32085.93": 934,
    "21390.62": 821,
    "2159.6254166666663": 759,
    "49271.676666666666": 750,
    "2574.429166666667": 736,
    "2746.0577777777776": 736,
    "2748.6141666666667": 733,
    "2469.943333333333": 695,
    "92384.39375": 654,
    "31268.564038461536": 652,
    "1567.4640384615384": 599,
    "51324.663194444445": 596,
    "6178.63": 586,
    "27766.670192307694": 576,
    "14564.3": 563,
    "7067.865": 555,
    "15171.145833333334": 533,
    "34900.77097222222": 528,
    "63958.4264423077": 526,
    "9242.728846153846": 515,
    "15151.689166666667": 481,
    "2614.0357692307693": 476,
    "2591.5505000000003": 470,
    "3348.673173076923": 444,
    "7723.2875": 442,
    "4013.6579166666666": 409,
    "1749.5431944444445": 385,
    "4711.91": 381,
    "13574.816538461539": 376,
    "22281.895833333332": 366,
    "4119.086666666666": 363,
    "34759.7575": 361,
    "5020.136875": 347,
    "80066.47458333333": 338,
    "45165.703611111116": 334,
    "3975.6740624999998": 326,
    "6693.515833333333": 324,
    "13350.608333333335": 324,
    "2572.8576388888887": 304,
    "2917.686388888889": 299,
    "16991.683333333334": 294,
    "2644.165": 286,
    "2881.6005555555557": 286,
    "23666.9875": 285,
    "29000.744423076925": 270,
    "66801.02317307693": 268,
    "50472.395": 266,
    "40107.4125": 263,
    "2161.2004166666666": 257,
    "3126.02203125": 256,
    "24955.723333333335": 256,
    "5251.550480769231": 252,
    "5148.858333333334": 251,
    "5346.891346153847": 249,
    "57483.622777777775": 249,
    "14667.796666666665": 232,
    "4290.715277777777": 229,
    "19745.82980769231": 224,
    "5277.579791666666": 222,
    "43678.03413461538": 214,
    "2362.4173529411764": 204,
    "3089.315": 204,
    "4122.921249999999": 200,
    "2264.1147222222226": 198,
    "40507.00341346154": 188,
    "35050.274305555555": 184,
    "19608.068333333336": 181,
    "17766.22956730769": 180,
    "1995.1826041666668": 171,
    "17585.55778846154": 171,
    "5584.530961538461": 169,
    "4505.251041666666": 165,
    "13445.480277777779": 161,
    "17112.429444444446": 161,
    "2767.511354166667": 151,
    "1762.7766666666666": 146,
    "3206.1764423076925": 144,
    "63090.493749999994": 143,
    "3604.200833333334": 142,
    "501.2921875": 141,
    "890.6045673076924": 131,
    "3775.829444444445": 131,
    "543.2984615384615": 128,
    "28520.826666666664": 126,
    "1284.16": 125,
    "1420.2174166666668": 124,
    "27662.754951923078": 121,
    "10923.225": 120,
    "2030.5784134615387": 119,
    "4805.601111111111": 119,
    "1118.6851923076922": 116,
    "856.1066666666667": 115,
    "65695.56888888888": 114,
    "719.2453125": 113,
    "62537.12807692307": 110,
    "1485.2475961538462": 109,
    "2864.512083333333": 105,
    "10082.976923076923": 105,
    "11763.473076923077": 104,
    "2831.872083333333": 101,
    "2389.9183653846153": 100,
    "33648.26333333333": 100,
    "606.4088888888889": 97,
    "7712.963942307692": 94,
    "23835.169583333332": 94,
    "1836.2256944444443": 93,
    "5492.115555555555": 93,
    "1248.6334722222223": 91,
    "10389.689305555556": 90,
    "3386.3645192307695": 88,
    "10316.379166666668": 87,
    "5228.071538461539": 84,
    "60049.8559375": 82,
    "3218.0364583333335": 81,
    "3134.928076923077": 79,
    "9308.409423076922": 77,
    "23834.186527777776": 77,
    "2089.830735294118": 76,
    "3634.4882352941177": 76,
    "1111.2923076923078": 75,
    "22001.695": 73,
    "4631.14375": 70,
    "27149.633076923077": 70,
    "1282.4705769230768": 69,
    "61589.59583333333": 69,
    "3732.9222916666663": 68,
    "43112.71708333334": 64,
    "50811.4165625": 64,
    "4376.529583333334": 61,
    "1636.079861111111": 60,
    "2355.955": 60,
    "2288.2197115384615": 59,
    "632.0640625": 58,
    "2537.1823076923074": 58,
    "1832.4094444444445": 55,
    "1542.4295833333333": 54,
    "1615.8786111111112": 54,
    "53890.89635416666": 54,
    "11106.668076923077": 52,
    "1492.2574305555556": 49,
    "4247.8081250000005": 48,
    "8799.264583333334": 48,
    "33104.40776041667": 48,
    "63129.33572916666": 47,
    "998.7911111111111": 46,
    "3293.2577777777774": 46,
    "29768.304652777777": 46,
    "6807.106666666667": 43,
    "5557.3724999999995": 42,
    "2056.572777777778": 40,
    "13864.093269230769": 40,
    "18485.457692307693": 40,
    "22059.076875": 40,
    "44652.456979166665": 40,
    "4762.693958333333": 39,
    "44864.35111111111": 38,
    "1391.1733333333334": 37,
    "703.8184615384616": 36,
    "12015.5475": 36,
    "784.7644444444445": 34,
    "2351.1960576923075": 33,
    "2547.1290625": 33,
    "11973.535096153848": 32,
    "39256.30722222222": 32,
    "635.6165865384615": 31,
    "1160.683076923077": 31,
    "12743.7625": 31,
    "46902.8460576923": 31,
    "2138.7565384615386": 30,
    "72622.225": 30,
    "806.4265625": 29,
    "1133.3562499999998": 29,
    "2208.7078125": 29,
    "30844.241388888888": 29,
    "1196.3788020833333": 28,
    "1449.2058173076923": 28,
    "3282.3971875": 28,
    "52351.15645833334": 28,
    "891.7777777777778": 27,
    "1543.7145833333334": 27,
    "1646.6288888888887": 27,
    "1852.4575": 27,
    "10210.66": 27,
    "20362.224807692306": 27,
    "1727.7003333333332": 26,
    "2316.98625": 26,
    "2624.3147916666667": 26,
    "3010.2434375": 26,
    "3966.2475": 26,
    "12923.499583333334": 26,
    "27308.0625": 26,
    "18716.7925": 25,
    "3087.429166666667": 24,
    "33874.277708333335": 24,
    "15777.991666666667": 23,
    "21353.705576923076": 23,
    "25583.370576923076": 23,
    "2350.3688888888887": 22,
    "54678.42791666666": 22,
    "308.69230769230774": 21,
    "2960.5935416666666": 21,
    "1086.596923076923": 20,
    "45619.280096153845": 20,
    "5104.569166666666": 19,
    "56970.37614583334": 19,
    "1322.0825": 18,
    "1141.4755555555555": 17,
    "3921.053653846154": 17,
    "4462.343888888889": 17,
    "23173.171666666665": 17,
    "23865.96838541667": 16,
    "1028.286388888889": 15,
    "2237.3703846153844": 15,
    "3164.6148958333333": 15,
    "12763.325": 15,
    "53377.649722222224": 15,
    "1132.670673076923": 14,
    "1659.4931770833334": 14,
    "1993.5003846153845": 14,
    "2006.8289583333333": 14,
    "2015.909632352941": 14,
    "2225.068611111111": 14,
    "3241.800625": 14,
    "3403.046111111111": 14,
    "3664.818888888889": 14,
    "6239.847777777778": 14,
    "9228.86576923077": 14,
    "38493.497395833336": 14,
    "5596.227115384616": 13,
    "7090.73611111111": 13,
    "40214.3831617647": 13,
    "915.2878846153845": 12,
    "1605.2": 12,
    "1698.0860416666667": 12,
    "2701.500520833333": 12,
    "39263.36734375": 12,
    "3305.20625": 11,
    "2392.7576041666666": 10,
    "17457.265625000004": 10,
    "30724.787500000002": 10,
    "48414.816666666666": 10,
    "65639.31875": 10,
    "1775.2717708333334": 9,
    "1817.8634375": 9,
    "2148.3840625": 9,
    "2258.5576041666664": 9,
    "2488.614861111111": 9,
    "479.49687499999993": 8,
    "2238.386145833333": 8,
    "3361.9016176470586": 8,
    "2203.4708333333333": 7,
    "8495.841666666667": 7,
    "10503.100961538463": 7,
    "12132.787259615385": 7,
    "41008.8209375": 7,
    "1065.0109027777778": 6,
    "1101.7354166666667": 6,
    "1175.1844444444444": 6,
    "1709.9607692307693": 6,
    "1929.6432291666667": 6,
    "2855.8719791666667": 6,
    "444.5169230769231": 5,
    "675.6546875": 5,
    "927.448888888889": 5,
    "1597.5163541666666": 5,
    "17458.520735294118": 5,
    "17471.213653846153": 5,
    "38905.80447916667": 5,