{
  "colors": {
    "#484c61": 4166,
    "#4c505e": 3117,
    "#5a4a78": 1300,
    "#34548a": 1133,
    "#343b58": 1099,
    "#343b59": 604,
    "#965027": 272,
    "#8f5e15": 228,
    "#9699a3": 223,
    "#565f89": 165,
    "#485e30": 115,
    "#33635c": 20,
    "#166775": 15,
    "#0f4b6e": 10,
    "#8c4351": 2
  },
  "cccts": {
    "6783.42": 10526,
    "0.0": 6194,
    "17772.896103896102": 1426,
    "6832.231168831168": 1273,
    "6909.153333333333": 1269,
    "7169.48683982684": 1138,
    "11255.246493506493": 986,
    "13499.210952380952": 986,
    "6863.432121212121": 923,
    "9659.483376623377": 885,
    "8541.014285714286": 875,
    "6813.249047619047": 803,
    "8780.686233766233": 792,
    "10758.376883116884": 778,
    "14415.000627705627": 776,
    "7145.357662337662": 736,
    "16551.843203463206": 700,
    "6826.807705627706": 669,
    "9836.05225108225": 654,
    "7217.745194805194": 642,
    "7048.840952380952": 611,
    "12373.203116883116": 576,
    "7193.616017316018": 564,
    "9516.202857142856": 557,
    "17162.369653679652": 556,
    "6817.710909090909": 555,
    "9339.92077922078": 543,
    "7253.938961038962": 526,
    "20520.26512987013": 526,
    "11006.811688311689": 481,
    "9888.855064935065": 460,
    "6847.145692640692": 444,
    "6904.065887445888": 442,
    "6817.316645021645": 438,
    "6836.298766233766": 417,
    "6829.519437229438": 411,
    "18688.68577922078": 379,
    "6874.862424242424": 367,
    "11627.898701298702": 361,
    "7085.034718614718": 338,
    "7266.00354978355": 327,
    "6937.729090909092": 326,
    "6821.384242424244": 299,
    "6666.91948051948": 295,
    "9020.358181818183": 294,
    "9899.155324675325": 285,
    "15330.790303030304": 282,
    "14120.669610389608": 273,
    "12621.637922077922": 270,
    "21130.79158008658": 268,
    "8025.5940259740255": 263,
    "6820.028376623377": 257,
    "10261.507272727273": 256,
    "7326.3264935064935": 249,
    "8555.799523809523": 238,
    "9361.42658008658": 232,
    "10538.280519480519": 224,
    "7121.228484848486": 223,
    "7278.068138528139": 222,
    "7097.099307359307": 221,
    "15954.982012987011": 214,
    "11878.73222943723": 191,
    "24183.423831168828": 188,
    "7314.261904761905": 185,
    "6712.225238095237": 174,
    "7157.422251082251": 171,
    "13863.811948051949": 171,
    "7350.45567099567": 169,
    "12745.855324675325": 169,
    "7205.680606060606": 165,
    "21436.054805194806": 164,
    "6582.700952380952": 162,
    "9039.175757575758": 161,
    "7302.197316017317": 151,
    "7410.778614718615": 146,
    "6844.433961038962": 144,
    "8821.54489177489": 143,
    "6679.863982683983": 142,
    "6316.3437662337665": 141,
    "13305.419653679653": 137,
    "20215.001904761906": 134,
    "6454.970649350649": 130,
    "6702.516861471861": 125,
    "6814.604913419913": 124,
    "18400.73188311688": 121,
    "6860.704350649351": 119,
    "6491.465021645023": 116,
    "6448.3435714285715": 113,
    "6840.3663636363635": 109,
    "6657.211103896105": 107,
    "8700.795584415584": 105,
    "11257.296363636364": 104,
    "8061.670389610389": 103,
    "6631.322099567099": 100,
    "6848.501558441558": 99,
    "6473.217835497836": 97,
    "6792.911060606061": 96,
    "6673.391731601732": 95,
    "16857.106428571427": 95,
    "9925.36551948052": 94,
    "9522.551991341992": 90,
    "6843.078095238096": 89,
    "7471.101558441558": 88,
    "9499.702077922078": 87,
    "15636.05352813853": 86,
    "7386.649437229437": 81,
    "13713.044632034633": 78,
    "7133.293073593073": 77,
    "7060.905541125541": 76,
    "6372.858311688312": 75,
    "6926.298787878788": 74,
    "9683.677402597403": 73,
    "9819.264675324675": 72,
    "6796.9786580086575": 70,
    "12248.985714285714": 70,
    "18993.949004329006": 69,
    "10882.594285714287": 67,
    "6828.163571428572": 66,
    "6823.426060606061": 65,
    "7181.551428571429": 65,
    "6637.794350649351": 61,
    "6488.958896103895": 58,
    "7103.468484848485": 58,
    "6802.4021212121215": 57,
    "6822.740108225107": 57,
    "7362.5202597402595": 54,
    "17467.632878787877": 54,
    "11267.29476190476": 52,
    "6692.808484848486": 51,
    "6555.330173160173": 48,
    "8381.232987012987": 48,
    "9100.24883116883": 48,
    "19909.738679653678": 48,
    "7229.809783549784": 47,
    "19299.212229437228": 47,
    "6527.959393939394": 46,
    "6829.141212121212": 44,
    "6791.555194805195": 42,
    "22657.107705627706": 41,
    "9419.81142857143": 40,
    "10298.608571428571": 40,
    "6825.45183982684": 38,
    "6427.59987012987": 37,
    "6263.375194805196": 36,
    "12490.169696969699": 33,
    "6628.085974025974": 32,
    "6853.925021645023": 32,
    "11337.187012987013": 32,
    "18078.15932900433": 32,
    "6354.611125541125": 31,
    "7728.03645021645": 31,
    "10138.827272727272": 31,
    "17572.591168831168": 30,
    "6255.42077922078": 29,
    "6407.728246753247": 29,
    "6867.872121212121": 29,
    "7040.601818181818": 29,
    "6598.960844155845": 28,
    "6760.767121212121": 28,
    "7398.714025974025": 28,
    "19604.475454545456": 28,
    "6794.266926406927": 27,
    "6824.095974025974": 27,
    "7846.113506493506": 27,
    "6764.0032467532465": 26,
    "7582.3264935064935": 26,
    "10385.724675324675": 26,
    "12000.550909090907": 25,
    "6837.654632034633": 24,
    "8860.576883116884": 23,
    "14732.107077922077": 23,
    "10618.17116883117": 22,
    "7338.3910822510825": 21,
    "16246.579978354977": 21,
    "6381.981904761905": 20,
    "6833.587034632034": 20,
    "16362.60699134199": 20,
    "7006.310909090909": 19,
    "6738.114242424243": 18,
    "6757.530995670996": 17,
    "7521.401601731602": 17,
    "10013.07246753247": 17,
    "6345.487532467532": 16,
    "7000.595757575758": 16,
    "7432.843809523809": 16,
    "6641.030476190476": 15,
    "6839.010497835497": 15,
    "7078.6126406926405": 15,
    "14720.263852813854": 15,
    "22046.581255411253": 15,
    "6841.7222294372295": 14,
    "6932.013939393939": 14,
    "6943.4442424242425": 14,
    "6977.735151515152": 14,
    "6989.165454545455": 14,
    "8170.825411255411": 14,
    "8200.344675324675": 14,
    "8466.018051948051": 13,
    "6647.502727272727": 12,
    "6692.184069264069": 12,
    "6830.875303030302": 12,
    "22351.84448051948": 12,
    "6676.6278571428575": 11,
    "6689.572359307359": 11,
    "6751.058744588744": 11,
    "6845.789826839828": 10,
    "13376.802380952382": 10,
    "14275.89997835498": 10,
    "16373.794372294373": 10,
    "20869.28235930736": 10,
    "6650.738852813852": 9,
    "7290.132727272727": 9,
    "6336.651428571428": 8,
    "6615.141471861472": 8,
    "6653.97497835498": 7,
    "6851.21329004329": 7,
    "7901.8890909090915": 7,
    "6663.683354978355": 6,
    "6686.336233766234": 6,
    "6815.960779220779": 6,
    "14324.4820995671": 6,
    "17381.669437229437": 6,
    "6468.651233766234": 5,
    "6546.20658008658": 5,
    "6683.100108225109": 5,
    "11379.463896103896": 5,
    "13509.232142857143": 5,
    "20825.528354978353": 5,
    "6377.266753246754": 4,
    "6818.672510822511": 4,
    "6855.807532467533": 4,
    "6518.835800865801": 3,
    "6731.64199134199": 3,
    "6852.569155844156": 3,
    "6952.324242424243": 3,
    "7046.316969696971": 3,
    "7787.074978354979": 3,
    "8920.262575757575": 3,
    "13916.857121212122": 3,
    "14935.919567099567": 3,
    "15751.169523809525": 3,
    "6329.253636363636": 2,
    "6509.266558441559": 2,
    "6670.155606060605": 2,
    "7241.874372294372": 2,
    "7934.671298701299": 2,
    "8636.362229437229": 2,
    "10005.928225108224": 2,
    "12497.42051948052": 2,
    "16974.044458874458": 2,
    "17177.856948051947": 2,
    "18383.422554112552": 2,
    "6387.420584415585": 1,
    "6482.341428571429": 1,
    "6618.3775974025975": 1,
    "6644.266601731601": 1,
    "6696.044610389611": 1,
    "6718.69748917749": 1,
    "6805.113852813852": 1,
    "6859.348484848485": 1,
    "10378.499220779222": 1,