{
  "colors": {
    "#484c61": 4166,
    "#4c505e": 3117,
    "#5a4a78": 1300,
    "#34548a": 1133,
    "#343b58": 1099,
    "#343b59": 604,
    "#965027": 272,
    "#8f5e15": 228,
    "#9699a3": 223,
    "#565f89": 165,
    "#485e30": 115,
    "#33635c": 20,
    "#166775": 15,
    "#0f4b6e": 10,
    "#8c4351": 2
  },
  "cccts": {
    "6783.42": 10526,
    "0.0": 6194,
    "37004.47928571429": 1399,
    "6917.6507142857145": 1204,
    "19080.942857142858": 934,
    "14692.594285714287": 885,
    "14981.768571428573": 821,
    "7042.745000000001": 759,
    "7281.084285714285": 736,
    "7314.261904761905": 736,
    "7113.47": 733,
    "50855.798125": 654,
    "19294.288629032257": 652,
    "6838.988629032257": 599,
    "6872.907142857143": 596,
    "27770.26672619048": 596,
    "7977.814285714286": 586,
    "26930.792857142857": 586,
    "17196.645": 576,
    "12056.202857142858": 563,
    "7773.57": 555,
    "12275.902142857143": 533,
    "21054.47577380952": 528,
    "32373.833104838708": 526,
    "10057.648064516128": 515,
    "12590.583571428571": 481,
    "7277.873548387096": 476,
    "7085.965833333333": 470,
    "6902.134798387096": 444,
    "8525.244999999999": 442,
    "6928.836607142857": 391,
    "6846.806726190476": 385,
    "11874.33": 376,
    "7370.175555555556": 367,
    "15323.36642857143": 366,
    "20105.73642857143": 361,
    "7753.865357142857": 347,
    "25251.845119047623": 334,
    "7252.4384210526305": 326,
    "8077.347142857143": 324,
    "11616.804285714286": 324,
    "7579.682857142858": 309,
    "6876.635773809524": 304,
    "7347.439523809524": 299,
    "39522.90089285714": 297,
    "12935.0": 294,
    "6887.821666666667": 286,
    "15351.692142857144": 285,
    "6463.043571428572": 283,
    "17659.454999999998": 270,
    "33511.1847983871": 268,
    "26960.856428571427": 266,
    "24717.3075": 263,
    "6894.690197368422": 256,
    "16348.16": 256,
    "8643.77685483871": 252,
    "7778.748571428572": 251,
    "7794.802258064516": 249,
    "30288.68833333333": 249,
    "12100.558571428572": 232,
    "7612.860476190476": 229,
    "13778.361774193547": 224,
    "7803.631785714286": 222,
    "23869.152459677418": 214,
    "7236.294500000001": 204,
    "7375.6404999999995": 204,
    "7296.831111111111": 200,
    "6865.449880952381": 198,
    "22990.681633064516": 188,
    "20795.52863095238": 184,
    "14298.572857142859": 181,
    "13891.86808467742": 180,
    "7169.109821428572": 171,
    "13378.462500000001": 171,
    "7839.752580645161": 169,
    "7654.332500000001": 165,
    "26930.792857142853": 164,
    "11657.46369047619": 161,
    "12986.748333333331": 161,
    "7318.4091071428575": 151,
    "6861.7212500000005": 148,
    "6897.083104838709": 144,
    "36208.848125": 143,
    "6301.747633928571": 141,
    "7480.150000000001": 133,
    "6814.993084677419": 131,
    "7513.327619047619": 131,
    "6409.4998387096775": 128,
    "17714.55142857143": 126,
    "5880.1842857142865": 125,
    "6834.875107142857": 124,
    "17604.383891129033": 121,
    "6855.406633064516": 119,
    "7712.393333333333": 119,
    "6650.791048387096": 116,
    "6181.262857142858": 115,
    "6569.835714285715": 114,
    "33646.58380952381": 114,
    "6092.324866071429": 113,
    "31805.157258064515": 110,
    "6861.72125": 109,
    "7064.359516129032": 109,
    "6436.345535714286": 105,
    "10355.305161290324": 105,
    "10950.619354838707": 104,
    "14985.526666666665": 103,
    "7330.850714285714": 101,
    "6500.076330645161": 100,
    "20235.044285714284": 100,
    "6872.907142857142": 99,
    "6356.892023809524": 97,
    "9675.9825": 94,
    "15423.770178571429": 94,
    "6560.936369047619": 93,
    "7845.103809523809": 93,
    "6632.131130952381": 91,
    "10549.726488095239": 90,
    "7423.962096774194": 88,
    "10518.307857142858": 87,
    "7480.15": 85,
    "7772.327096774194": 84,
    "31338.030669642856": 82,
    "7405.500357142858": 81,
    "6894.557258064516": 79,
    "10085.191532258064": 77,
    "16311.653869047619": 77,
    "7184.039749999999": 76,
    "6018.583306451613": 75,
    "14759.127857142857": 73,
    "10679.420666666669": 72,
    "6979.173124999999": 70,
    "16965.239999999998": 70,
    "6828.885241935484": 69,
    "31967.636071428573": 69,
    "7505.033214285714": 68,
    "24412.37125": 64,
    "27560.39825892857": 64,
    "7629.449285714286": 61,
    "6979.878333333334": 60,
    "6512.133508064517": 59,
    "6176.093973214285": 58,
    "7081.529677419354": 58,
    "7003.453333333334": 55,
    "6587.634404761905": 54,
    "7579.682857142857": 54,
    "28819.6090625": 54,
    "10948.710000000001": 52,
    "6837.485148809523": 49,
    "7604.566071428571": 48,
    "9969.059642857143": 48,
    "10628.1575": 48,
    "20319.93613839286": 48,
    "32597.241473214286": 47,
    "6080.903333333334": 46,
    "6902.73619047619": 46,
    "18955.791101190476": 46,
    "7076.797777777778": 44,
    "8731.691428571428": 43,
    "6596.5337500000005": 42,
    "7018.32375": 42,
    "39522.900892857135": 41,
    "6534.238333333334": 40,
    "11694.762096774193": 40,
    "13331.87612903226": 40,
    "15237.966964285713": 40,
    "25041.976651785713": 40,
    "7704.0989285714295": 39,
    "24718.91904761905": 38,
    "5804.914642857143": 37,
    "6299.023427419355": 36,
    "11012.63125": 36,
    "6231.44261904762": 34,
    "6866.772943548387": 33,
    "6875.703616071428": 33,
    "6569.835714285714": 32,
    "11025.033629032258": 32,
    "22476.981666666667": 32,
    "5984.590564516129": 31,
    "6708.062641129032": 31,
    "11397.105000000001": 31,
    "25549.722943548386": 31,
    "7187.9729032258065": 30,
    "36453.64071428572": 30,
    "5694.421607142857": 29,
    "6008.555758928572": 29,
    "7048.63875": 29,
    "19114.075595238097": 29,
    "6611.6052217741935": 28,
    "6826.765334821429": 28,
    "7417.941964285715": 28,
    "28190.003660714283": 28,
    "6156.172976190476": 27,
    "6839.349464285714": 27,
    "6843.078095238095": 27,
    "6853.021111111111": 27,
    "9705.827142857142": 27,
    "14419.784999999998": 27,
    "6222.76125": 26,
    "6878.500089285714": 26,
    "6892.4824553571425": 26,
    "6990.88": 26,
    "7231.317857142857": 26,
    "11736.588928571427": 26,
    "18317.6325": 26,
    "13956.974999999999": 25,
    "6895.278928571429": 24,
    "20634.738839285714": 24,
    "12495.601428571428": 23,
    "15136.444758064516": 23,
    "17019.585241935485": 23,
    "6498.640952380952": 22,
    "6570.9653629032255": 21,
    "7355.733928571428": 21,
    "6035.579677419355": 20,
    "24628.51834677419": 20,
    "7396.370000000001": 19,
    "30078.81986607143": 19,
    "6928.836607142856": 18,
    "5980.54380952381": 17,
    "6617.298888888889": 17,
    "7525.100322580645": 17,
    "7646.038095238095": 17,
    "15664.964285714286": 17,
    "7062.12888888889": 16,
    "16542.303727678573": 16,
    "28642.30946428571": 16,
    "6518.162096774194": 15,
    "6658.829166666667": 15,
    "6898.075401785715": 15,
    "11045.26375": 15,
    "28609.740595238094": 15,
    "6843.544174107143": 14,
    "6855.848656250001": 14,
    "6856.128303571429": 14,
    "6905.2219444444445": 14,
    "6916.504677419354": 14,
    "7017.649032258064": 14,
    "7050.603333333334": 14,
    "7192.053333333333": 14,
    "7223.486666666667": 14,
    "7349.219999999999": 14,
    "8569.335476190477": 14,
    "9368.022016129033": 14,
    "22523.555044642857": 14,
    "8350.678669354838": 13,
    "8812.869404761905": 13,
    "23090.199906250004": 13,
    "5466.20125": 12,
    "6596.53375": 12,
    "6674.905403225806": 12,
    "6844.942410714286": 12,
    "6881.296562500001": 12,
    "22838.35774553571": 12,
    "6316.204374999999": 11,
    "6870.110669642857": 10,
    "13762.302560483871": 10,
    "19066.253306451614": 10,
    "26563.567142857148": 10,
    "33024.01842741935": 10,
    "6509.765133928572": 9,
    "6523.114151785713": 9,
    "6563.1612053571425": 9,
    "6847.738883928571": 9,
    "7264.495476190476": 9,
    "6322.689910714286": 8,