{
  "colors": {
    "#484c61": 4166,
    "#4c505e": 3117,
    "#5a4a78": 1300,
    "#34548a": 1133,
    "#343b58": 1099,
    "#343b59": 604,
    "#965027": 272,
    "#8f5e15": 228,
    "#9699a3": 223,
    "#565f89": 165,
    "#485e30": 115,
    "#33635c": 20,
    "#166775": 15,
    "#0f4b6e": 10,
    "#8c4351": 2
  },
  "cccts": {
    "6783.42": 10526,
    "0.0": 6194,
    "9766.004242424242": 1663,
    "6834.03898989899": 1557,
    "18179.913737373736": 1423,
    "11420.869696969698": 1369,
    "20316.756313131315": 1310,
    "6843.53005050505": 1103,
    "12290.391515151516": 964,
    "6840.3663636363635": 949,
    "7177.529898989898": 907,
    "7233.8313131313125": 899,
    "19604.475454545456": 897,
    "12000.550909090909": 869,
    "7205.680606060606": 843,
    "6916.7735353535345": 837,
    "6930.108888888889": 785,
    "7093.0777777777785": 736,
    "6863.432121212121": 723,
    "17467.63287878788": 708,
    "11769.386010101009": 654,
    "6836.761414141414": 620,
    "7318.283434343433": 615,
    "23878.160606060606": 609,
    "16043.07116161616": 596,
    "13739.594545454547": 576,
    "10325.238787878787": 567,
    "6824.547929292929": 560,
    "7459.03696969697": 554,
    "7374.584848484848": 549,
    "7290.132727272728": 538,
    "9206.769696969697": 533,
    "10138.827272727274": 513,
    "6980.47494949495": 442,
    "6830.875303030303": 426,
    "6853.021111111111": 408,
    "9791.094343434343": 405,
    "9579.592727272728": 393,
    "22453.59888888889": 375,
    "10551.347878787878": 366,
    "13159.913333333332": 359,
    "11131.029090909093": 340,
    "6956.779595959595": 326,
    "6662.604646464646": 302,
    "7261.98202020202": 282,
    "15819.107020202018": 282,
    "6639.951767676767": 277,
    "8812.304242424243": 263,
    "18892.194595959594": 256,
    "9952.415757575758": 252,
    "10167.053636363637": 251,
    "7627.941212121213": 249,
    "28151.845757575764": 233,
    "7149.379191919193": 229,
    "18196.919393939395": 217,
    "6890.102828282829": 200,
    "6442.805858585859": 198,
    "6837.202676767677": 189,
    "10884.473333333332": 185,
    "12965.73217171717": 184,
    "6647.5027272727275": 175,
    "21741.318030303028": 173,
    "6859.348484848485": 172,
    "6143.728636363637": 170,
    "7346.434141414141": 170,
    "7430.886262626263": 167,
    "9603.114696969697": 163,
    "6400.229090909092": 160,
    "7402.735555555555": 155,
    "7515.338383838384": 151,
    "14392.419595959596": 150,
    "10112.357323232323": 143,
    "15478.638181818184": 142,
    "8647.53515151515": 139,
    "6796.074747474748": 138,
    "6378.9407070707075": 137,
    "23165.879747474744": 132,
    "6815.056868686869": 129,
    "6878.3306060606055": 122,
    "7796.845454545454": 121,
    "21050.294242424243": 121,
    "15343.544545454546": 115,
    "6670.155606060606": 114,
    "6464.094242424243": 113,
    "8461.123636363638": 105,
    "12748.588484848486": 104,
    "6617.2988888888885": 102,
    "6238.497727272727": 100,
    "11710.710303030304": 99,
    "6685.257525252525": 94,
    "6856.1847979797985": 94,
    "6846.693737373738": 88,
    "9393.181212121212": 79,
    "6272.498787878788": 75,
    "10355.033282828283": 73,
    "6805.565808080808": 70,
    "13449.75393939394": 70,
    "7121.228484848486": 68,
    "6602.19696969697": 66,
    "6849.857424242425": 66,
    "21029.037171717173": 61,
    "6943.444242424243": 60,
    "6499.112727272727": 58,
    "7210.151313131313": 58,
    "6827.711616161616": 57,
    "6753.216161616162": 54,
    "12580.23212121212": 52,
    "6655.053686868688": 48,
    "9020.358181818183": 48,
    "25302.72232323232": 48,
    "6996.785656565657": 47,
    "6823.42606060606": 44,
    "6802.4021212121215": 43,
    "11070.88484848485": 40,
    "12870.072727272729": 40,
    "15330.790303030302": 40,
    "7543.489090909091": 39,
    "13916.85712121212": 39,
    "6144.768484848486": 36,
    "6896.022828282828": 33,
    "7885.472525252526": 33,
    "7143.4745454545455": 32,
    "12375.765454545455": 32,
    "6315.075555555555": 31,
    "14609.116363636364": 31,
    "5930.498181818182": 29,
    "6624.849848484849": 29,
    "6818.220555555556": 29,
    "8092.107373737374": 29,
    "7023.456363636365": 28,
    "7571.639797979798": 28,
    "6506.671010101009": 27,
    "6556.8912121212115": 27,
    "6792.91106060606": 27,
    "7487.187676767677": 27,
    "32425.53090909091": 27,
    "8088.300606060606": 26,
    "26015.00318181818": 22,
    "6421.517474747475": 21,
    "17245.794444444444": 21,
    "6293.787171717172": 20,
    "17972.190101010103": 20,
    "20070.084494949497": 20,
    "6738.114242424243": 18,
    "6760.76712121212": 17,
    "6868.839545454545": 16,
    "6970.1149494949495": 16,
    "8298.742222222221": 16,
    "16755.352020202023": 16,
    "24590.441464646465": 16,
    "6609.74792929293": 15,
    "7265.567979797979": 15,
    "8023.229090909092": 15,
    "6285.882272727274": 14,
    "6632.400808080809": 14,
    "6808.729494949494": 14,
    "6865.675858585859": 14,
    "6875.166919191919": 14,
    "7010.12101010101": 14,
    "7036.791717171717": 14,
    "7816.594242424243": 14,
    "7678.837676767676": 13,
    "8849.768484848486": 13,
    "26727.28404040404": 13,
    "6634.401313131313": 12,
    "6730.563282828283": 11,
    "6677.7065656565655": 10,
    "6897.312727272727": 10,
    "14867.982070707072": 10,
    "16294.669494949492": 10,
    "17272.89196969697": 10,
    "18671.488232323234": 10,
    "22167.97888888889": 10,
    "6821.384242424243": 9,
    "6862.512171717171": 9,
    "16770.231969696968": 9,
    "6120.036363636364": 8,
    "6579.544090909091": 7,
    "6707.9104040404045": 7,
    "7901.8890909090915": 7,
    "6692.808484848485": 6,
    "6700.359444444444": 6,
    "6811.893181818183": 6,
    "6357.6523232323225": 5,
    "6511.585454545454": 5,
    "19623.606818181815": 5,
    "6214.805454545454": 4,
    "6872.003232323232": 4,
    "7064.927070707071": 4,
    "7954.350808080808": 4,
    "23903.669090909094": 4,
    "6380.651363636363": 3,
    "6952.3242424242435": 3,
    "9632.543434343435": 3,
    "17721.35691919192": 3,
    "18672.48186868687": 3,
    "6161.409545454546": 2,
    "6262.19": 2,
    "6309.574545454546": 2,
    "6594.64601010101": 2,
    "20099.16929292929": 2,
    "6564.442171717172": 1,
    "6571.993131313131": 1,
    "6587.0950505050505": 1,
    "6884.65797979798": 1,
    "7599.790505050505": 1,
    "11257.296363636364": 1,
    "13441.294646464647": 1,
    "19148.044343434343": 1
  },
  "source": {
    "analyze": "light",
    "fontface": "Consolas-Regular",
    "fontsize": 14,
    "language": "c",
    "theme": "Tokyo Night"
  },
  "average": 8786.10868682482,
  "diff65": 35.170902874228005,
  "cctbg": 6783.42
}
