{
  "colors": {
    "#5c6166": 7268,
    "#ed9366": 1161,
    "#fa8d3e": 710,
    "#a37acc": 500,
    "#399ee6": 444,
    "#f2ae49": 421,
    "#787b80": 223,
    "#86b300": 174,
    "#4cbf99": 52,
    "#55b4d4": 15
  },
  "cccts": {
    "6577.75": 10526,
    "0.0": 6194,
    "6621.234761904761": 2745,
    "6641.000562770562": 2254,
    "6648.906883116883": 2230,
    "6644.953722943723": 1350,
    "6621.112857142857": 1273,
    "6666.696103896104": 1170,
    "6627.164502164502": 1164,
    "6288.811818181818": 1095,
    "6654.836623376624": 1032,
    "6597.515800865801": 927,
    "6604.249523809523": 803,
    "6637.047402597403": 736,
    "6605.422121212121": 726,
    "6401.176666666667": 689,
    "6616.294761904763": 669,
    "6366.043333333333": 664,
    "6231.320909090909": 632,
    "6377.098484848485": 601,
    "6633.094242424242": 590,
    "6497.489393939394": 575,
    "6337.174242424242": 545,
    "6320.916060606061": 499,
    "6670.649264069264": 496,
    "6589.609480519481": 474,
    "6437.476060606061": 470,
    "6634.362619047619": 444,
    "6607.863095238095": 438,
    "13205.42142857143": 423,
    "6624.726428571428": 417,
    "6618.7038095238095": 411,
    "6690.415064935064": 411,
    "16217.99935064935": 404,
    "6216.577272727273": 393,
    "6269.81303030303": 381,
    "6656.8132034632035": 373,
    "17423.030519480522": 356,
    "6664.719523809524": 344,
    "6304.863939393939": 329,
    "6341.037727272727": 326,
    "6611.476666666667": 299,
    "6436.749220779221": 295,
    "6264.733636363636": 257,
    "6610.272142857143": 257,
    "6308.305151515152": 254,
    "6658.789783549783": 254,
    "6672.625844155845": 251,
    "6629.1410822510825": 250,
    "14109.194805194806": 250,
    "6202.451818181818": 237,
    "6200.525151515152": 222,
    "6522.916363636364": 218,
    "15012.968181818183": 201,
    "6646.930303030303": 194,
    "6639.0239826839825": 189,
    "6662.742943722944": 189,
    "6353.020303030303": 188,
    "6491.5828571428565": 174,
    "6680.532164502164": 170,
    "20736.86623376623": 169,
    "6086.791212121212": 162,
    "8768.58238095238": 162,
    "6642.977142857143": 155,
    "6635.070822510823": 154,
    "6631.953571428571": 144,
    "6452.415974025975": 142,
    "18326.8038961039": 142,
    "11158.581341991343": 141,
    "6192.499090909091": 137,
    "10162.748441558442": 130,
    "6120.264545454546": 128,
    "6479.832792207792": 125,
    "6605.454047619048": 124,
    "6250.56696969697": 122,
    "6646.407857142857": 119,
    "9764.415281385282": 116,
    "9863.99857142857": 114,
    "6628.34": 109,
    "6424.999155844155": 107,
    "6367.339090909091": 105,
    "6393.665649350649": 100,
    "6635.567142857143": 99,
    "6591.5860606060605": 97,
    "9963.581861471863": 97,
    "6586.181666666667": 96,
    "6444.5825974025975": 95,
    "6676.579004329004": 91,
    "6630.749047619048": 89,
    "6244.599393939394": 88,
    "6525.147272727273": 85,
    "6358.57196969697": 81,
    "6623.211341991342": 76,
    "6312.89": 75,
    "11058.99805194805": 75,
    "6589.795238095238": 70,
    "6617.499285714285": 66,
    "6125.467575757576": 65,
    "6650.883463203463": 65,
    "6401.499025974025": 61,
    "6546.416493506494": 61,
    "9465.665411255412": 61,
    "6594.613333333333": 57,
    "6612.681190476191": 57,
    "16820.514935064937": 55,
    "6468.082727272727": 51,
    "6384.873333333333": 50,
    "6224.6033333333335": 48,
    "6402.407575757576": 48,
    "9067.33225108225": 48,
    "15314.225974025974": 48,
    "9366.082121212123": 46,
    "6584.977142857143": 42,
    "6154.336666666667": 40,
    "6260.19": 40,
    "6660.766363636364": 39,
    "6678.555584415585": 39,
    "6615.090238095238": 38,
    "10461.498311688312": 38,
    "6344.994242424242": 36,
    "12253.997532467532": 36,
    "6389.748961038961": 32,
    "6640.3852380952385": 32,
    "6173.582727272727": 31,
    "7589.0407359307355": 31,
    "11258.164632034634": 31,
    "6144.713636363636": 29,
    "6791.548116883117": 29,
    "10262.331731601731": 29,
    "11756.081082251083": 29,
    "6296.837878787879": 28,
    "6354.498766233766": 28,
    "6550.333181818182": 28,
    "10959.414761904762": 28,
    "6587.386190476191": 27,
    "6613.885714285715": 27,
    "6660.268571428572": 27,
    "7715.4520779220775": 27,
    "6256.707575757576": 26,
    "6554.24987012987": 26,
    "9590.327922077922": 26,
    "23749.444155844154": 26,
    "6280.785757575758": 25,
    "6625.9309523809525": 24,
    "6160.394848484848": 23,
    "6240.655454545455": 23,
    "6668.672683982684": 23,
    "14410.452597402596": 23,
    "21038.124025974026": 22,
    "6622.3173809523805": 20,
    "6724.032922077922": 19,
    "7367.820887445888": 17,
    "6248.681515151515": 16,
    "6682.773636363636": 16,
    "7273.01238095238": 16,
    "11357.747922077922": 16,
    "6405.415714285715": 15,
    "6627.135476190476": 15,
    "6893.778354978355": 15,
    "6262.1336363636365": 14,
    "6279.667878787879": 14,
    "6332.270606060606": 14,
    "6349.804848484848": 14,
    "6629.5445238095235": 14,
    "8063.083268398268": 14,
    "8094.686103896104": 14,
    "8379.111623376622": 13,
    "6413.249090909091": 12,
    "6619.908333333333": 12,
    "7573.5829004329": 12,
    "6232.629393939394": 11,
    "6448.499285714285": 11,
    "6464.166038961039": 11,
    "6538.583116883116": 11,
    "6633.1580952380955": 10,
    "6417.165779220779": 9,
    "6754.039675324675": 9,
    "6374.082207792208": 8,
    "6176.44696969697": 7,
    "6421.0824675324675": 7,
    "6455.010303030303": 7,
    "6637.976190476191": 7,
    "6029.237272727273": 6,
    "6432.8325324675325": 6,
    "6460.249350649351": 6,
    "6606.658571428571": 6,
    "6456.332662337662": 5,
    "6750.288831168831": 5,
    "9166.915541125541": 5,
    "9664.831991341991": 5,
    "6328.942121212121": 4,
    "6609.06761904762": 4,
    "10561.081601731603": 4,
    "6168.420909090909": 3,
    "6208.551212121212": 3,
    "6369.072424242424": 3,
    "6515.082987012986": 3,
    "6639.180714285715": 3,
    "7652.246406926407": 3,
    "6135.090606060606": 2,
    "6192.828787878788": 2,
    "6272.759696969697": 2,
    "6356.420303030303": 2,
    "6440.665909090909": 2,
    "6652.860043290043": 2,
    "6701.527857142857": 2,
    "6712.78038961039": 2,
    "6746.537987012986": 2,
    "7810.260584415583": 2,
    "9266.49883116883": 2,
    "6377.998896103896": 1,
    "6409.3324025974025": 1,
    "6471.999415584415": 1,
    "6499.416233766234": 1,
    "6597.02238095238": 1,
    "6645.203333333333": 1,
    "20134.35064935065": 1
  },
  "source": {
    "analyze": "light",
    "fontface": "Consolas-Regular",
    "fontsize": 14,
    "language": "c",
    "theme": "Ayu"
  },
  "average": 6275.515535987166,
  "diff65": -3.4536071386589846
}
