{
  "colors": {
    "#5c6166": 5327,
    "#ed9366": 1161,
    "#fa8d3e": 710,
    "#a37acc": 500,
    "#399ee6": 444,
    "#f2ae49": 421,
    "#787b80": 223,
    "#86b300": 174,
    "#4cbf99": 52,
    "#55b4d4": 15
  },
  "cccts": {
    "3745.465": 2109,
    "2496.9766666666665": 1487,
    "3567.12": 1205,
    "3241.2677884615387": 1170,
    "1584.6198076923076": 1107,
    "1434.855": 1074,
    "1768.6918055555557": 1068,
    "2184.8545833333337": 928,
    "4681.83125": 927,
    "2601.0173611111113": 893,
    "1716.6714583333332": 874,
    "4057.5870833333333": 794,
    "1560.6104166666669": 736,
    "1664.651111111111": 736,
    "2378.08": 695,
    "1065.955": 632,
    "1509.1661538461537": 599,
    "1793.56875": 575,
    "956.5699999999999": 547,
    "3385.324134615385": 496,
    "1263.67": 484,
    "996.4270833333333": 482,
    "2060.0057500000003": 474,
    "5618.1975": 474,
    "2913.1394444444445": 466,
    "3224.127692307692": 444,
    "450.9809615384615": 428,
    "48586.28333333333": 424,
    "607.0540384615384": 419,
    "2052.802932692308": 411,
    "3864.3799999999997": 409,
    "3043.1903125": 407,
    "2288.895277777778": 405,
    "1241.7014423076923": 393,
    "1684.4733333333331": 385,
    "710.6366666666665": 381,
    "72879.425": 356,
    "1066.2215625000001": 326,
    "677.5704166666667": 317,
    "2477.1666666666665": 304,
    "3121.2208333333338": 297,
    "2384.12": 286,
    "2774.4266666666667": 286,
    "740.2465277777777": 283,
    "3329.302222222222": 282,
    "900.3521634615386": 271,
    "876.8558333333334": 270,
    "256.2391826923077": 262,
    "2080.82": 257,
    "3009.7574999999997": 256,
    "829.0761111111111": 254,
    "3199.2513541666667": 254,
    "1554.42625": 251,
    "50610.711805555555": 250,
    "44537.426388888896": 249,
    "1154.784583333333": 237,
    "651.4169444444444": 236,
    "3169.2396153846153": 229,
    "1296.888173076923": 222,
    "1432.0895588235294": 204,
    "1872.7325": 204,
    "56683.99722222223": 201,
    "2086.105": 200,
    "2179.9066666666668": 198,
    "2731.0682291666667": 194,
    "1677.6561979166668": 189,
    "1209.4730729166668": 186,
    "1115.9983333333334": 174,
    "30833.602884615386": 174,
    "65871.78798076924": 169,
    "680.4376923076923": 162,
    "1589.4133333333332": 146,
    "3086.9307692307693": 144,
    "78952.71041666667": 142,
    "12598.544687500002": 141,
    "631.835": 136,
    "857.4807692307693": 131,
    "786.4109134615386": 128,
    "11123.798653846154": 128,
    "26292.615": 125,
    "1367.396": 124,
    "503.36763888888885": 122,
    "344.9170673076923": 119,
    "1955.056153846154": 119,
    "1008.6661538461537": 116,
    "17528.41": 115,
    "18076.1728125": 113,
    "583.2323076923078": 105,
    "2582.796666666666": 105,
    "2575.0071875000003": 101,
    "2154.877692307692": 100,
    "12415.957083333335": 97,
    "1655.6388888888887": 93,
    "1125.8344444444444": 91,
    "1296.5071153846154": 91,
    "1950.7630208333335": 91,
    "2262.8851041666667": 90,
    "1275.4266666666665": 89,
    "1895.505": 85,
    "3018.3323076923075": 79,
    "2653.0377083333337": 78,
    "1266.8484558823532": 76,
    "2203.214705882353": 76,
    "22753.22451923077": 75,
    "4458.9": 70,
    "1234.7723076923075": 69,
    "28483.66625": 66,
    "963.4593269230769": 65,
    "1508.5900694444445": 64,
    "1192.06": 62,
    "438.77430555555554": 60,
    "2063.1807692307693": 59,
    "1456.5697222222223": 58,
    "15885.1215625": 58,
    "34415.28402777778": 55,
    "1390.7366666666667": 54,
    "1456.9622222222222": 54,
    "2376.9297115384616": 54,
    "986.4628125": 50,
    "1436.7566666666667": 49,
    "29354.212847222225": 48,
    "2705.0580555555557": 46,
    "3170.773333333333": 46,
    "20449.81166666667": 46,
    "2887.1292708333335": 45,
    "7059.419999999999": 43,
    "5350.68": 42,
    "676.4714423076922": 40,
    "901.961923076923": 40,
    "1854.3155555555554": 40,
    "1989.77828125": 39,
    "836.9987500000001": 37,
    "695.0185000000001": 36,
    "1214.1080769230769": 36,
    "14410.375528846156": 36,
    "16067.70916666667": 34,
    "2263.7492307692305": 33,
    "2452.395": 33,
    "573.1057692307692": 31,
    "621.8070833333334": 31,
    "23764.478942307695": 31,
    "1404.549375": 30,
    "499.66640624999997": 29,
    "1165.8196875": 29,
    "2277.435": 29,
    "20267.2240625": 29,
    "1046.2484375": 28,
    "1151.8825": 28,
    "1306.6811538461538": 28,
    "1486.3": 27,
    "1585.3866666666665": 27,
    "1783.56": 27,
    "10589.13": 27,
    "18258.760416666668": 27,
    "1195.7125": 26,
    "1523.6173333333331": 26,
    "2526.71": 26,
    "2898.285": 26,
    "3576.18": 26,
    "39943.53100961539": 26,
    "91099.28125": 26,
    "910.5810576923077": 25,
    "2972.6": 24,
    "1794.701979166667": 23,
    "52635.14027777778": 23,
    "2119.2177777777774": 22,
    "6320.3401442307695": 21,
    "2037.9736029411763": 20,
    "22247.597307692307": 20,
    "496.6805769230769": 19,
    "4501.596666666666": 19,
    "577.9277083333334": 18,
    "866.8915625": 18,
    "1106.0340625000001": 18,
    "23371.213333333333": 17,
    "1225.6053124999999": 16,
    "3231.9155555555553": 16,
    "927.1577777777777": 15,
    "2017.3323076923075": 15,
    "3046.915": 15,
    "13236.412499999999": 15,
    "303.76682692307696": 14,
    "534.6296153846154": 14,
    "596.7330555555556": 14,
    "912.6505555555556": 14,
    "982.8544444444445": 14,
    "1597.7725": 14,
    "1932.1899999999998": 14,
    "1940.9329411764704": 14,
    "3121.23": 14,
    "6471.135": 14,
    "9570.944423076922": 14,
    "5803.657788461539": 13,
    "7353.562499999999": 13,
    "657.641875": 12,
    "825.2723076923077": 12,
    "1016.355625": 12,
    "1634.9299999999998": 12,
    "2601.0249999999996": 12,
    "32865.76875": 12,
    "642.69546875": 11,
    "2980.1499999999996": 11,
    "2303.765": 10,
    "1639.0825": 9,
    "1709.2450000000001": 9,
    "1937.0974999999999": 9,
    "2036.4358333333332": 9,
    "3755.77": 9,
    "2155.1349999999998": 8,
    "12050.781875": 8,
    "491.42722222222227": 7,
    "607.5336538461539": 7,
    "780.7299264705882": 7,
    "1986.7666666666667": 7,
    "584.2253365384615": 6,
    "747.3203125000001": 6,
    "960.2705555555556": 6,
    "993.3833333333333": 6,
    "1059.6088888888887": 6,
    "1646.363076923077": 6,
    "1857.875": 6,
    "2749.655": 6,
    "1440.4058333333332": 5,
    "1991.0908333333332": 5,
    "9101.289807692308": 5,
    "16980.647187500002": 5,
    "18989.110833333336": 5,
    "1311.266": 4,
    "1387.2133333333334": 4,
    "1688.7516666666668": 4,
    "1837.7591666666667": 4,
    "1961.9160000000002": 4,
    "2545.4639423076924": 4,
    "2576.253333333333": 4,
    "21910.5125": 4,
    "762.26671875": 3,
    "769.8720833333333": 3,
    "1036.2841666666666": 3,
    "1895.0325": 3,
    "2418.9461458333335": 3,
    "5000.4225": 3,
    "10590.081041666668": 3,
    "360.54360294117646": 2,
    "463.33859375000003": 2,
    "510.77010416666667": 2,
    "538.0706250000001": 2,
    "567.9634374999999": 2,
    "627.0323529411764": 2,
    "687.5346875": 2,
    "926.6771875000001": 2,
    "1117.5562499999999": 2,
    "1297.2417647058821": 2,
    "1482.5798958333332": 2,
    "1512.9992307692305": 2,
    "1539.7441666666666": 2,
    "1714.9615384615386": 2,
    "1738.4208333333331": 2,
    "2856.7825": 2,
    "3595.95": 2,
    "4155.32": 2,
    "4480.016538461538": 2,
    "9412.56": 2,
    "11471.557499999999": 2,
    "14789.5959375": 2,
    "64781.71111111111": 2,
    "1033.1186666666667": 1,
    "1067.8870833333333": 1,
    "1146.2115384615383": 1,
    "1238.5833333333333": 1,
    "1375.069375": 1,
    "1494.6406250000002": 1,
    "1758.0199999999998": 1,
    "1899.845625": 1,
    "1920.756923076923": 1,
    "2006.5049999999999": 1,
    "2011.60125": 1,
    "2028.7935416666667": 1,
    "3418.4900000000002": 1,
    "3715.75": 1,
    "16685.69798076923": 1,
    "21362.7496875": 1,
    "63068.73317307693": 1
  },
  "source": {
    "analyze": "light",