{
  "colors": {
    "#5c6166": 7268,
    "#ed9366": 1161,
    "#fa8d3e": 710,
    "#a37acc": 500,
    "#399ee6": 444,
    "#f2ae49": 421,
    "#787b80": 223,
    "#86b300": 174,
    "#4cbf99": 52,
    "#55b4d4": 15
  },
  "cccts": {
    "6577.75": 10526,
    "0.0": 6194,
    "6773.431428571428": 2109,
    "6708.204285714286": 1487,
    "6696.997857142856": 1204,
    "6743.4479838709685": 1170,
    "6658.757903225806": 1107,
    "5783.17": 1074,
    "6670.155119047619": 1068,
    "6691.8975": 928,
    "6863.11875": 927,
    "6713.639880952381": 893,
    "6667.4373214285715": 874,
    "6789.738214285714": 794,
    "6659.283928571428": 736,
    "6664.719523809523": 736,
    "6657.248571428571": 695,
    "5625.07": 632,
    "6627.116048387097": 599,
    "5418.9875": 575,
    "6750.8123387096775": 496,
    "6025.958333333333": 482,
    "6682.385208333333": 474,
    "6920.1925": 474,
    "5677.658888888889": 470,
    "6729.946666666667": 466,
    "6683.213830645162": 444,
    "6183.360967741935": 428,
    "6248.810967741936": 419,
    "6682.692056451612": 411,
    "6048.03": 410,
    "6736.741160714286": 407,
    "6697.333095238095": 405,
    "26460.764285714286": 402,
    "5904.9201612903225": 393,
    "6706.935178571428": 391,
    "6634.061488095239": 385,
    "5942.63": 381,
    "36402.27142857143": 356,
    "5858.26927631579": 326,
    "6202.531666666667": 317,
    "6660.5610119047615": 304,
    "6740.817857142857": 297,
    "6670.498333333333": 286,
    "5916.166666666667": 283,
    "6189.997857142857": 283,
    "6751.689047619047": 282,
    "6623.777217741936": 271,
    "6092.173333333333": 270,
    "6353.665322580645": 262,
    "6676.600197368421": 256,
    "5836.776666666667": 254,
    "6744.894553571428": 254,
    "5716.955": 251,
    "27289.223214285714": 250,
    "24803.84642857143": 249,
    "5545.68": 237,
    "5995.556666666666": 236,
    "6739.765806451613": 229,
    "5875.016612903226": 222,
    "6651.945875": 204,
    "6674.775375": 204,
    "29774.600000000006": 201,
    "6225.900833333333": 200,
    "6650.623690476191": 198,
    "6720.434375": 194,
    "6665.398973214286": 189,
    "6640.938794642857": 186,
    "5959.743333333334": 174,
    "18924.460483870967": 174,
    "32954.813306451615": 169,
    "6120.4456451612905": 162,
    "6647.31125": 148,
    "6319.248571428571": 146,
    "6678.7260080645165": 144,
    "38887.64821428571": 142,
    "11301.732321428572": 141,
    "6048.030000000001": 137,
    "6605.798891129032": 131,
    "6151.624435483872": 128,
    "10659.05870967742": 128,
    "16436.495714285717": 125,
    "6623.461678571429": 124,
    "6127.873333333333": 122,
    "6390.852822580645": 119,
    "6641.701471774194": 119,
    "6417.228951612903": 116,
    "13355.637678571427": 113,
    "6647.311250000001": 109,
    "6157.685178571429": 105,
    "6185.774838709677": 105,
    "6712.280982142857": 101,
    "6234.818669354839": 100,
    "13150.247142857144": 99,
    "11233.26880952381": 97,
    "6308.477678571428": 93,
    "6394.644821428572": 91,
    "6644.029193548387": 91,
    "6679.667410714285": 91,
    "6695.974196428571": 90,
    "5871.456666666667": 89,
    "6150.206722222222": 88,
    "5058.8462500000005": 85,
    "6676.482096774193": 79,
    "6716.3576785714295": 78,
    "6643.3848125": 76,
    "6691.897500000001": 76,
    "14925.881451612904": 75,
    "6751.653125": 70,
    "6618.140403225807": 69,
    "5735.191612903226": 65,
    "6656.566130952381": 64,
    "6376.693333333333": 61,
    "6276.380208333333": 60,
    "6249.411491935484": 59,
    "6653.848333333333": 58,
    "12534.075535714286": 58,
    "20661.551785714288": 55,
    "6340.790357142857": 54,
    "6699.261854838709": 54,
    "6031.47625": 50,
    "6625.780386904762": 49,
    "6155.832291666667": 48,
    "18590.404464285715": 48,
    "6683.748095238095": 46,
    "6719.0754761904755": 46,
    "14245.663333333336": 46,
    "6728.587767857143": 45,
    "6351.56125": 42,
    "6786.43375": 42,
    "5788.971935483871": 40,
    "5986.166451612903": 40,
    "6276.165": 40,
    "6681.705758928571": 39,
    "6114.245": 37,
    "17258.05785714286": 37,
    "5919.871935483871": 36,
    "6113.6405208333335": 36,
    "11864.899919354839": 36,
    "12602.539047619048": 34,
    "6022.0199999999995": 33,
    "6651.799072580645": 33,
    "6659.732901785714": 33,
    "6486.544858870968": 31,
    "15296.909516129033": 31,
    "6651.1305357142855": 30,
    "5932.1537499999995": 29,
    "6131.181250000001": 29,
    "6776.892600806452": 29,
    "8663.537142857142": 29,
    "14177.19982142857": 29,
    "17258.057857142856": 29,
    "5998.368750000001": 28,
    "6369.802278225807": 28,
    "6616.257120535714": 28,
    "6627.436607142858": 27,
    "6630.749047619048": 27,
    "6639.582222222222": 27,
    "9706.430714285714": 27,
    "13424.10119047619": 27,
    "5899.18375": 26,
    "5915.599999999999": 26,
    "6662.217232142857": 26,
    "6674.638883928571": 26,
    "6713.905642857143": 26,
    "22572.352217741933": 26,
    "50071.84375": 26,
    "6084.341451612903": 25,
    "6677.123214285714": 24,
    "6671.514017857144": 23,
    "28117.682142857142": 23,
    "6233.081428571428": 22,
    "26460.76428571429": 22,
    "8896.675403225807": 21,
    "6683.3364375": 20,
    "14740.36741935484": 20,
    "6308.618064516129": 19,
    "6980.028035714286": 19,
    "5965.2612500000005": 18,
    "6097.691250000001": 18,
    "6257.710833333333": 18,
    "6706.935178571429": 18,
    "15341.079523809525": 17,
    "5899.04625": 16,
    "6866.565": 16,
    "13150.247142857143": 16,
    "6256.707903225807": 15,
    "6426.9575": 15,
    "6679.607544642857": 15,
    "11140.409375": 15,
    "5709.805": 14,
    "5902.681666666666": 14,
    "5950.900833333333": 14,
    "6167.887083333333": 14,
    "6218.4394354838705": 14,
    "6373.596270161291": 14,
    "6631.163102678571": 14,
    "6642.094156249999": 14,
    "6642.342589285714": 14,
    "6685.956388888889": 14,
    "8489.721547619047": 14,
    "8663.537142857143": 14,
    "9344.782137096774": 14,
    "8255.631189516129": 13,
    "8750.44494047619": 13,
    "6014.9225": 12,
    "6213.5675": 12,
    "6351.561250000001": 12,
    "6446.414596774194": 12,
    "6632.405267857143": 12,
    "6664.701562499999": 12,
    "20955.0875": 12,
    "6012.278125": 11,
    "6221.844375": 11,
    "6654.764241071428": 10,
    "6246.545044642858": 9,
    "6262.701383928571": 9,
    "6311.170401785714": 9,
    "6634.889598214286": 9,
    "6906.16060483871": 9,
    "6649.795580357143": 8,
    "11096.341785714287": 8,
    "6149.007875": 7,
    "6169.4425403225805": 7,
    "6240.215833333334": 7,
    "6254.623214285714": 7,
    "6066.8369354838715": 6,
    "6163.90625": 6,
    "6405.415714285715": 6,
    "6416.186607142858": 6,
    "6421.572053571428": 6,
    "6631.603870967742": 6,
    "6639.858258928572": 6,
    "6669.670223214285": 6,
    "6343.483080357143": 5,
    "6755.680669642857": 5,
    "9917.002580645161": 5,
    "12944.856607142856": 5,
    "13697.955238095237": 5,
    "6278.857723214285": 4,
    "6303.092232142857": 4,
    "6370.4103125": 4,
    "6624.124166666667": 4,
    "6641.514479166667": 4,
    "6663.873452380953": 4,
    "7313.662802419355": 4,
    "14793.371428571429": 4,
    "6003.886666666666": 3,
    "6155.6293749999995": 3,
    "6175.636666666666": 3,
    "6452.538370535714": 3,
    "6641.100424107143": 3,
    "6704.127589285715": 3,
    "8055.182559523809": 3,
    "10548.63369047619": 3,
    "6064.58375": 2,
    "6121.2575": 2,
    "6197.01375": 2,
    "6258.20525": 2,
    "6263.22875": 2,
    "6279.7825": 2,
    "6295.014062499999": 2,
    "6321.166875": 2,
    "6327.326741071428": 2,
    "6336.968427419354": 2,
    "6368.52540625": 2,
    "6395.991183035714": 2,
    "6633.847782258064": 2,
    "6655.207232142857": 2,
    "6833.041830357143": 2,
    "6892.185685483872": 2,
    "6949.083571428571": 2,
    "7872.956532258065": 2,
    "9358.799523809523": 2,
    "9967.154107142856": 2,
    "12123.294464285715": 2,
    "33088.43571428572": 2,