{
  "colors": {
    "#5c6166": 8357,
    "#a37acc": 1276,
    "#ed9366": 1161,
    "#fa8d3e": 710,
    "#399ee6": 590,
    "#f2ae49": 424,
    "#787b80": 223,
    "#86b300": 174,
    "#4cbf99": 52,
    "#55b4d4": 15
  },
  "cccts": {
    "6577.75": 10526,
    "0.0": 6194,
    "6651.542323232323": 2051,
    "6665.378383838383": 1574,
    "6622.7188888888895": 1557,
    "6628.482222222222": 1495,
    "17824.707575757577": 1166,
    "6218.490202020203": 1116,
    "6631.150555555556": 1103,
    "6660.766363636363": 1084,
    "6646.930303030303": 1075,
    "6278.110404040404": 1037,
    "6221.92797979798": 1006,
    "6688.438484848485": 961,
    "6628.34": 949,
    "6642.318282828283": 922,
    "10760.248181818182": 784,
    "10295.526161616162": 755,
    "6610.034141414141": 749,
    "6605.422121212122": 726,
    "6674.602424242425": 687,
    "6637.706262626263": 652,
    "6240.655454545455": 589,
    "6446.657676767677": 578,
    "6596.198080808081": 571,
    "6614.287222222223": 560,
    "6679.214444444444": 509,
    "6373.183838383838": 506,
    "6151.12898989899": 492,
    "19933.51212121212": 487,
    "6296.837878787878": 482,
    "6334.292828282828": 482,
    "6623.870202020203": 474,
    "19230.577272727274": 463,
    "6656.154343434344": 452,
    "10063.165151515152": 443,
    "15715.903030303029": 443,
    "6128.2906060606065": 426,
    "6619.908333333334": 426,
    "12154.414242424242": 423,
    "10992.609191919193": 409,
    "6639.582222222222": 408,
    "6173.5827272727265": 407,
    "6716.110606060605": 340,
    "6311.813989898989": 326,
    "6165.745555555556": 320,
    "6240.943939393939": 310,
    "6431.52696969697": 302,
    "17121.772727272728": 298,
    "6285.851414141414": 283,
    "6404.110151515152": 277,
    "6196.036464646464": 262,
    "6669.990404040404": 244,
    "6683.826464646465": 239,
    "23448.186363636367": 224,
    "11922.053232323233": 201,
    "6504.638484848484": 200,
    "6625.529444444444": 189,
    "6697.662525252525": 189,
    "6413.249090909091": 175,
    "11498.29393939394": 175,
    "6645.203333333334": 172,
    "12851.497272727273": 170,
    "13548.580303030305": 163,
    "5923.138282828282": 162,
    "6259.3829292929295": 154,
    "6015.925757575757": 152,
    "27665.795454545456": 152,
    "6743.782727272727": 143,
    "6588.992222222222": 138,
    "6605.855555555555": 129,
    "6662.066666666667": 122,
    "6440.66590909091": 114,
    "22042.31666666667": 112,
    "6332.270606060606": 108,
    "6083.767777777778": 105,
    "6393.640454545455": 105,
    "6376.693333333334": 102,
    "6291.357373737374": 95,
    "6458.9437878787885": 94,
    "6642.392777777778": 94,
    "6633.094242424242": 90,
    "6633.961111111112": 88,
    "6495.923535353536": 85,
    "11689.692222222222": 83,
    "6184.47303030303": 82,
    "9598.443131313132": 75,
    "6597.4238888888885": 70,
    "6358.415454545455": 66,
    "6636.7716666666665": 66,
    "6550.333181818181": 61,
    "9366.082121212121": 58,
    "6617.097777777778": 57,
    "6541.1942424242425": 54,
    "6147.018080808081": 50,
    "10527.887171717173": 49,
    "6422.388030303031": 48,
    "6702.274545454546": 45,
    "6594.613333333333": 43,
    "6061.3140404040405": 40,
    "6706.886565656566": 39,
    "6203.200505050505": 38,
    "8204.27707070707": 38,
    "6814.053181818182": 34,
    "7757.589191919192": 33,
    "5971.499090909091": 31,
    "6693.050505050505": 31,
    "6385.8322727272725": 29,
    "6608.666111111111": 29,
    "7978.80904040404": 29,
    "14942.746363636365": 29,
    "6209.5309090909095": 28,
    "6250.444141414141": 28,
    "6303.581818181818": 27,
    "6586.181666666666": 27,
    "6674.0216666666665": 26,
    "6072.108181818181": 21,
    "6717.781515151515": 21,
    "6353.020303030303": 18,
    "6522.916363636364": 18,
    "6653.635": 16,
    "6735.285454545455": 16,
    "8200.028888888888": 16,
    "18527.642424242425": 16,
    "6109.563131313132": 15,
    "6367.554393939394": 15,
    "7093.929646464647": 15,
    "7905.069090909091": 15,
    "6189.074292929293": 14,
    "6229.987525252525": 14,
    "6394.971212121212": 14,
    "6600.234444444444": 14,
    "6650.824444444444": 14,
    "6659.256111111111": 14,
    "7683.849242424242": 14,
    "11457.331212121213": 14,
    "7536.369343434343": 13,
    "8789.948484848484": 13,
    "11224.970202020202": 12,
    "6090.835656565657": 11,
    "6513.777424242424": 11,
    "6449.804848484849": 10,
    "6678.929999999999": 10,
    "5903.560909090909": 9,
    "6611.4766666666665": 9,
    "6648.013888888889": 9,
    "6770.293333333334": 9,
    "13083.858282828285": 8,
    "6330.998636363636": 7,
    "6455.0103030303035": 7,
    "6486.360606060605": 7,
    "5904.137878787879": 6,
    "6468.0827272727265": 6,
    "6477.221666666666": 6,
    "6603.044999999999": 6,
    "20636.446969696968": 6,
    "6248.748181818181": 5,
    "6053.380707070706": 4,
    "6656.445555555555": 4,
    "7831.329141414141": 4,
    "6315.565353535353": 2,
    "6349.276515151515": 2,
    "6761.541363636364": 2,
    "6787.797272727272": 2,
    "22745.251515151518": 2,
    "6312.7207575757575": 1,
    "6321.859696969696": 1,
    "6340.137575757576": 1,
    "6667.687777777777": 1,
    "6709.029545454546": 1,
    "6711.498585858586": 1
  },
  "source": {
    "analyze": "light",
    "fontface": "Consolas-Regular",
    "fontsize": 14,
    "language": "c",
    "theme": "Ayu"
  },
  "average_cct": 6863.530242262288,
  "average_cct_without_background": 3273.6327793718797,
  "diff65": 5.592772957881355,
  "background_cct": 6577.75
}
