{
  "colors": {
    "#fcfcfa": 5085,
    "#939293": 3885,
    "#ff6188": 1871,
    "#78dce8": 467,
    "#a9dc76": 413,
    "#ab9df2": 315,
    "#fc9867": 257,
    "#727072": 223,
    "#ffd866": 115
  },
  "cccts": {
    "6791.73": 10526,
    "0.0": 6194,
    "6763.321948051948": 2230,
    "6766.478398268398": 1518,
    "6774.369523809523": 1516,
    "6770.88038961039": 1273,
    "6778.386666666666": 1229,
    "6756.219935064934": 1170,
    "6772.002186147186": 1164,
    "6764.900173160173": 1146,
    "6677.055194805195": 1095,
    "6760.954610389611": 1032,
    "6783.838874458875": 927,
    "6783.238787878788": 923,
    "6778.988571428571": 803,
    "6772.321515151515": 736,
    "6773.534545454545": 736,
    "6550.93619047619": 714,
    "6721.650952380952": 689,
    "6773.197012987013": 669,
    "6397.703766233766": 646,
    "6518.100670995671": 626,
    "6712.094718614718": 601,
    "6769.634848484848": 590,
    "6759.875887445888": 551,
    "6689.7968398268395": 499,
    "6754.64170995671": 496,
    "6616.607229437229": 470,
    "6788.090909090909": 470,
    "6764.509675324674": 444,
    "7048.545714285713": 439,
    "6777.251103896104": 438,
    "7165.28012987013": 435,
    "6769.142922077923": 417,
    "6746.750584415585": 411,
    "6772.038701298701": 411,
    "6648.386493506493": 393,
    "7211.973896103896": 383,
    "6441.484458874458": 381,
    "6757.009047619047": 344,
    "6496.210324675325": 326,
    "6683.426017316017": 320,
    "6775.513636363636": 299,
    "6760.165497835496": 297,
    "6539.855454545455": 295,
    "6485.265151515152": 268,
    "7083.566038961038": 267,
    "6776.092792207792": 257,
    "6759.3763852813845": 254,
    "6753.852597402597": 251,
    "6364.868246753246": 237,
    "6667.498961038961": 236,
    "6642.015670995671": 222,
    "7118.586363636364": 212,
    "6771.108484848485": 204,
    "6775.960606060606": 204,
    "6764.111060606061": 194,
    "6757.798160173159": 189,
    "6767.26751082251": 189,
    "7340.381753246753": 183,
    "6702.538484848485": 177,
    "6637.806666666666": 174,
    "6750.696147186147": 170,
    "7246.994220779221": 165,
    "6583.395714285714": 163,
    "6178.8003030303025": 162,
    "6765.689285714285": 155,
    "6768.845735930736": 154,
    "6765.6679870129865": 144,
    "15922.938095238096": 144,
    "6567.841515151515": 142,
    "6638.830259740259": 137,
    "6419.594112554112": 136,
    "6450.819350649351": 132,
    "6610.161558441558": 128,
    "6616.817121212121": 125,
    "6778.409415584415": 124,
    "6758.718116883117": 119,
    "6488.698311688312": 116,
    "13342.379285714287": 113,
    "6767.405454545453": 109,
    "6518.865909090909": 107,
    "6529.045844155844": 105,
    "6462.893787878787": 100,
    "6763.930519480519": 99,
    "6469.758831168831": 97,
    "6787.675909090909": 96,
    "6553.848484848485": 95,
    "6752.2743722943715": 91,
    "6766.2471428571425": 89,
    "6375.813419913419": 88,
    "6726.058961038961": 85,
    "6365.591688311688": 77,
    "6767.469393939393": 76,
    "6777.7801515151505": 76,
    "6785.938441558442": 70,
    "7188.627012987013": 67,
    "6772.617857142856": 66,
    "6251.954805194806": 65,
    "6277.30686147186": 65,
    "6686.611428571428": 65,
    "6762.532835497836": 65,
    "6787.484393939394": 65,
    "6908.464415584415": 65,
    "6526.577272727272": 62,
    "6476.886818181817": 61,
    "12548.361190476191": 58,
    "6774.9344805194805": 57,
    "6783.6218181818185": 57,
    "7130.259805194804": 57,
    "6595.827575757576": 51,
    "6554.986493506493": 48,
    "6572.826536796537": 48,
    "6771.213073593073": 46,
    "6651.571904761904": 44,
    "6786.877878787879": 44,
    "6788.255064935064": 42,
    "6310.14238095238": 40,
    "6346.652207792207": 40,
    "6430.539285714285": 40,
    "6751.48525974026": 39,
    "6758.587272727272": 39,
    "7457.116168831169": 39,
    "6773.776168831168": 38,
    "6422.41012987013": 37,
    "7352.055194805195": 36,
    "6455.897272727272": 32,
    "6761.613896103895": 32,
    "6786.206212121212": 32,
    "6332.032727272726": 31,
    "6764.436818181817": 29,
    "14136.397380952381": 29,
    "17113.96523809524": 29,
    "6392.928636363636": 28,
    "6742.754393939394": 28,
    "6699.353073593073": 27,
    "6774.355324675324": 27,
    "6787.096753246753": 27,
    "6749.750909090909": 26,
    "11158.829523809525": 26,
    "6768.563766233765": 24,
    "6657.942727272726": 23,
    "6755.430822510822": 23,
    "7095.23948051948": 23,
    "6375.061428571428": 20,
    "6770.301233766234": 20,
    "14533.40642857143": 20,
    "6673.869783549783": 19,
    "6693.778787878788": 18,
    "7258.667662337662": 18,
    "6735.757878787879": 17,
    "6337.182467532467": 16,
    "6483.883333333332": 15,
    "6626.088614718615": 15,
    "6767.98461038961": 15,
    "7200.300454545455": 15,
    "7270.341103896104": 15,
    "6507.155497835498": 14,
    "6766.826298701298": 14,
    "6680.240606060606": 13,
    "6497.876363636363": 12,
    "6697.032597402597": 12,
    "6771.459545454545": 12,
    "6560.845": 11,
    "6588.83106060606": 11,
    "6721.764848484848": 11,
    "6765.08883116883": 10,
    "7176.953571428571": 10,
    "6504.872878787878": 9,
    "6427.911212121212": 8,
    "6664.313549783548": 8,
    "7398.74896103896": 8,
    "15525.929047619047": 8,
    "6511.869393939393": 7,
    "6638.497575757576": 7,
    "6762.772207792207": 7,
    "7293.687987012986": 7,
    "6167.8551298701295": 6,
    "6532.858939393939": 6,
    "6581.834545454545": 6,
    "6777.830259740259": 6,
    "7223.647337662337": 6,
    "6545.516753246753": 5,
    "6574.83803030303": 5,
    "12945.37023809524": 5,
    "6632.459437229437": 4,
    "6654.757316017315": 4,
    "6776.671948051948": 4,
    "6786.995324675324": 4,
    "7153.606688311688": 4,
    "7305.3614285714275": 4,
    "14731.910952380951": 4,
    "6479.228571428572": 3,
    "6517.107532467532": 3,
    "6679.785757575756": 3,
    "6708.909307359307": 3,
    "6762.193051948052": 3,
    "6780.6824242424245": 3,
    "7375.402077922077": 3,
    "7387.075519480519": 3,
    "6288.252034632033": 2,
    "6353.923073593072": 2,
    "6356.121948051948": 2,
    "6539.991017316017": 2,
    "6546.85196969697": 2,
    "6761.743722943723": 2,
    "7235.3207792207795": 2,
    "7328.708311688311": 2,
    "12151.352142857142": 2,
    "6434.907727272726": 1,
    "6490.879848484848": 1,
    "6602.824090909091": 1,
    "6645.201082251081": 1,
    "6651.799696969696": 1,
    "6661.128138528138": 1,
    "6759.297272727273": 1,
    "6782.4635064935055": 1,
    "7317.03487012987": 1
  },
  "source": {
    "analyze": "dark",
    "fontface": "Consolas-Regular",
    "fontsize": 14,
    "language": "c",
    "theme": "Monokai Pro"
  },
  "average": 6079.799880243062,
  "diff65": -6.464617227029814
}
