{
  "colors": {
    "#fcfcfa": 5085,
    "#939293": 3885,
    "#ff6188": 1871,
    "#78dce8": 467,
    "#a9dc76": 413,
    "#ab9df2": 315,
    "#fc9867": 257,
    "#727072": 223,
    "#ffd866": 115
  },
  "cccts": {
    "6791.73": 10526,
    "0.0": 6194,
    "6762.269797979798": 2665,
    "6756.74601010101": 2165,
    "6758.587272727272": 1820,
    "6770.108181818181": 1557,
    "6747.539696969698": 1531,
    "6776.162777777778": 1495,
    "6383.1102020202015": 1144,
    "6766.0540909090905": 1103,
    "6764.111060606059": 1039,
    "6672.80797979798": 1022,
    "6650.510101010101": 1006,
    "7227.538484848485": 1005,
    "6767.405454545454": 949,
    "6778.841161616161": 927,
    "6767.793585858585": 893,
    "6771.917171717171": 736,
    "6783.238787878788": 723,
    "6753.063484848484": 687,
    "6459.726414141413": 609,
    "6736.492121212121": 593,
    "6751.222222222223": 584,
    "6657.942727272727": 583,
    "6774.1622727272725": 560,
    "6739.701616161616": 551,
    "6786.069191919191": 535,
    "6306.493989898989": 506,
    "6536.342626262626": 506,
    "6760.428535353534": 493,
    "6680.240606060605": 482,
    "6695.105858585857": 482,
    "6777.577979797979": 470,
    "6332.032727272727": 435,
    "6771.459545454544": 426,
    "6762.0": 408,
    "6770.501969696969": 408,
    "6613.34696969697": 405,
    "7282.0145454545445": 372,
    "6749.380959595959": 322,
    "6628.212222222222": 317,
    "6408.648939393938": 310,
    "6530.526767676767": 302,
    "6481.551161616161": 277,
    "6357.571464646464": 276,
    "7200.300454545453": 270,
    "7145.824393939392": 263,
    "6754.904747474747": 255,
    "6438.19303030303": 200,
    "6780.408383838383": 200,
    "7309.252575757576": 197,
    "6743.857171717171": 189,
    "6768.756818181818": 189,
    "6765.952323232323": 186,
    "6394.000909090909": 176,
    "6497.876363636364": 175,
    "19297.515": 173,
    "6759.297272727274": 172,
    "5974.4904040404035": 162,
    "6769.0867676767675": 152,
    "6725.444545454546": 143,
    "6568.751212121211": 138,
    "6786.324545454544": 138,
    "6371.904848484848": 137,
    "6665.375353535353": 132,
    "6778.216363636364": 129,
    "6751.189090909091": 122,
    "6460.289090909089": 114,
    "6546.85196969697": 114,
    "6485.265151515152": 108,
    "7390.966666666666": 106,
    "6229.877777777778": 105,
    "6561.881363636364": 105,
    "6432.575555555555": 102,
    "17444.806111111113": 100,
    "6434.187676767677": 95,
    "6579.502373737372": 94,
    "6760.648636363636": 94,
    "6769.634848484849": 90,
    "6764.702727272726": 88,
    "6689.57505050505": 85,
    "6261.424545454545": 77,
    "6782.2704545454535": 70,
    "6399.925151515151": 66,
    "6763.351363636363": 66,
    "6982.396212121212": 65,
    "12349.856666666667": 58,
    "6772.810909090908": 57,
    "6726.429191919192": 54,
    "7608.870909090909": 53,
    "6514.201565656565": 48,
    "6742.015909090908": 45,
    "6787.484393939393": 44,
    "6620.779595959595": 43,
    "6783.621818181818": 43,
    "6635.644848484848": 42,
    "6204.33904040404": 40,
    "6305.616666666667": 40,
    "7363.728636363637": 40,
    "6740.174646464646": 39,
    "6128.848181818182": 36,
    "6784.364949494949": 36,
    "6195.136363636362": 31,
    "6745.698434343434": 31,
    "6643.077474747474": 30,
    "6448.900757575757": 29,
    "6753.519545454545": 29,
    "6776.865": 29,
    "23466.11": 29,
    "6301.973939393939": 27,
    "6504.481212121211": 27,
    "6787.675909090908": 27,
    "7254.776515151515": 26,
    "11886.679444444446": 26,
    "6416.09696969697": 21,
    "6283.520606060606": 20,
    "7445.442727272728": 19,
    "14202.565555555555": 19,
    "6693.778787878788": 18,
    "6742.754393939394": 17,
    "6755.243181818181": 16,
    "6416.2503535353535": 15,
    "6465.2259595959595": 14,
    "6752.540454545453": 14,
    "6756.5945454545445": 14,
    "6780.919090909091": 14,
    "16518.451666666668": 14,
    "6591.0490909090895": 13,
    "6637.057575757575": 12,
    "6677.453585858585": 11,
    "6563.1771717171705": 10,
    "6743.080909090909": 10,
    "6605.914343434343": 9,
    "6702.5384848484855": 9,
    "6757.9459090909095": 9,
    "6775.513636363637": 9,
    "7118.586363636364": 9,
    "7336.490606060605": 8,
    "7527.1568181818175": 8,
    "19760.69222222222": 8,
    "6350.949545454544": 7,
    "6524.155454545455": 7,
    "6628.477979797979": 7,
    "6638.497575757576": 7,
    "7418.204696969697": 7,
    "7499.918787878788": 7,
    "6025.567878787879": 6,
    "6595.827575757577": 6,
    "6612.152777777777": 6,
    "6779.567727272727": 6,
    "7472.6807575757575": 6,
    "6204.022727272727": 5,
    "6349.808787878787": 5,
    "6598.481717171717": 4,
    "6753.891818181817": 4,
    "6773.3173737373745": 4,
    "7554.394848484848": 4,
    "17907.983333333334": 4,
    "6780.682424242424": 3,
    "14665.74277777778": 3,
    "6102.18409090909": 2,
    "6327.712727272727": 2,
    "6383.59994949495": 2,
    "7173.062424242424": 2,
    "7772.29909090909": 2,
    "16055.274444444443": 2,
    "16981.62888888889": 2,
    "6318.299141414142": 1,
    "6334.624343434343": 1,
    "6367.274747474747": 1,
    "6738.333383838382": 1,
    "6748.4863636363625": 1
  },
  "source": {
    "analyze": "dark",
    "fontface": "Consolas-Regular",
    "fontsize": 14,
    "language": "c",
    "theme": "Monokai Pro"
  },
  "average": 6092.761373413289,
  "diff65": -6.2652096397955495
}
