{
  "colors": {
    "#fcfcfa": 5085,
    "#939293": 3885,
    "#ff6188": 1871,
    "#78dce8": 467,
    "#a9dc76": 413,
    "#ab9df2": 315,
    "#fc9867": 257,
    "#727072": 223,
    "#ffd866": 115
  },
  "cccts": {
    "6791.73": 10526,
    "0.0": 6194,
    "6713.607857142858": 2109,
    "6739.648571428571": 1487,
    "6734.393571428572": 1204,
    "6725.578185483871": 1170,
    "6759.389112903225": 1107,
    "6476.374285714285": 1074,
    "6754.838988095238": 1068,
    "6677.801875": 927,
    "6737.478511904761": 893,
    "6707.097678571428": 794,
    "6764.209374999999": 759,
    "6765.043333333333": 736,
    "6766.71125": 736,
    "6756.70375": 733,
    "5708.157857142857": 646,
    "6767.993951612903": 599,
    "6753.505714285713": 596,
    "6331.83625": 551,
    "6581.492857142856": 547,
    "6722.638104838709": 496,
    "6572.732976190476": 482,
    "5668.025555555556": 470,
    "6686.651249999999": 470,
    "6759.622604166666": 470,
    "6730.968333333333": 466,
    "6741.021169354839": 444,
    "6343.154435483872": 442,
    "7562.177142857143": 431,
    "6661.179516129032": 419,
    "6749.833850806452": 411,
    "6729.615535714285": 409,
    "6728.255758928571": 407,
    "6743.98869047619": 405,
    "6524.694919354838": 393,
    "6764.654464285714": 385,
    "7947.4007142857145": 383,
    "6069.348571428571": 381,
    "5893.50572368421": 326,
    "6642.812023809523": 317,
    "6751.913035714285": 304,
    "6726.6282142857135": 297,
    "6747.134999999999": 286,
    "6039.249345238095": 283,
    "6099.075": 283,
    "6722.288095238095": 282,
    "6536.857520161289": 276,
    "6773.354495967741": 271,
    "6599.0126190476185": 270,
    "5948.951666666667": 268,
    "7497.973214285715": 263,
    "7594.279107142856": 263,
    "6758.28375": 257,
    "6744.201118421053": 256,
    "6725.000669642856": 254,
    "5617.860178571428": 237,
    "6129.547023809523": 236,
    "6727.048225806451": 229,
    "6450.094642857142": 228,
    "6512.826693548387": 222,
    "6761.9576875": 204,
    "6768.962937499999": 204,
    "7690.585": 201,
    "6737.244722222222": 200,
    "6756.6910714285705": 198,
    "6746.15875": 195,
    "6734.7659375": 194,
    "6756.737790178571": 189,
    "6766.503058035713": 186,
    "7813.815120967742": 183,
    "7270.152822580645": 176,
    "6546.453333333333": 174,
    "6220.8156451612895": 162,
    "6743.178991935483": 144,
    "8043.706607142857": 144,
    "16208.288348214288": 144,
    "6280.043154761905": 136,
    "6778.243608870967": 131,
    "6403.623387096774": 129,
    "6622.607782258065": 128,
    "5854.225714285714": 127,
    "6769.751035714285": 124,
    "6717.553588709677": 119,
    "6760.981028225806": 119,
    "6504.985725806451": 116,
    "6166.727142857142": 115,
    "6755.924017857143": 115,
    "6329.96": 114,
    "20302.444151785716": 113,
    "6041.353749999999": 105,
    "6302.3748387096775": 105,
    "6738.021026785714": 101,
    "6179.139959677419": 100,
    "6753.505714285714": 99,
    "6349.0196428571435": 97,
    "6310.719583333333": 93,
    "6464.642916666667": 91,
    "6751.041383928571": 91,
    "6765.269274193548": 91,
    "6744.5312053571415": 90,
    "6511.4138095238095": 89,
    "6257.970388888889": 88,
    "4895.478749999999": 85,
    "6744.257903225806": 79,
    "6736.393482142857": 78,
    "5997.875564516128": 77,
    "6756.703749999999": 76,
    "6771.58990625": 76,
    "6708.114375": 70,
    "6772.309596774193": 69,
    "5833.409475806452": 65,
    "6288.955524193549": 65,
    "8477.083125000001": 65,
    "6760.2641369047615": 64,
    "6062.5599999999995": 62,
    "6415.489672619047": 60,
    "6205.207620967742": 59,
    "7337.463392857144": 58,
    "18664.781830357144": 58,
    "6768.379166666667": 55,
    "6368.440833333334": 54,
    "6387.68125": 54,
    "6743.218669354838": 54,
    "6768.636160714285": 49,
    "6264.993541666666": 48,
    "7257.208482142856": 48,
    "28081.34017857143": 48,
    "6735.308452380951": 46,
    "6740.7642857142855": 46,
    "6731.510848214285": 45,
    "6760.595555555556": 44,
    "6691.391249999999": 42,
    "5894.578870967741": 40,
    "5962.5931451612905": 40,
    "6118.866653225806": 40,
    "6252.998333333333": 40,
    "6574.922946428572": 40,
    "6750.227611607143": 39,
    "7411.505020161289": 39,
    "5776.100357142856": 37,
    "6212.319895833333": 36,
    "6530.629032258064": 36,
    "7562.177142857142": 36,
    "6218.810714285714": 34,
    "6159.64625": 33,
    "6752.311205357143": 33,
    "6756.125927419354": 33,
    "6329.959999999999": 32,
    "6628.8071169354835": 31,
    "6762.43419642857": 30,
    "6763.58390625": 29,
    "21940.106473214288": 29,
    "6420.265826612903": 28,
    "6773.215111607142": 28,
    "6140.685357142856": 27,
    "6762.0": 27,
    "6766.2471428571425": 27,
    "6767.839821428571": 27,
    "5579.58375": 26,
    "6745.144151785714": 26,
    "6751.116696428571": 26,
    "13997.444214285713": 26,
    "6595.904274193548": 25,
    "6743.949642857142": 24,
    "6607.7725": 23,
    "6754.2964732142855": 23,
    "7626.381071428572": 23,
    "6176.036666666666": 22,
    "6571.214879032257": 21,
    "7730.712455357142": 21,
    "6015.516774193548": 20,
    "6749.576593749999": 20,
    "6684.915967741935": 19,
    "6664.711726190475": 18,
    "7754.788928571427": 18,
    "5958.392857142857": 17,
    "6432.575555555555": 17,
    "6218.241451612903": 15,
    "6450.0946428571415": 15,
    "6522.364166666666": 15,
    "6742.755133928571": 15,
    "7634.4065625": 15,
    "7778.865401785713": 15,
    "6009.150119047619": 14,
    "6739.702499999999": 14,
    "6760.6727678571415": 14,
    "6760.792218749999": 14,
    "6766.048058035713": 14,
    "6561.783125": 13,
    "5424.53625": 12,
    "6548.643303571429": 12,
    "6557.121048387097": 12,
    "6749.9221875": 12,
    "6765.450803571429": 12,
    "5781.608125": 11,
    "7465.871249999999": 11,
    "6754.700223214285": 10,
    "7586.253616071429": 10,
    "6200.087187499999": 9,
    "6228.9478125": 9,
    "6315.529687499999": 9,
    "6601.202589285714": 9,
    "6764.256294642857": 9,
    "7489.947723214284": 9,
    "7610.330089285714": 9,
    "6528.933571428571": 8,
    "6535.503482142856": 8,
    "6647.191964285715": 8,
    "6757.089241071428": 8,
    "8043.706607142856": 8,
    "15798.872767857143": 8,
    "6214.5175": 7,
    "6281.98504032258": 7,
    "6370.340833333334": 7,
    "6621.569312499999": 7,
    "7309.374174107143": 7,
    "6210.620745967742": 6,
    "6483.883333333333": 6,
    "6503.123750000001": 6,
    "6512.743958333333": 6,
    "6747.533169642857": 6,
    "6761.867276785714": 6,
    "6765.836129032258": 6,
    "7682.559508928572": 6,
    "6114.643571428571": 5,
    "6373.2509375": 5,
    "6474.188225806452": 5,
    "19483.61299107143": 5,
    "6257.808437500001": 4,
    "6301.099375": 4,
    "6421.351979166666": 4,
    "6650.476919642856": 4,
    "6655.016249999999": 4,
    "6749.956354166666": 4,
    "6750.320357142856": 4,
    "6761.0709375": 4,
    "6769.4325": 4,
    "7063.561149193548": 4,
    "7321.412410714285": 4,
    "7818.992857142856": 4,
    "23168.353214285715": 4,
    "6073.421111111111": 3,
    "6414.124107142857": 3,
    "6563.973095238095": 3,
    "6568.06015625": 3,
    "6568.353035714286": 3,
    "6607.772499999999": 3,
    "6627.482232142857": 3,
    "6741.276116071428": 3,
    "6761.270022321429": 3,
    "6761.349166666666": 3,
    "7393.641830357143": 3,
    "7405.680066964285": 3,
    "6147.195803571428": 2,
    "6272.518348214285": 2,
    "6286.669062499999": 2,
    "6342.509196428572": 2,
    "6344.3903125": 2,
    "6361.613588709677": 2,
    "6417.98490625": 2,
    "6428.281843749999": 2,
    "6467.047968749999": 2,
    "6673.471607142857": 2,
    "6760.806651785714": 2,
    "6764.757217741934": 2,
    "7164.915334821429": 2,
    "7249.182991071429": 2,
    "7345.488883928571": 2,
    "7538.100669642857": 2,
    "17845.950669642858": 2,
    "6209.5700806451605": 1,
    "6217.555460526316": 1,
    "6249.454046052631": 1,