{
  "colors": {
    "#939293": 3885,
    "#fcfcfa": 2543,
    "#ff6188": 1871,
    "#78dce8": 467,
    "#a9dc76": 413,
    "#ab9df2": 296,
    "#fc9867": 257,
    "#727072": 223,
    "#ffd866": 115
  },
  "cccts": {
    "3213.58": 2109,
    "2142.3866666666663": 1487,
    "3262.08": 1205,
    "2780.9826923076926": 1170,
    "867.53": 1116,
    "1359.5915384615384": 1107,
    "2660.035": 1074,
    "1517.523888888889": 1068,
    "4016.975": 927,
    "2231.652777777778": 893,
    "3481.378333333333": 794,
    "1492.2233333333334": 759,
    "1356.5666666666668": 736,
    "1447.0044444444445": 736,
    "1899.1933333333336": 733,
    "2174.72": 695,
    "1380.1107692307692": 599,
    "3325.04375": 551,
    "1773.3566666666666": 547,
    "2904.581923076923": 496,
    "1847.2465277777776": 482,
    "1790.6680000000003": 470,
    "4883.64": 470,
    "4061.62": 467,
    "2499.451111111111": 466,
    "2948.4184615384615": 444,
    "367.0319230769231": 442,
    "1125.399423076923": 419,
    "1761.2890384615387": 411,
    "3533.9199999999996": 409,
    "2611.03375": 407,
    "1963.8544444444447": 405,
    "2301.953365384615": 393,
    "1540.4266666666665": 385,
    "6092.43": 383,
    "578.3533333333332": 381,
    "731.9784374999999": 326,
    "1256.127638888889": 317,
    "2265.333333333333": 304,
    "2677.9833333333336": 297,
    "1779.67": 286,
    "2537.173333333333": 286,
    "602.4513888888888": 283,
    "2856.5155555555552": 282,
    "208.5408653846154": 276,
    "772.4951923076923": 271,
    "1625.5769444444445": 270,
    "674.7455555555556": 268,
    "3723.151666666667": 263,
    "4230.854166666667": 263,
    "1902.88": 257,
    "2752.38": 256,
    "2744.9329166666666": 254,
    "1627.88": 248,
    "2881.704583333333": 243,
    "939.8241666666665": 237,
    "530.1572222222222": 236,
    "2719.183076923077": 229,
    "2404.2624038461536": 222,
    "1244.8494117647058": 204,
    "4738.556666666667": 201,
    "2848.79": 200,
    "1993.4933333333333": 198,
    "1874.5883333333334": 195,
    "2343.2354166666664": 194,
    "1439.4160416666666": 189,
    "1037.7185416666666": 186,
    "5506.619423076923": 183,
    "2577.5665384615386": 176,
    "2068.916111111111": 174,
    "467.1315384615384": 162,
    "6600.1325": 152,
    "1186.4466666666667": 146,
    "2822.9538461538464": 144,
    "23599.154791666668": 144,
    "409.6669444444444": 136,
    "433.765": 136,
    "784.1538461538462": 131,
    "511.2271153846154": 129,
    "1457.903798076923": 128,
    "1208.355": 127,
    "1250.4640000000002": 124,
    "639.4314903846154": 119,
    "1787.8707692307694": 119,
    "752.9373076923077": 116,
    "805.5699999999999": 115,
    "1472.8908333333331": 115,
    "33859.656875": 113,
    "400.39846153846156": 105,
    "1927.9758333333332": 105,
    "2209.33625": 101,
    "1608.5478846153846": 100,
    "570.6120833333333": 97,
    "1235.8819444444443": 93,
    "840.3997222222222": 91,
    "1112.393076923077": 91,
    "1673.7395833333335": 91,
    "1941.5379166666664": 90,
    "2364.4755555555553": 89,
    "1301.295": 85,
    "2760.2215384615383": 79,
    "2276.2858333333334": 78,
    "1045.691826923077": 77,
    "1101.2129411764706": 76,
    "1915.1529411764707": 76,
    "4077.6": 70,
    "1129.1815384615384": 69,
    "662.2714903846155": 65,
    "784.1136538461539": 65,
    "7615.5375": 65,
    "1294.358611111111": 64,
    "939.8316666666667": 62,
    "301.2256944444444": 60,
    "1540.0990384615386": 59,
    "2876.9808333333335": 58,
    "29755.456041666668": 58,
    "1266.128888888889": 55,
    "1038.1408333333334": 54,
    "1087.5761111111112": 54,
    "2039.3873076923076": 54,
    "1313.8933333333334": 49,
    "2453.8954166666667": 48,
    "53354.61083333333": 48,
    "2320.918888888889": 46,
    "2899.6266666666666": 46,
    "2477.1345833333335": 45,
    "4893.12": 42,
    "550.5478846153845": 40,
    "734.0638461538462": 40,
    "1092.1670192307693": 40,
    "1384.187777777778": 40,
    "1828.7740625": 40,
    "1707.214375": 39,
    "3339.120288461539": 39,
    "1309.05125": 37,
    "477.1415": 36,
    "2250.798846153846": 36,
    "738.4391666666668": 34,
    "2070.1661538461535": 33,
    "2242.68": 33,
    "427.8052884615385": 31,
    "506.05916666666667": 31,
    "1205.0925": 30,
    "1526.1375": 29,
    "37963.85770833334": 29,
    "975.3960576923079": 28,
    "1053.38": 28,
    "839.1354166666666": 27,
    "1359.2": 27,
    "1449.8133333333333": 27,
    "1631.04": 27,
    "1551.6870833333332": 26,
    "2310.64": 26,
    "2650.44": 26,
    "2669.505": 26,
    "18058.483666666667": 26,
    "1688.0991346153844": 25,
    "2718.4": 24,
    "1539.8404166666667": 23,
    "4400.088333333333": 23,
    "1581.9288888888889": 22,
    "290.46995192307696": 21,
    "4950.099375": 21,
    "1022.4542307692308": 20,
    "1748.565588235294": 20,
    "920.7813461538461": 19,
    "889.835": 18,
    "1071.402986111111": 18,
    "5077.025000000001": 18,
    "1074.0933333333332": 17,
    "692.093888888889": 15,
    "1505.8746153846155": 15,
    "2786.3599999999997": 15,
    "4442.396875": 15,
    "5203.950625": 15,
    "626.5494444444444": 14,
    "1461.14": 14,
    "1766.9599999999998": 14,
    "1774.9552941176469": 14,
    "2854.3199999999997": 14,
    "1939.6088541666666": 13,
    "616.0396153846154": 12,
    "1495.12": 12,
    "1510.44375": 12,
    "2050.4436458333334": 12,
    "2378.6": 12,
    "2224.5875": 11,
    "3553.9175000000005": 11,
    "2106.76": 10,
    "4188.545625000001": 10,
    "1223.5231250000002": 9,
    "1445.981875": 9,
    "1520.1347916666666": 9,
    "1563.08": 9,
    "1607.1044791666666": 9,
    "3680.843125": 9,
    "4315.4712500000005": 9,
    "1219.1827083333333": 8,
    "1970.84": 8,
    "2161.2784375": 8,
    "2216.695833333333": 8,
    "22573.104583333334": 8,
    "337.3727777777778": 7,
    "417.0817307692308": 7,
    "1447.3719852941174": 7,
    "1483.0583333333334": 7,
    "2728.9009375": 7,
    "475.4731730769231": 6,
    "716.8115277777779": 6,
    "741.5291666666667": 6,
    "790.9644444444444": 6,
    "1505.5753846153846": 6,
    "1699.0": 6,
    "2514.52": 6,
    "4696.248125": 6,
    "418.27673076923077": 5,
    "872.7008333333333": 5,
    "1075.2172916666666": 5,
    "31807.556458333336": 5,
    "978.8185000000001": 4,
    "1191.4740104166667": 4,
    "1260.5995833333334": 4,
    "1268.5866666666666": 4,
    "1371.8289583333335": 4,
    "1464.5264423076924": 4,
    "1767.469": 4,
    "1794.144": 4,
    "2355.9466666666667": 4,
    "2792.36375": 4,
    "4820.37": 4,
    "5415.493333333333": 4,
    "41042.00833333334": 4,
    "486.6985416666667": 3,
    "574.6851041666667": 3,
    "1249.7255555555555": 3,
    "1385.4348958333333": 3,
    "1732.98": 3,
    "1884.1914583333332": 3,
    "1921.1363888888889": 3,
    "2075.4370833333332": 3,
    "3173.1406250000005": 3,
    "3236.6034375": 3,
    "293.42926470588236": 2,
    "415.69145833333334": 2,
    "510.31176470588235": 2,
    "579.0034375": 2,
    "830.7440625": 2,
    "834.2203125000001": 2,
    "968.3498529411764": 2,
    "997.513125": 2,
    "1129.4059615384615": 2,
    "1149.3702083333335": 2,
    "1272.0420833333333": 2,
    "1297.6760416666666": 2,
    "1568.3076923076924": 2,
    "1967.3471875000002": 2,
    "2411.586875": 2,
    "2919.2893750000003": 2,
    "3934.6943750000005": 2,
    "27703.355625000004": 2,
    "766.840673076923": 1,
    "771.1903333333333": 1,
    "797.1438541666668": 1,
    "855.610576923077": 1,
    "1132.6666666666665": 1,
    "1418.17453125": 1,
    "1501.5965625000001": 1,
    "1740.6891666666666": 1,
    "1756.5046153846154": 1,
    "1834.92": 1,
    "2272.1132291666663": 1,
    "2549.200208333333": 1,
    "2770.8697916666665": 1,
    "3126.16": 1,
    "3398.0": 1,
    "5272.295192307693": 1,
    "40015.958125000005": 1
  },
  "source": {
    "analyze": "dark",
    "fontface": "Consolas-Regular",
    "fontsize": 14,
    "language": "c",
    "theme": "Monokai Pro"
  },
  "average": 2508.914393521695,
  "diff65": -61.40131702274316
}
