{
  "colors": {
    "#8b99a7": 4760,
    "#455059": 3359,
    "#3398db": 1646,
    "#c9a022": 852,
    "#de456b": 777,
    "#d26d32": 766,
    "#935cd1": 439,
    "#37ae6f": 174,
    "#c13838": 81,
    "#24b5a8": 20
  },
  "cccts": {
    "6503.44": 10526,
    "0.0": 6194,
    "36267.29714285714": 1649,
    "6948.85": 1218,
    "5438.388571428571": 979,
    "6763.2625": 957,
    "26346.01142857143": 865,
    "49909.064999999995": 774,
    "6707.586249999999": 771,
    "6689.027499999999": 763,
    "6701.4": 763,
    "27172.78523809524": 755,
    "31706.706129032256": 719,
    "18825.036774193548": 712,
    "6800.38": 695,
    "5788.188571428571": 632,
    "20558.594761904762": 628,
    "6687.830161290322": 613,
    "7095.556428571428": 602,
    "7282.907499999999": 597,
    "6872.661447368421": 582,
    "5793.405714285714": 514,
    "6062.531612903225": 494,
    "6741.610625": 474,
    "7366.943125": 465,
    "26583.178571428572": 447,
    "6897.364435483871": 444,
    "6748.563467741936": 439,
    "6207.34129032258": 428,
    "6713.7725": 399,
    "5349.634285714285": 392,
    "6985.967500000001": 391,
    "6000.499047619048": 389,
    "6026.605714285714": 381,
    "24692.463809523808": 377,
    "5763.820952380952": 374,
    "6965.346666666666": 368,
    "5681.562177419354": 357,
    "6898.184285714286": 348,
    "6984.534598214285": 348,
    "36623.047857142854": 343,
    "38747.61857142857": 320,
    "6812.7525": 304,
    "6849.87": 300,
    "22465.508548387097": 298,
    "5601.58193548387": 292,
    "32826.85129032258": 290,
    "29653.106666666667": 287,
    "6006.737619047619": 283,
    "6661.325714285714": 283,
    "6783.050535714286": 276,
    "5856.374285714286": 274,
    "4950.24": 273,
    "7004.828911290322": 270,
    "24909.867023809526": 263,
    "27419.834345238094": 263,
    "6335.202096774193": 262,
    "5561.499354838709": 258,
    "5947.133333333333": 254,
    "6914.631964285714": 254,
    "6996.870357142857": 253,
    "5728.584285714285": 237,
    "6066.3419047619045": 236,
    "7009.206116071428": 222,
    "5675.066666666667": 205,
    "6672.324624999999": 204,
    "6724.289125": 204,
    "29929.801666666666": 201,
    "6646.706666666666": 200,
    "6775.634999999999": 198,
    "13504.347258064516": 191,
    "6045.101785714285": 189,
    "5852.575238095238": 183,
    "33141.48028225806": 183,
    "18972.309919354837": 176,
    "6694.644263392857": 172,
    "7144.899464285713": 172,
    "7027.1128629032255": 167,
    "6935.191562499999": 165,
    "6738.118387096773": 163,
    "32960.2019047619": 153,
    "6768.6588169642855": 152,
    "5793.405714285715": 148,
    "7144.899464285714": 147,
    "6608.207137096773": 145,
    "6880.601693548386": 144,
    "6038.361517857143": 143,
    "6848.8412499999995": 130,
    "6674.1804999999995": 124,
    "39133.01517857142": 124,
    "6165.68238095238": 122,
    "31146.633548387097": 122,
    "6742.309072580645": 119,
    "5556.727619047619": 117,
    "6865.288928571429": 117,
    "6568.801290322581": 116,
    "6608.697142857142": 114,
    "5836.153482142858": 113,
    "6963.975": 113,
    "6252.923870967741": 112,
    "6763.262499999999": 109,
    "6642.7146975806445": 105,
    "5761.6977777777765": 103,
    "6774.826696428571": 101,
    "5932.2632258064505": 100,
    "6643.075483870967": 100,
    "6820.98631048387": 99,
    "6674.482857142856": 98,
    "6613.0828571428565": 93,
    "7029.765714285713": 92,
    "6577.9971428571425": 91,
    "6722.845666666666": 88,
    "30686.57392857143": 88,
    "6704.5929032258055": 85,
    "5621.623225806452": 83,
    "5748.530000000001": 81,
    "6811.833973214285": 81,
    "6872.220322580646": 79,
    "5532.841428571429": 78,
    "5982.9173790322575": 78,
    "6652.8379375": 76,
    "6993.68693548387": 73,
    "7152.99625": 70,
    "31306.654285714285": 70,
    "6654.304677419355": 69,
    "6861.177008928571": 68,
    "6676.654999999999": 66,
    "5870.865483870967": 65,
    "26966.09178571429": 65,
    "6585.306666666666": 61,
    "6658.09625": 61,
    "6922.855803571428": 61,
    "6637.133548387096": 59,
    "5838.7315178571425": 58,
    "20726.588154761903": 58,
    "28206.252500000002": 57,
    "6595.54": 54,
    "6599.925714285714": 54,
    "6142.696774193549": 53,
    "6682.8412499999995": 49,
    "23865.690000000002": 49,
    "6155.748333333333": 48,
    "6910.520044642857": 48,
    "18634.948720238095": 48,
    "19835.167678571426": 48,
    "31926.734642857144": 48,
    "18491.66023809524": 47,
    "6899.36": 46,
    "38747.618571428575": 45,
    "50427.86812499999": 41,
    "5911.242580645161": 40,
    "6059.2919354838705": 40,
    "6626.240000000001": 40,
    "6959.863080357143": 40,
    "7461.556428571428": 40,
    "24485.770357142854": 40,
    "22656.294213709676": 39,
    "5771.217142857144": 38,
    "6120.979166666667": 36,
    "16584.746451612904": 35,
    "5645.034274193548": 34,
    "24985.835161290324": 34,
    "6780.025241935483": 33,
    "6809.659375000001": 33,
    "5910.296428571429": 32,
    "6608.697142857143": 32,
    "6086.209999999999": 31,
    "6540.577096774193": 31,
    "5311.548928571428": 29,
    "5655.363660714285": 29,
    "5913.409556451612": 29,
    "6712.225937499999": 29,
    "27586.17214285714": 29,
    "5842.077419354839": 28,
    "6588.112580645161": 28,
    "6647.2703125": 28,
    "6818.001852678571": 28,
    "23865.69": 28,
    "6734.3933333333325": 27,
    "5640.685714285714": 26,
    "6100.030714285714": 26,
    "6180.42322580645": 26,
    "6725.483660714285": 26,
    "6779.74": 26,
    "6818.938749999999": 26,
    "6865.335625": 26,
    "20145.20785714286": 26,
    "6074.460952380952": 24,
    "6874.615": 24,
    "5882.159999999999": 23,
    "6703.995564516129": 23,
    "28256.49011904762": 23,
    "29446.413214285716": 23,
    "6643.782857142857": 22,
    "6787.162455357143": 21,
    "7142.184285714286": 20,
    "7541.399464285713": 20,
    "5311.5489285714275": 19,
    "5829.413214285714": 19,
    "6825.125": 18,
    "6871.125201612903": 18,
    "6985.9675": 18,
    "6931.079642857142": 17,
    "5647.723333333333": 16,
    "5734.23619047619": 16,
    "16114.685535714283": 16,
    "22005.448928571426": 16,
    "6564.839999999999": 15,
    "6634.162580645161": 15,
    "6883.894375000001": 15,
    "27999.55904761905": 15,
    "6702.946562499999": 14,
    "6743.775812499999": 14,
    "6744.70375": 14,
    "6907.608333333333": 14,
    "22315.48910714286": 14,
    "22563.521249999998": 14,
    "6556.917419354839": 12,
    "6828.218124999999": 12,
    "6733.69": 11,
    "6791.100625": 10,
    "5530.407338709678": 9,
    "6101.633064516129": 9,
    "6611.986428571428": 9,
    "6631.722142857142": 9,
    "6638.300714285714": 9,
    "6712.974274193548": 9,
    "6716.865624999999": 9,
    "6741.931339285713": 9,
    "6058.582321428571": 8,
    "6772.541875": 8,
    "6822.93615625": 8,
    "5699.826129032258": 7,
    "6635.011428571429": 7,
    "6674.482857142857": 7,
    "5451.958214285713": 6,
    "5802.4521428571425": 6,
    "6119.857580645161": 6,
    "6567.032857142857": 6,
    "6569.225714285714": 6,
    "6573.611428571428": 6,
    "6735.424375": 6,
    "6846.7768750000005": 6,
    "17664.886428571426": 6,
    "5876.595089285714": 5,
    "5928.755999999999": 5,
    "5976.2574107142855": 5,
    "6112.504464285714": 5,
    "6598.829285714285": 5,
    "25725.93107142857": 5,
    "5694.607857142857": 4,
    "6174.688870967741": 4,
    "6587.865000000001": 4,
    "6615.275714285714": 4,
    "6625.143571428572": 4,
    "6820.0578125": 4,
    "7539.643749999999": 4,
    "13588.025181451612": 4,
    "20765.288214285716": 4,
    "33276.42476190476": 4,
    "6275.140604838709": 3,
    "6554.423928571428": 3,
    "6667.173333333333": 3,
    "6733.7074999999995": 3,
    "6740.0640625": 3,
    "5087.983749999999": 2,
    "5403.232857142857": 2,
    "5571.812983870967": 2,
    "5747.047589285715": 2,
    "5937.2575": 2,
    "5957.478303571428": 2,
    "6086.21": 2,
    "6263.53275": 2,
    "6577.448928571428": 2,