{
  "colors": {
    "#8b99a7": 4760,
    "#3398db": 1096,
    "#c9a022": 852,
    "#455059": 830,
    "#de456b": 777,
    "#d26d32": 766,
    "#935cd1": 439,
    "#37ae6f": 174,
    "#c13838": 81,
    "#24b5a8": 20
  },
  "cccts": {
    "72700.72": 1649,
    "4291.01": 1586,
    "2503.089166666667": 990,
    "766.6": 979,
    "48467.14666666667": 865,
    "90875.9": 774,
    "1966.7129166666666": 771,
    "1787.9208333333336": 763,
    "1907.1155555555556": 763,
    "50486.61111111111": 755,
    "1582.8": 735,
    "62914.08461538462": 719,
    "30757.996923076924": 712,
    "2860.673333333333": 695,
    "511.06666666666666": 662,
    "34330.89555555556": 628,
    "1815.4273076923077": 613,
    "4633.325": 602,
    "6436.515": 597,
    "3620.5396875": 582,
    "324.33076923076925": 494,
    "2360.0555000000004": 474,
    "5791.65625": 465,
    "49020.53666666666": 447,
    "3878.412884615385": 444,
    "1960.2528846153846": 439,
    "669.6461538461538": 428,
    "4648.594166666667": 409,
    "2026.3102777777779": 399,
    "830.4833333333333": 392,
    "362.00555555555553": 389,
    "1055.1999999999998": 381,
    "44428.21777777778": 377,
    "532.3611111111111": 374,
    "78759.11333333333": 365,
    "854.1259615384615": 357,
    "3088.883333333333": 348,
    "3764.5765625": 348,
    "73530.805": 343,
    "2145.505": 319,
    "5019.435416666666": 319,
    "2979.8680555555557": 304,
    "3337.4522222222226": 300,
    "39845.586923076924": 298,
    "663.4038461538462": 292,
    "65710.26615384615": 290,
    "56545.00444444444": 287,
    "3620.12": 286,
    "1099.1666666666665": 283,
    "2187.9590277777775": 276,
    "657.9933333333333": 274,
    "958.25": 273,
    "4009.608173076923": 270,
    "44935.491944444446": 263,
    "51063.059027777774": 263,
    "380.4807692307692": 262,
    "692.8884615384616": 258,
    "1231.0666666666666": 254,
    "3217.586805555555": 254,
    "3861.1041666666665": 253,
    "1714.6999999999998": 237,
    "967.2666666666668": 236,
    "3957.631770833333": 222,
    "596.2444444444445": 205,
    "1640.680294117647": 204,
    "57190.62611111111": 201,
    "3167.605": 200,
    "2622.283888888889": 198,
    "17476.134615384617": 191,
    "466.0786111111111": 189,
    "468.4777777777778": 183,
    "66460.53528846153": 183,
    "31109.186730769226": 176,
    "1496.1778645833333": 172,
    "4187.81298076923": 167,
    "3378.466145833333": 165,
    "2310.543846153846": 163,
    "64622.86222222222": 153,
    "2075.3434895833334": 152,
    "2413.413333333333": 146,
    "1031.4927884615386": 145,
    "3713.374038461539": 144,
    "472.9327083333334": 143,
    "2702.772916666667": 130,
    "1644.8871666666669": 124,
    "79658.37208333332": 124,
    "747.4333333333333": 122,
    "61515.99384615385": 122,
    "2351.803557692308": 119,
    "681.4222222222222": 117,
    "2831.4763888888892": 117,
    "1531.5892307692307": 116,
    "678.555625": 113,
    "3603.697222222222": 113,
    "184.27884615384616": 112,
    "1113.780048076923": 105,
    "3921.796666666666": 105,
    "2123.6072916666667": 101,
    "420.1557692307693": 100,
    "3272.0315384615383": 100,
    "2539.4185096153847": 99,
    "2513.972222222222": 93,
    "4118.511111111111": 92,
    "1709.501111111111": 91,
    "59069.335": 88,
    "1980.4661538461542": 85,
    "648.6615384615385": 83,
    "767.6588888888889": 81,
    "2413.190104166667": 81,
    "3630.8546153846155": 79,
    "540.9464423076923": 78,
    "986.99": 78,
    "42408.753333333334": 77,
    "1451.3710294117648": 76,
    "2524.123529411765": 76,
    "3920.505769230769": 73,
    "5363.762500000001": 70,
    "60583.933333333334": 70,
    "1485.3496153846154": 69,
    "2799.300520833333": 68,
    "1668.7261111111113": 66,
    "1430.6076923076923": 65,
    "49981.745": 65,
    "1810.06": 62,
    "1489.9340277777778": 61,
    "3281.938541666667": 61,
    "3132.796153846154": 59,
    "413.594375": 58,
    "34722.88013888888": 58,
    "53010.941666666666": 57,
    "2111.7366666666667": 54,
    "2212.295555555556": 54,
    "265.3615384615385": 53,
    "1728.3234722222223": 49,
    "741.6175": 48,
    "791.4": 48,
    "3185.4109375": 48,
    "29616.574236111108": 48,
    "32563.86416666667": 48,
    "62098.53166666666": 48,
    "29282.234444444446": 47,
    "3814.231111111111": 46,
    "91913.50624999999": 41,
    "1004.4692307692306": 40,
    "1339.2923076923075": 40,
    "2815.648888888889": 40,
    "3571.5213541666667": 40,
    "5487.325": 40,
    "43923.35166666666": 40,
    "40300.53735576923": 39,
    "527.0375": 38,
    "870.5400000000001": 36,
    "25165.633846153847": 35,
    "892.0871153846153": 34,
    "46136.99538461538": 34,
    "2723.1409615384614": 33,
    "2950.069375": 33,
    "603.1605555555556": 32,
    "870.2211538461538": 31,
    "923.3000000000001": 31,
    "375.1970192307693": 29,
    "527.689375": 29,
    "2011.4109375": 29,
    "51496.34333333334": 29,
    "486.49615384615385": 28,
    "1385.6386458333334": 28,
    "1984.104230769231": 28,
    "2461.45390625": 28,
    "251.00900000000001": 26,
    "730.5230769230769": 26,
    "877.3244444444445": 26,
    "1737.4968749999998": 26,
    "3039.465416666667": 26,
    "3486.4456250000003": 26,
    "5430.18": 26,
    "33321.16333333333": 26,
    "308.76944444444445": 24,
    "3575.841666666667": 24,
    "447.1833333333334": 23,
    "1603.8432692307692": 23,
    "53105.58138888888": 23,
    "56040.138333333336": 23,
    "3217.884444444444": 22,
    "2220.1348958333333": 21,
    "3658.2166666666662": 20,
    "5944.602083333332": 20,
    "685.4097222222222": 19,
    "2940.379326923077": 18,
    "3099.0627777777777": 18,
    "3346.2902777777776": 17,
    "532.4433333333334": 16,
    "553.6555555555556": 16,
    "23476.27416666667": 16,
    "37864.958333333336": 16,
    "1407.8244444444445": 15,
    "3063.1784615384613": 15,
    "3665.2377083333336": 15,
    "52506.07555555556": 15,
    "1922.0148958333334": 14,
    "2324.2970833333334": 14,
    "2334.814264705882": 14,
    "3754.63375": 14,
    "38622.2575": 14,
    "39557.74470588235": 14,
    "1253.1184615384614": 12,
    "3128.8614583333333": 12,
    "4525.15": 11,
    "2771.2772916666668": 10,
    "417.5726923076923": 9,
    "618.7459615384616": 9,
    "1866.2003472222223": 9,
    "2056.1089583333337": 9,
    "2062.985576923077": 9,
    "2488.8325": 9,
    "2941.3475": 9,
    "3092.185833333333": 9,
    "452.37041666666664": 8,
    "2521.073897058823": 8,
    "2592.4852083333335": 8,
    "835.1453846153846": 7,
    "3016.766666666667": 7,
    "712.8261111111111": 6,
    "867.4961538461539": 6,
    "1069.2391666666665": 6,
    "1458.1038888888888": 6,
    "1508.3833333333334": 6,
    "1608.942222222222": 6,
    "2234.901041666667": 6,
    "3307.653541666667": 6,
    "27262.77": 6,
    "328.02312500000005": 5,
    "397.5376388888889": 5,
    "417.1205882352941": 5,
    "637.4310416666667": 5,
    "2187.1558333333332": 5,
    "46952.54833333334": 5,
    "341.6503846153846": 4,
    "822.4916666666667": 4,
    "1991.066": 4,
    "2548.32875": 4,
    "2564.2516666666666": 4,
    "2790.5091666666667": 4,
    "6949.987499999999": 4,
    "17675.674278846152": 4,
    "34835.761666666665": 4,
    "65360.715555555544": 4,
    "237.25721153846155": 3,
    "1168.9970833333334": 3,
    "1801.848611111111": 3,
    "2279.5990625": 3,
    "470.641875": 2,
    "535.3588235294118": 2,
    "555.181875": 2,
    "575.7441666666667": 2,
    "592.4163461538462": 2,
    "684.57": 2,
    "931.0588235294118": 2,
    "1233.7375": 2,
    "1696.9312499999999": 2,
    "1834.0244791666664": 2,
    "1969.771176470588": 2,
    "2297.3838461538458": 2,
    "2337.994166666667": 2,
    "2639.670833333333": 2,
    "28777.368333333332": 2,
    "289.62576923076927": 1,
    "801.929375": 1,
    "1568.7186666666666": 1,
    "1621.5120833333333": 1,
    "1740.4423076923076": 1,
    "2413.6931250000002": 1,
    "2509.717708333333": 1,
    "2884.783125": 1,
    "3054.4762499999997": 1,
    "4112.217916666667": 1,
    "4469.802083333334": 1,