{
  "colors": {
    "#8b99a7": 4760,
    "#455059": 3359,
    "#3398db": 1646,
    "#c9a022": 852,
    "#de456b": 777,
    "#d26d32": 766,
    "#935cd1": 439,
    "#37ae6f": 174,
    "#c13838": 81,
    "#24b5a8": 20
  },
  "cccts": {
    "6503.44": 10526,
    "0.0": 6194,
    "6602.419999999999": 2046,
    "17326.660779220776": 1690,
    "6647.410909090909": 1405,
    "6665.407272727273": 1287,
    "13117.630476190474": 1089,
    "6116.148571428572": 1032,
    "14019.56554112554": 946,
    "16124.080692640691": 853,
    "6566.427272727272": 787,
    "9509.890216450214": 774,
    "6638.412727272726": 763,
    "20032.465974025974": 719,
    "6344.495238095237": 700,
    "6266.761904761904": 677,
    "16725.370735930734": 657,
    "6718.755064935064": 651,
    "6243.348571428572": 632,
    "6159.180952380952": 631,
    "6656.409090909091": 629,
    "6530.434545454545": 597,
    "6624.915454545455": 583,
    "6635.021428571427": 560,
    "6322.820952380952": 545,
    "6736.697987012986": 520,
    "6615.917272727273": 519,
    "6234.487619047619": 486,
    "6563.24974025974": 465,
    "6714.897272727272": 444,
    "13196.68619047619": 439,
    "16239.07082251082": 435,
    "6678.904545454544": 417,
    "18228.595844155843": 408,
    "6083.874285714284": 392,
    "6137.664761904761": 389,
    "6694.831168831168": 386,
    "6272.247619047619": 381,
    "6575.425454545453": 368,
    "6652.96435064935": 359,
    "6062.258831168831": 357,
    "17456.024675324672": 343,
    "6706.793116883116": 337,
    "14921.500606060607": 321,
    "6629.414545454545": 313,
    "23640.206233766232": 298,
    "6560.852987012987": 295,
    "6019.325714285715": 292,
    "20633.756017316016": 290,
    "6395.8590476190475": 273,
    "6772.583831168831": 270,
    "14109.401580086578": 267,
    "6189.711168831168": 263,
    "5997.809523809523": 258,
    "6301.1466666666665": 254,
    "6742.678961038961": 253,
    "6221.674285714284": 237,
    "6620.416363636364": 222,
    "6748.659935064934": 222,
    "6525.767272727272": 218,
    "6670.907272727273": 217,
    "6202.213333333333": 205,
    "15022.116969696968": 201,
    "6606.91909090909": 200,
    "6170.103116883116": 189,
    "20802.64777056277": 183,
    "6538.525714285713": 174,
    "6766.602857142857": 174,
    "6705.899090909091": 173,
    "6688.8501948051935": 172,
    "6784.545779220778": 167,
    "6712.774090909091": 165,
    "20934.401038961038": 165,
    "6755.389090909091": 163,
    "6534.933636363636": 161,
    "6760.6218831168835": 152,
    "5987.051428571428": 148,
    "6814.450649350649": 148,
    "19731.820952380956": 148,
    "6052.454805194806": 143,
    "6554.473766233766": 142,
    "6543.3101298701295": 125,
    "18368.74006493506": 124,
    "6257.798095238095": 122,
    "6759.888181818182": 119,
    "6179.907142857142": 113,
    "6692.401818181817": 109,
    "6565.637402597402": 107,
    "6387.843809523809": 103,
    "5890.228571428571": 100,
    "6578.3958441558425": 100,
    "6683.403636363635": 100,
    "6719.396363636363": 99,
    "6844.3555194805185": 99,
    "16424.725714285716": 99,
    "6557.663376623376": 95,
    "6701.4": 89,
    "6674.4054545454555": 88,
    "15222.145627705626": 87,
    "6611.418181818181": 85,
    "6030.083809523809": 83,
    "6150.495064935064": 82,
    "6228.927272727273": 81,
    "6802.488701298701": 81,
    "5944.610519480519": 78,
    "6676.888246753247": 77,
    "6548.430909090909": 70,
    "18529.240865800864": 70,
    "6148.422857142857": 66,
    "6651.91": 66,
    "6700.812142857143": 66,
    "6163.8761904761905": 65,
    "6516.198441558441": 61,
    "6575.206233766234": 61,
    "6181.1570995671": 58,
    "16847.547748917747": 58,
    "6633.913636363636": 57,
    "17026.01575757576": 57,
    "6790.526753246752": 54,
    "6548.094545454545": 51,
    "6358.944761904761": 48,
    "6724.7360389610385": 48,
    "15326.355432900431": 48,
    "18829.885887445886": 48,
    "19431.175930735928": 48,
    "22136.981125541122": 45,
    "6287.751428571428": 41,
    "9545.824632034632": 41,
    "6185.550476190476": 40,
    "6265.022857142856": 40,
    "6851.845974025974": 40,
    "23845.0324025974": 39,
    "6642.911818181818": 38,
    "6032.846753246753": 37,
    "17627.3058008658": 37,
    "6042.6507792207785": 34,
    "6579.990649350649": 32,
    "6737.392727272727": 32,
    "6200.0": 31,
    "5869.987402597402": 29,
    "5925.553419913419": 29,
    "6092.251471861472": 29,
    "6514.603636363636": 28,
    "6594.3438961038955": 28,
    "6808.469675324674": 28,
    "19130.53090909091": 28,
    "6258.949523809523": 27,
    "6539.432727272727": 27,
    "6330.045714285713": 26,
    "6513.0088311688305": 26,
    "6191.455238095237": 24,
    "6051.599999999999": 23,
    "14413.640043290041": 23,
    "6258.33935064935": 22,
    "6778.564805194805": 21,
    "15823.43567099567": 21,
    "6669.906363636364": 20,
    "6880.879805194804": 20,
    "6967.981298701297": 20,
    "6070.025064935064": 19,
    "6545.306818181817": 17,
    "6658.945324675324": 17,
    "21535.69108225108": 17,
    "6192.270303030303": 16,
    "6223.729523809524": 16,
    "21106.886233766232": 16,
    "6072.062857142857": 15,
    "6573.611428571428": 15,
    "6687.902727272726": 15,
    "8607.95515151515": 15,
    "14320.21056277056": 15,
    "6696.9009090909085": 14,
    "21836.336103896105": 14,
    "6570.421818181818": 12,
    "6660.908181818182": 12,
    "6519.388051948052": 11,
    "6549.689350649351": 11,
    "6556.068571428571": 11,
    "6710.398181818182": 10,
    "5981.119437229437": 9,
    "6568.8270129870125": 9,
    "6754.640909090908": 9,
    "6586.36987012987": 8,
    "6121.082987012986": 7,
    "6567.232207792207": 7,
    "6728.394545454545": 7,
    "6091.628571428571": 6,
    "6248.535324675324": 6,
    "6551.284155844155": 6,
    "6562.447792207792": 6,
    "5992.23264069264": 5,
    "6105.390476190476": 5,
    "6199.5151948051935": 5,
    "6219.123246753246": 5,
    "6552.87896103896": 5,
    "20333.110995671": 5,
    "6111.278961038961": 4,
    "6539.325844155843": 4,
    "6528.956883116883": 3,
    "6587.1736363636355": 3,
    "6732.893636363636": 3,
    "6003.345844155844": 2,
    "6091.670909090909": 2,
    "6103.364675324675": 2,
    "6136.704285714285": 2,
    "6214.449523809523": 2,
    "6238.731298701298": 2,
    "6337.270476190475": 2,
    "6405.39974025974": 2,
    "6559.258181818182": 2,
    "6730.717012987014": 2,
    "17927.950822510822": 2,
    "6535.336103896104": 1,
    "6546.49974025974": 1,
    "6572.016623376623": 1,
    "6584.7750649350655": 1,
    "20194.170844155844": 1
  },
  "source": {
    "analyze": "light",
    "fontface": "Consolas-Regular",
    "fontsize": 14,
    "language": "c",
    "theme": "Learn with Sumit"
  },
  "average": 7680.837258002476,
  "diff65": 18.16672704619194
}
