{
  "colors": {
    "#8b99a7": 4760,
    "#455059": 3359,
    "#3398db": 1646,
    "#c9a022": 852,
    "#de456b": 777,
    "#d26d32": 766,
    "#935cd1": 439,
    "#37ae6f": 174,
    "#c13838": 81,
    "#24b5a8": 20
  },
  "cccts": {
    "6503.44": 10526,
    "0.0": 6194,
    "6671.40606060606": 1737,
    "17727.520808080808": 1615,
    "19832.03595959596": 1571,
    "6618.916666666667": 1524,
    "6101.804444444443": 1285,
    "6702.899696969697": 1117,
    "6233.7155555555555": 1116,
    "19130.53090909091": 1044,
    "6026.497777777778": 1014,
    "6692.401818181818": 977,
    "6608.418787878788": 966,
    "17861.67595959596": 965,
    "6650.410303030303": 888,
    "6639.912424242424": 886,
    "6660.908181818182": 834,
    "23339.561212121214": 803,
    "17026.01575757576": 784,
    "11413.975353535354": 774,
    "6566.427272727273": 773,
    "6545.431515151515": 758,
    "15623.005656565658": 755,
    "6051.6": 714,
    "6726.729696969695": 705,
    "6768.596515151516": 636,
    "6838.374545454544": 577,
    "6796.507727272726": 550,
    "6754.640909090908": 506,
    "6183.142222222222": 492,
    "6601.129242424243": 465,
    "6126.906666666667": 420,
    "6734.3933333333325": 408,
    "6200.0": 407,
    "6712.774090909091": 398,
    "21936.551111111112": 394,
    "6177.111111111111": 374,
    "19281.455454545452": 372,
    "5954.414545454545": 361,
    "27548.591515151515": 343,
    "5951.19111111111": 337,
    "6250.573333333334": 310,
    "6562.979393939394": 302,
    "6091.670909090908": 299,
    "5900.986666666666": 292,
    "6284.288888888888": 283,
    "6137.423030303029": 280,
    "6740.685303030303": 278,
    "6574.143030303031": 277,
    "6327.724444444444": 273,
    "17151.786212121213": 270,
    "18429.025858585857": 270,
    "15732.006717171715": 263,
    "6216.857777777777": 262,
    "6922.108181818181": 260,
    "6684.862878787878": 254,
    "6681.903939393939": 203,
    "6533.209696969696": 200,
    "21235.046060606062": 181,
    "19991.3452020202": 177,
    "6570.421818181819": 175,
    "6698.818484848485": 172,
    "6755.38909090909": 172,
    "6782.55212121212": 163,
    "6839.372121212122": 163,
    "6810.463333333333": 157,
    "6824.41893939394": 156,
    "6866.285757575757": 152,
    "22638.05616161616": 146,
    "5885.786363636364": 143,
    "6334.862222222222": 139,
    "7005.841818181818": 123,
    "6818.376363636364": 122,
    "6076.702222222221": 117,
    "6559.2581818181825": 114,
    "5977.2906060606065": 107,
    "6132.568888888888": 105,
    "6585.306666666666": 102,
    "5750.373333333333": 100,
    "6551.815757575758": 94,
    "6744.8912121212115": 94,
    "6713.3975757575745": 88,
    "6068.794848484849": 87,
    "22121.01444444444": 86,
    "6597.920909090908": 85,
    "5926.088888888889": 83,
    "5817.158181818181": 78,
    "20533.54101010101": 78,
    "6576.925151515151": 70,
    "6629.414545454545": 69,
    "6670.907272727272": 68,
    "6592.74909090909": 66,
    "6723.8954545454535": 66,
    "5803.308181818182": 63,
    "6514.603636363635": 61,
    "6192.270303030302": 58,
    "6518.324848484847": 54,
    "6001.395555555555": 53,
    "6301.146666666666": 48,
    "6566.700606060606": 48,
    "24742.571313131313": 48,
    "6000.166666666667": 46,
    "6786.882727272728": 45,
    "11472.668232323233": 41,
    "6115.711111111112": 40,
    "6864.749898989898": 40,
    "6880.2413636363635": 40,
    "14921.500606060607": 40,
    "27800.132424242423": 39,
    "5976.293333333332": 38,
    "6160.29909090909": 32,
    "5569.930909090909": 29,
    "6581.585454545454": 29,
    "31757.62181818182": 29,
    "6894.19696969697": 28,
    "6534.933636363636": 27,
    "6615.076363636363": 27,
    "6852.330151515151": 27,
    "6218.2011111111115": 26,
    "6351.719999999999": 26,
    "25444.076363636363": 26,
    "6088.54707070707": 21,
    "6559.2624242424245": 21,
    "6932.495505050506": 20,
    "7000.241111111111": 20,
    "6206.051212121211": 19,
    "24041.066262626264": 19,
    "6525.767272727272": 18,
    "6036.685454545454": 16,
    "16324.510707070707": 16,
    "6589.027878787879": 15,
    "9309.460202020202": 15,
    "26145.581414141416": 15,
    "6023.0427272727275": 14,
    "6577.864242424242": 14,
    "6587.423030303029": 14,
    "6776.384848484849": 14,
    "6807.878484848485": 14,
    "6529.488484848484": 11,
    "6555.53696969697": 10,
    "6881.363636363636": 10,
    "5932.962222222222": 9,
    "6765.886969696969": 9,
    "5862.910303030303": 8,
    "6540.652121212121": 7,
    "6603.912727272727": 7,
    "5997.706666666666": 6,
    "6045.918787878788": 6,
    "6114.5469696969685": 6,
    "6544.373333333333": 6,
    "6548.0945454545445": 6,
    "6637.403636363636": 5,
    "6642.99606060606": 4,
    "6797.380606060607": 4,
    "18571.565707070706": 4,
    "6587.1736363636355": 3,
    "5881.100606060606": 2,
    "5958.893030303029": 2,
    "6343.307575757576": 2,
    "6596.470303030303": 2,
    "6114.4778787878795": 1,
    "6600.191515151515": 1,
    "6607.63393939394": 1,
    "6611.35515151515": 1,
    "6908.1525757575755": 1,
    "23540.793939393934": 1
  },
  "source": {
    "analyze": "light",
    "fontface": "Consolas-Regular",
    "fontsize": 14,
    "language": "c",
    "theme": "Learn with Sumit"
  },
  "average_cct": 8164.987415306854,
  "average_cct_without_background": 4636.973449835265,
  "diff65": 25.61519100472083,
  "background_cct": 6503.44
}
