{
  "colors": {
    "#bfbdb6": 8357,
    "#d2a6ff": 1276,
    "#f29668": 1161,
    "#ff8f40": 710,
    "#59c2ff": 590,
    "#ffb454": 424,
    "#acb6bf": 223,
    "#aad94c": 174,
    "#95e6cb": 52,
    "#39bae6": 15
  },
  "cccts": {
    "13095.76": 10526,
    "0.0": 6194,
    "12529.812525252524": 2051,
    "12423.697373737374": 1574,
    "12649.028686868685": 1557,
    "12706.67111111111": 1495,
    "22550.45656565657": 1166,
    "12208.675555555554": 1116,
    "12565.266565656568": 1103,
    "12459.06909090909": 1084,
    "12565.184242424242": 1075,
    "12265.744646464645": 1037,
    "12110.116767676769": 1006,
    "12246.838787878789": 961,
    "12593.187272727271": 949,
    "12600.55595959596": 922,
    "13733.114545454544": 784,
    "13662.297373737374": 755,
    "12848.157979797981": 749,
    "12883.529696969696": 726,
    "12352.95393939394": 687,
    "12635.927676767678": 652,
    "12161.992727272725": 589,
    "12732.628282828286": 578,
    "12954.273131313132": 571,
    "12732.790808080808": 560,
    "12317.582222222223": 509,
    "12561.722626262626": 506,
    "12042.347222222223": 492,
    "24323.212171717172": 487,
    "12317.620606060605": 482,
    "12421.372525252527": 482,
    "12742.042828282829": 474,
    "23732.293636363636": 463,
    "12494.44080808081": 452,
    "13626.888787878788": 443,
    "20777.70095959596": 443,
    "11850.73696969697": 426,
    "12676.949393939394": 426,
    "13945.566060606061": 423,
    "13768.523131313132": 409,
    "12481.504444444447": 408,
    "12097.789999999999": 407,
    "12034.608484848484": 340,
    "12401.511414141416": 326,
    "11954.48888888889": 320,
    "12264.118333333334": 310,
    "12432.853333333333": 302,
    "21959.538030303032": 298,
    "12375.003888888888": 283,
    "12308.558333333332": 277,
    "12153.232777777777": 262,
    "12388.32565656566": 244,
    "12282.210505050505": 239,
    "27277.80484848485": 224,
    "13910.157474747475": 201,
    "12764.306666666665": 200,
    "12176.095353535355": 189,
    "12621.10797979798": 189,
    "12349.99": 175,
    "17232.18974747475": 175,
    "12425.663030303032": 172,
    "14051.791818181817": 170,
    "14158.017575757578": 163,
    "11386.840404040406": 162,
    "12213.868686868687": 154,
    "11539.481212121213": 152,
    "30823.31606060606": 152,
    "11822.378181818181": 143,
    "12984.07717171717": 138,
    "12816.55292929293": 129,
    "12258.138787878788": 122,
    "12474.285000000002": 114,
    "26095.967777777783": 112,
    "12454.91515151515": 108,
    "11876.01888888889": 105,
    "12615.126363636364": 105,
    "12184.263333333334": 102,
    "12348.107676767677": 95,
    "12453.583737373738": 94,
    "12557.148333333334": 94,
    "12671.299393939393": 90,
    "12537.34585858586": 88,
    "12882.145050505049": 85,
    "13874.748888888891": 83,
    "12006.364848484849": 82,
    "13556.071616161616": 75,
    "12900.315050505053": 70,
    "12101.400000000001": 66,
    "12509.425151515152": 66,
    "12971.465000000002": 61,
    "13520.663030303029": 58,
    "12704.8701010101": 57,
    "12930.033333333335": 54,
    "11902.612929292929": 50,
    "13697.705959595962": 49,
    "12391.421666666667": 48,
    "12140.723636363635": 45,
    "12928.235757575756": 43,
    "11820.57611111111": 40,
    "12105.35191919192": 39,
    "12058.240808080809": 38,
    "13343.620101010103": 38,
    "12393.824090909091": 34,
    "16081.063434343432": 33,
    "11598.805": 31,
    "12211.46707070707": 31,
    "12225.695": 29,
    "12788.632222222222": 29,
    "14370.46909090909": 29,
    "16640.80782828283": 29,
    "12134.492727272725": 28,
    "12241.300202020202": 28,
    "11852.810000000001": 27,
    "13011.997878787879": 27,
    "12809.78611111111": 26,
    "11695.10909090909": 21,
    "12679.79797979798": 21,
    "12473.248484848484": 18,
    "12847.17": 18,
    "12341.90090909091": 16,
    "12627.802727272727": 16,
    "17200.552222222224": 16,
    "23141.3751010101": 16,
    "11798.86101010101": 15,
    "12142.831666666667": 15,
    "14401.830252525253": 15,
    "16454.226363636364": 15,
    "12081.08898989899": 14,
    "12187.896464646465": 14,
    "12267.126666666667": 14,
    "12286.059494949493": 14,
    "12369.821616161616": 14,
    "12872.394343434344": 14,
    "13839.340303030302": 14,
    "15894.48196969697": 14,
    "15521.31904040404": 13,
    "18693.203939393938": 13,
    "13803.93171717172": 12,
    "11746.98505050505": 11,
    "12805.738333333333": 11,
    "12090.614545454546": 10,
    "12515.716666666665": 10,
    "11228.225454545454": 9,
    "12397.742323232324": 9,
    "12523.812222222225": 9,
    "12760.711515151515": 9,
    "14087.200404040404": 8,
    "11977.105": 7,
    "12681.443333333333": 7,
    "12775.337575757576": 7,
    "11432.47666666667": 6,
    "12598.58": 6,
    "12640.011666666667": 6,
    "12844.473636363638": 6,
    "24914.13070707071": 6,
    "11604.220000000001": 5,
    "11643.233131313133": 4,
    "12313.980202020202": 4,
    "16267.644898989898": 4,
    "12059.968333333332": 2,
    "12369.496565656566": 2,
    "12471.81696969697": 2,
    "12549.809848484849": 2,
    "26686.886313131316": 2,
    "11894.241666666667": 1,
    "11935.673333333334": 1,
    "12018.536666666669": 1,
    "12069.980202020202": 1,
    "12202.297373737376": 1,
    "12705.795606060607": 1
  },
  "source": {
    "analyze": "dark",
    "fontface": "Consolas-Regular",
    "fontsize": 14,
    "language": "c",
    "theme": "Ayu"
  },
  "average_cct": 11985.953053306528,
  "average_cct_without_background": 2968.0209381374325,
  "diff65": 84.39927774317736,
  "background_cct": 13095.76
}
