{
  "colors": {
    "#bfbdb6": 8357,
    "#d2a6ff": 1276,
    "#f29668": 1161,
    "#ff8f40": 710,
    "#59c2ff": 590,
    "#ffb454": 424,
    "#acb6bf": 223,
    "#aad94c": 174,
    "#95e6cb": 52,
    "#39bae6": 15
  },
  "cccts": {
    "13095.76": 10526,
    "0.0": 6194,
    "12762.255238095238": 2268,
    "12550.024935064934": 1684,
    "12610.662164502164": 1660,
    "12664.983376623375": 1273,
    "12295.38805194805": 1101,
    "12504.547012987014": 946,
    "12716.777316017316": 884,
    "12580.34354978355": 848,
    "12832.50761904762": 803,
    "12944.166926406926": 749,
    "12640.98077922078": 736,
    "12883.5296969697": 726,
    "12606.64380952381": 689,
    "12712.847445887444": 669,
    "12573.01380952381": 664,
    "22212.78883116883": 662,
    "12240.357142857143": 632,
    "12539.946147186147": 601,
    "12413.59116883117": 600,
    "12873.43445887446": 578,
    "13429.612380952381": 572,
    "21199.78562770563": 559,
    "13581.363463203463": 546,
    "12501.730238095239": 545,
    "13611.713679653682": 524,
    "12384.318268398269": 508,
    "18667.27761904762": 490,
    "13004.804155844156": 474,
    "12729.562943722944": 470,
    "19427.030021645023": 457,
    "12533.357186147186": 444,
    "12796.609567099567": 438,
    "13778.639870129871": 419,
    "12383.272554112555": 417,
    "12629.085324675327": 417,
    "12688.915411255412": 411,
    "12671.299393939395": 402,
    "12095.295064935066": 396,
    "12335.401904761904": 381,
    "12489.387705627705": 373,
    "13642.063896103895": 364,
    "12339.853160173161": 332,
    "12477.802467532469": 326,
    "12760.711515151515": 299,
    "12456.528571428571": 295,
    "12428.750476190475": 261,
    "12228.690389610392": 257,
    "12772.677532467533": 257,
    "12430.446666666665": 254,
    "12474.228398268397": 254,
    "12701.61800865801": 245,
    "12169.073571428571": 237,
    "20186.782424242425": 231,
    "12050.829956709958": 225,
    "24492.046038961038": 224,
    "12847.17": 218,
    "12368.113246753246": 212,
    "13520.66303030303": 201,
    "12565.184242424242": 194,
    "12473.248484848484": 191,
    "24998.547640692643": 191,
    "12443.909783549785": 189,
    "12625.821471861473": 189,
    "15628.26800865801": 175,
    "12705.118571428571": 174,
    "22972.541233766235": 173,
    "12307.476017316018": 170,
    "13960.74116883117": 163,
    "11814.070303030305": 162,
    "12231.67948051948": 158,
    "12595.502857142857": 152,
    "27531.055649350652": 152,
    "12557.289220779221": 144,
    "12527.554285714286": 142,
    "13793.81497835498": 141,
    "12028.597402597403": 137,
    "11828.504415584415": 128,
    "21706.28722943723": 127,
    "12651.849285714286": 125,
    "12820.541601731602": 124,
    "12287.879523809523": 122,
    "12656.140086580086": 122,
    "13475.137705627705": 121,
    "12413.697012987011": 119,
    "13596.538571428571": 114,
    "12593.187272727273": 109,
    "13763.464761904761": 109,
    "12403.259285714286": 107,
    "12546.464415584414": 105,
    "12261.207857142857": 100,
    "12521.39116883117": 99,
    "12989.644848484848": 97,
    "13011.997878787877": 96,
    "12492.04142857143": 95,
    "13687.589220779222": 93,
    "12337.794632034633": 91,
    "13535.838138528137": 91,
    "12569.255238095238": 89,
    "12226.041991341992": 88,
    "12958.436103896105": 85,
    "13808.990086580086": 85,
    "12523.5770995671": 81,
    "12747.09593073593": 76,
    "12362.085714285713": 75,
    "12976.099826839827": 70,
    "12700.881428571429": 66,
    "11978.98404761905": 65,
    "12534.865627705627": 63,
    "12296.720714285713": 61,
    "12953.708571428571": 61,
    "12748.745497835498": 57,
    "12928.23575757576": 57,
    "13824.165194805193": 54,
    "12598.58": 51,
    "12592.239047619049": 50,
    "20440.033225108225": 50,
    "12117.527619047618": 48,
    "12638.01367965368": 48,
    "13023.963896103896": 42,
    "12050.267619047618": 40,
    "12311.640714285713": 40,
    "12322.635324675326": 39,
    "12459.06909090909": 39,
    "12724.813463203463": 38,
    "13247.511082251083": 38,
    "12451.015930735932": 36,
    "12243.451428571429": 32,
    "12473.527099567098": 32,
    "12097.79": 31,
    "15654.591515151513": 31,
    "12026.506428571429": 29,
    "12460.675129870131": 29,
    "13657.239004329003": 29,
    "13884.865627705627": 29,
    "12083.64357142857": 28,
    "12317.620606060607": 28,
    "12971.465": 28,
    "12736.77948051948": 27,
    "12850.639523809523": 27,
    "13000.031861471862": 27,
    "15974.445454545454": 27,
    "12206.457835497835": 26,
    "12989.22142857143": 26,
    "12273.155497835498": 25,
    "12617.119307359308": 24,
    "11939.667186147184": 23,
    "12161.99272727273": 23,
    "12398.431861471863": 23,
    "19680.280822510824": 23,
    "25251.79844155844": 23,
    "12653.017359307358": 20,
    "12661.228246753248": 19,
    "15094.847121212122": 17,
    "12184.225281385281": 16,
    "12783.788484848485": 16,
    "14854.956666666667": 16,
    "12314.477142857142": 15,
    "12605.15329004329": 15,
    "13895.39484848485": 15,
    "12271.816623376622": 14,
    "12317.591255411256": 14,
    "12454.915151515152": 14,
    "12500.689783549786": 14,
    "12581.221255411258": 14,
    "16854.04378787879": 14,
    "16934.00727272727": 14,
    "17653.678636363635": 13,
    "12349.99": 12,
    "12676.949393939394": 12,
    "12139.760173160174": 11,
    "12509.797857142858": 11,
    "12580.823571428571": 11,
    "12918.195714285715": 11,
    "12545.323203463204": 10,
    "13490.312813852815": 10,
    "12367.746428571429": 9,
    "12572.093528138528": 9,
    "12172.425714285713": 8,
    "11984.132294372295": 7,
    "12385.502857142856": 7,
    "12497.459134199134": 7,
    "12775.337575757578": 7,
    "11741.372142857143": 6,
    "12438.772142857144": 6,
    "12563.067142857144": 6,
    "12808.575584415585": 6,
    "12545.310714285715": 5,
    "12583.235367965368": 5,
    "13566.188354978356": 5,
    "12406.550822510824": 4,
    "12784.64354978355": 4,
    "13702.764329004329": 4,
    "11961.899740259742": 3,
    "12073.06251082251": 3,
    "12485.493116883117": 3,
    "12517.713593073595": 3,
    "12811.657142857142": 3,
    "15814.518484848484": 3,
    "21453.036428571428": 3,
    "12002.745238095238": 2,
    "12145.31238095238": 2,
    "12250.922943722944": 2,
    "12474.285000000002": 2,
    "12519.70632034632": 2,
    "12549.252619047618": 2,
    "12594.377207792208": 2,
    "12694.653766233767": 2,
    "12728.079285714286": 2,
    "13505.487922077924": 2,
    "16214.33590909091": 2,
    "22466.039632034634": 2,
    "24238.795238095237": 2,
    "12190.182142857144": 1,
    "12332.233571428571": 1,
    "12425.66303030303": 1,
    "12616.33642857143": 1,
    "12740.631428571429": 1,
    "12904.303722943723": 1
  },
  "source": {
    "analyze": "dark",
    "fontface": "Consolas-Regular",
    "fontsize": 14,
    "language": "c",
    "theme": "Ayu"
  },
  "average": 11928.772109252785,
  "diff65": 83.51957091158131
}
