{
  "colors": {
    "#bbbbbb": 2876,
    "#e06c75": 1871,
    "#abb2bf": 1214,
    "#56b6c2": 540,
    "#61afef": 521,
    "#98c379": 421,
    "#c678dd": 243,
    "#d19a66": 228,
    "#676f7d": 223,
    "#e5c07b": 174
  },
  "cccts": {
    "3251.72": 1247,
    "4444.575": 1205,
    "1031.135": 1116,
    "2770.12": 1074,
    "1490.3716666666664": 874,
    "3866.73": 784,
    "2255.5925": 754,
    "1375.7276923076922": 742,
    "1354.8833333333332": 736,
    "1445.2088888888886": 736,
    "2963.0499999999997": 695,
    "2167.813333333333": 692,
    "4064.6499999999996": 674,
    "2813.9884615384613": 617,
    "1535.5344444444443": 606,
    "1880.3971153846153": 599,
    "3462.6499999999996": 575,
    "2258.1388888888887": 558,
    "1846.7466666666664": 547,
    "2577.8199999999997": 521,
    "1923.6944444444443": 482,
    "2126.7015": 470,
    "5800.095": 470,
    "4452.93": 467,
    "4017.2120192307693": 444,
    "436.24942307692305": 442,
    "3522.6966666666663": 433,
    "1171.9738461538461": 419,
    "4814.956249999999": 409,
    "2642.0225": 407,
    "2397.2192307692308": 393,
    "2098.827083333333": 385,
    "6679.395": 385,
    "687.4233333333333": 381,
    "59683.62548076923": 357,
    "1635.9242307692307": 356,
    "4188.9574999999995": 355,
    "870.02015625": 326,
    "1308.112222222222": 317,
    "2685.2291666666665": 316,
    "3086.5104166666665": 304,
    "2709.7666666666664": 297,
    "1879.675": 286,
    "3456.8916666666664": 286,
    "716.0659722222222": 283,
    "1782.1926923076924": 277,
    "247.8689903846154": 276,
    "45978.49666666666": 274,
    "1825.9558333333332": 273,
    "2939.0546153846153": 271,
    "1692.851111111111": 270,
    "801.9938888888889": 268,
    "4081.8525000000004": 263,
    "4638.46875": 263,
    "2592.6687500000003": 257,
    "3750.11015625": 256,
    "2777.5108333333333": 254,
    "3000.963333333333": 251,
    "4833.4125": 251,
    "1987.1622222222222": 239,
    "1117.0629166666665": 237,
    "630.1380555555556": 236,
    "2529.1155555555556": 228,
    "2503.762307692308": 222,
    "5195.085": 217,
    "1243.304705882353": 204,
    "1625.86": 204,
    "1644.715625": 200,
    "2716.1291666666666": 198,
    "3346.208653846154": 196,
    "2371.045833333333": 194,
    "6037.145480769232": 192,
    "7236.01125": 192,
    "3494.9290384615383": 191,
    "1456.4995833333332": 189,
    "32568.101805555554": 189,
    "781.6634615384615": 187,
    "1050.0345833333333": 186,
    "2825.8978846153846": 177,
    "2154.5377777777776": 174,
    "1896.8366666666666": 172,
    "2751.4553846153844": 172,
    "555.2265384615384": 162,
    "3007.456666666667": 157,
    "2890.4177777777772": 156,
    "1253.1166666666666": 146,
    "3846.266826923077": 144,
    "6849.385625000001": 141,
    "486.9248611111111": 136,
    "515.5675": 136,
    "2363.001666666667": 134,
    "1068.407451923077": 131,
    "676.7580769230768": 128,
    "1518.2388461538462": 128,
    "1599.61": 125,
    "1703.75375": 124,
    "665.8942307692307": 119,
    "2435.9689903846156": 119,
    "795.2471153846153": 116,
    "1066.4066666666665": 115,
    "9827.379375": 113,
    "475.90846153846155": 105,
    "2036.314583333333": 105,
    "1698.9370192307692": 100,
    "3437.0933333333332": 100,
    "755.3713888888889": 97,
    "1305.329861111111": 93,
    "887.6243055555556": 91,
    "1693.6041666666667": 91,
    "1964.5808333333332": 90,
    "2462.3288888888887": 89,
    "1546.7024999999999": 85,
    "929.5024038461539": 81,
    "53641.57944444444": 81,
    "3760.7942307692306": 79,
    "2303.3016666666667": 78,
    "37799.62947115385": 78,
    "68967.745": 78,
    "1099.8464705882352": 76,
    "1912.7764705882353": 76,
    "1384.2778846153847": 75,
    "5555.71875": 70,
    "1538.5067307692307": 69,
    "3660.822259615385": 68,
    "931.9874038461538": 65,
    "2235.5575": 63,
    "939.8375": 62,
    "358.0329861111111": 60,
    "1626.641826923077": 59,
    "3154.15875": 58,
    "4035.4678125": 58,
    "2119.265480769231": 56,
    "1503.7283333333335": 55,
    "1096.4770833333334": 54,
    "1148.6902777777777": 54,
    "1904.4575": 50,
    "3271.8484615384614": 50,
    "1790.1760416666666": 49,
    "1338.4834615384616": 48,
    "2690.3118750000003": 48,
    "1244.141111111111": 46,
    "3950.733333333333": 46,
    "2506.534166666667": 45,
    "6666.862499999999": 42,
    "8349.243750000001": 41,
    "654.3741346153846": 40,
    "872.4988461538461": 40,
    "1309.7205555555556": 40,
    "1461.9694444444444": 40,
    "1125.5953846153845": 39,
    "1727.47625": 39,
    "2658.376875": 38,
    "1615.9033333333334": 37,
    "1732.9108333333331": 37,
    "567.1242500000001": 36,
    "876.7093269230769": 36,
    "2343.9476923076923": 36,
    "977.5394444444445": 34,
    "62336.231057692305": 34,
    "2820.5956730769226": 33,
    "3055.6453125": 33,
    "42146.95527777778": 32,
    "451.8449519230769": 31,
    "601.4954166666668": 31,
    "1445.801346153846": 31,
    "1219.395": 30,
    "483.34453125": 29,
    "2250.7225": 29,
    "2348.4644444444443": 29,
    "5148.700312500001": 29,
    "1030.2064903846156": 28,
    "1435.22734375": 28,
    "2019.8791666666664": 28,
    "1110.8402777777776": 27,
    "1851.90625": 27,
    "1975.3666666666666": 27,
    "2063.591538461538": 27,
    "2222.2875": 27,
    "2453.886346153846": 27,
    "2308.4333333333334": 26,
    "2449.1115": 26,
    "2819.5125": 26,
    "3148.240625": 26,
    "3611.2171875": 26,
    "61304.662222222214": 26,
    "1757.960769230769": 25,
    "3703.8125": 24,
    "1558.1158333333333": 23,
    "4824.007500000001": 23,
    "1670.822222222222": 22,
    "384.5216346153846": 21,
    "1353.5161538461537": 20,
    "958.8876923076922": 19,
    "1557.4329166666666": 19,
    "47894.26736111111": 19,
    "1115.7427777777777": 18,
    "1673.6141666666665": 18,
    "2135.3008333333332": 18,
    "1421.8755555555554": 17,
    "2366.1441666666665": 16,
    "730.9847222222222": 15,
    "1590.4942307692306": 15,
    "1769.3182352941174": 15,
    "3796.4078124999996": 15,
    "744.708611111111": 14,
    "1990.79921875": 14,
    "2407.4781249999996": 14,
    "2418.3716911764704": 14,
    "3889.0031249999997": 14,
    "650.6567307692308": 12,
    "1269.6383333333333": 12,
    "1962.1683333333333": 12,
    "1999.5124999999998": 12,
    "2037.0968749999997": 12,
    "3240.8359374999995": 12,
    "1240.7829166666668": 11,
    "2349.59375": 11,
    "2792.6383333333333": 11,
    "2870.4546875": 10,
    "1292.2765625": 9,
    "1527.2359374999999": 9,
    "1605.5557291666667": 9,
    "2129.6921875": 9,
    "29178.661346153844": 9,
    "2685.2640625": 8,
    "6551.58625": 8,
    "400.99694444444447": 7,
    "495.7379807692308": 7,
    "1507.271176470588": 7,
    "1566.3958333333333": 7,
    "58357.32269230769": 7,
    "565.1412980769231": 6,
    "757.0913194444445": 6,
    "783.1979166666666": 6,
    "835.411111111111": 6,
    "1442.7708333333335": 6,
    "2051.3423076923077": 6,
    "2314.8828125": 6,
    "3426.0265625": 6,
    "49810.03805555555": 6,
    "74715.05708333332": 6,
    "553.7111538461538": 5,
    "1135.6369791666666": 5,
    "1155.273888888889": 5,
    "2103.9560294117646": 5,
    "3200.5434375000004": 5,
    "9231.780625000001": 5,
    "27778.67506944444": 5,
    "1033.82125": 4,
    "1331.4364583333333": 4,
    "1448.9161458333333": 4,
    "1605.6237980769233": 4,
    "1728.4458333333332": 4,
    "1788.4460000000001": 4,
    "2444.51625": 4,
    "3209.9708333333333": 4,
    "4877.58": 4,
    "5937.24": 4,
    "11911.975": 4,
    "23873.45019230769": 4,
    "606.9783854166667": 3,
    "644.2873611111111": 3,
    "1264.5577777777778": 3,
    "1471.62625": 3,
    "2000.642222222222": 3,
    "2100.0691666666667": 3,
    "2361.18046875": 3,
    "5780.245673076924": 3,
    "16578.78485576923": 3,
    "348.76625": 2,
    "494.08552083333336": 2,
    "606.5500000000001": 2,
    "881.09765625": 2,
    "894.5179166666667": 2,
    "1022.764338235294": 2,
    "1038.795": 2,
    "1096.5058333333332": 2,