{
  "colors": {
    "#bbbbbb": 5319,
    "#e06c75": 1871,
    "#abb2bf": 1214,
    "#56b6c2": 540,
    "#61afef": 521,
    "#98c379": 421,
    "#c678dd": 243,
    "#d19a66": 228,
    "#676f7d": 223,
    "#e5c07b": 174
  },
  "cccts": {
    "9565.78": 10526,
    "0.0": 6194,
    "9419.954285714286": 1744,
    "9353.669870129872": 1490,
    "9327.156103896104": 1316,
    "9513.055584415586": 1273,
    "9252.101558441558": 1095,
    "9478.526666666667": 960,
    "9340.41298701299": 888,
    "9423.001818181818": 832,
    "9533.559523809523": 803,
    "9400.068961038962": 745,
    "9366.926753246753": 736,
    "9510.255151515154": 723,
    "9208.470000000001": 714,
    "9374.08761904762": 689,
    "9499.495584415587": 674,
    "9307.27077922078": 671,
    "9518.913852813854": 669,
    "8981.09090909091": 646,
    "9159.74590909091": 626,
    "9267.500129870132": 617,
    "9347.94774891775": 601,
    "9478.6470995671": 575,
    "9438.86606060606": 501,
    "9286.95471861472": 499,
    "9305.918181818182": 470,
    "9541.983636363637": 470,
    "9746.399523809523": 466,
    "9496.945346320346": 444,
    "9529.165822510824": 438,
    "9828.499307359309": 435,
    "9508.661883116883": 417,
    "9515.98471861472": 411,
    "9466.628484848485": 397,
    "9173.68194805195": 393,
    "9861.339220779222": 385,
    "9046.056363636364": 381,
    "9300.642337662337": 373,
    "22069.32318181818": 357,
    "9411.103636363638": 355,
    "9380.183636363638": 352,
    "9269.528138528138": 329,
    "9127.263181818182": 326,
    "9524.772121212123": 299,
    "9113.33090909091": 295,
    "9274.128571428571": 287,
    "9187.958831168831": 277,
    "9430.93393939394": 273,
    "9254.243246753247": 271,
    "9111.021818181818": 268,
    "9771.02945887446": 267,
    "18457.188484848484": 263,
    "9225.96168831169": 257,
    "9526.23668831169": 257,
    "9294.013896103896": 254,
    "9526.119393939394": 251,
    "8932.36681818182": 237,
    "9393.44051948052": 233,
    "9156.255367965368": 222,
    "9389.827575757578": 218,
    "9795.659393939395": 217,
    "9387.307272727272": 196,
    "9333.784545454546": 194,
    "9951.648982683982": 192,
    "9379.375151515153": 191,
    "9280.757012987013": 189,
    "9360.298311688312": 189,
    "19012.901515151516": 189,
    "9321.807878787879": 188,
    "9289.283333333335": 174,
    "9221.10103896104": 170,
    "9885.969155844155": 163,
    "8656.263636363637": 162,
    "9262.610476190477": 162,
    "9454.730303030305": 157,
    "9499.87448051948": 144,
    "9163.603030303031": 142,
    "11459.840952380953": 141,
    "9147.542077922079": 137,
    "9013.573636363637": 136,
    "9069.684415584416": 130,
    "9373.555194805194": 130,
    "9069.122467532468": 128,
    "9251.579242424243": 125,
    "9532.094956709958": 124,
    "9375.40909090909": 120,
    "9482.299675324675": 119,
    "9124.806147186147": 116,
    "10924.562857142857": 113,
    "9504.268181818183": 109,
    "9075.62681818182": 107,
    "9803.869372294374": 106,
    "9175.987272727272": 105,
    "8975.082575757577": 100,
    "9495.48077922078": 99,
    "9097.245281385281": 97,
    "9555.52803030303": 96,
    "9138.46696969697": 95,
    "9247.614805194806": 94,
    "9234.357922077923": 91,
    "9347.041428571429": 90,
    "9501.339047619049": 89,
    "8948.608181818181": 88,
    "9468.33181818182": 85,
    "19568.614545454544": 82,
    "17345.762424242424": 81,
    "25403.601363636364": 78,
    "9413.325844155845": 76,
    "8945.66051948052": 75,
    "9278.24142857143": 75,
    "9551.13432900433": 70,
    "10033.748766233768": 68,
    "9517.449285714287": 66,
    "8802.43590909091": 65,
    "9434.9": 65,
    "9538.017575757576": 65,
    "9000.218636363637": 61,
    "9465.235757575758": 61,
    "9320.527662337663": 60,
    "9844.919264069264": 58,
    "9523.307554112554": 57,
    "9545.27606060606": 57,
    "9339.714545454546": 56,
    "9213.875151515153": 51,
    "9391.273333333334": 50,
    "9182.39523809524": 48,
    "9221.269177489177": 48,
    "9240.95272727273": 48,
    "9179.92787878788": 46,
    "9556.9925974026": 42,
    "9647.879783549786": 41,
    "15678.623333333335": 41,
    "8851.160000000002": 40,
    "9029.815": 40,
    "9227.729480519482": 39,
    "9520.37841991342": 38,
    "9028.343116883118": 37,
    "22902.892727272727": 37,
    "8780.295324675326": 36,
    "9313.094588744589": 36,
    "9959.858961038963": 36,
    "22625.036212121213": 34,
    "8962.514545454545": 32,
    "9489.622510822512": 32,
    "9519.38090909091": 32,
    "8883.642727272727": 31,
    "8918.099653679654": 31,
    "8834.918636363636": 29,
    "9869.5491991342": 29,
    "9992.698874458876": 29,
    "8849.402272727273": 28,
    "9260.814848484848": 28,
    "9477.803787878789": 28,
    "9521.84298701299": 27,
    "9554.063463203463": 27,
    "9217.248398268397": 26,
    "9490.371818181819": 26,
    "9243.38826839827": 25,
    "9507.197316017317": 24,
    "9112.688917748917": 23,
    "9199.821818181817": 23,
    "9260.87168831169": 23,
    "9779.239437229437": 23,
    "16512.19287878788": 22,
    "9399.205454545454": 21,
    "8959.440952380954": 20,
    "9511.59101731602": 20,
    "9450.764242424242": 19,
    "8904.319220779222": 16,
    "9208.535108225109": 16,
    "9287.385454545454": 16,
    "9012.786666666667": 15,
    "9505.73274891775": 15,
    "9143.504545454545": 14,
    "9502.803614718616": 14,
    "9037.922727272728": 12,
    "9427.975670995673": 12,
    "9514.520151515153": 12,
    "9151.035": 11,
    "9191.10852813853": 11,
    "9201.307121212123": 11,
    "9440.099696969699": 11,
    "9462.662424242424": 11,
    "9498.409913419915": 10,
    "9050.490757575759": 9,
    "8912.242424242426": 8,
    "11377.490476190478": 8,
    "9063.058787878788": 7,
    "9130.115497835499": 7,
    "9338.400909090911": 7,
    "9492.551645021646": 7,
    "21791.466666666667": 7,
    "8640.022272727274": 6,
    "9100.762878787878": 6,
    "9188.739090909094": 6,
    "9530.630389610391": 6,
    "16790.049393939396": 6,
    "20402.184090909093": 6,
    "9176.17106060606": 5,
    "9207.488744588743": 5,
    "9419.035757575759": 5,
    "9943.439004329004": 5,
    "10842.212380952382": 5,
    "17623.61893939394": 5,
    "9295.668008658009": 4,
    "9526.009350649352": 4,
    "9527.701255411257": 4,
    "11212.789523809523": 4,
    "9121.402207792209": 3,
    "9164.968658008658": 3,
    "9166.147445887445": 3,
    "9339.23445887446": 3,
    "9364.691515151515": 3,
    "9472.98181818182": 3,
    "9491.087077922079": 3,
    "9935.229025974028": 3,
    "8818.677272727273": 2,
    "8916.125454545454": 2,
    "9125.898939393941": 2,
    "9192.228636363636": 2,
    "9234.674978354979": 2,
    "9313.899220779222": 2,
    "9836.709285714287": 2,
    "10677.51142857143": 2,
    "12344.345151515154": 2,
    "21235.753636363635": 2,
    "8924.810454545455": 1,
    "9025.354696969696": 1,
    "9111.025714285714": 1,
    "9226.443181818182": 1,
    "9314.419393939395": 1,
    "9483.764242424242": 1,
    "9542.346926406926": 1,
    "11171.614285714288": 1
  },
  "source": {
    "analyze": "dark",
    "fontface": "Consolas-Regular",
    "fontsize": 14,
    "language": "c",
    "theme": "One Monokai"
  },
  "average": 8637.169286740005,
  "diff65": 32.87952748830777
}
