{
  "colors": {
    "#bbbbbb": {
      "cct": 6503.44,
      "frequency": 3918
    },
    "#e06c75": {
      "cct": 2062.27,
      "frequency": 1871
    },
    "#282c34": {
      "cct": 6503.44,
      "frequency": 1401
    },
    "#abb2bf": {
      "cct": 7733.46,
      "frequency": 1214
    },
    "#56b6c2": {
      "cct": 13358.79,
      "frequency": 540
    },
    "#61afef": {
      "cct": 137935.49,
      "frequency": 521
    },
    "#98c379": {
      "cct": 5540.24,
      "frequency": 421
    },
    "#c678dd": {
      "cct": 28588.74,
      "frequency": 243
    },
    "#d19a66": {
      "cct": 3199.22,
      "frequency": 228
    },
    "#676f7d": {
      "cct": 8889.15,
      "frequency": 223
    },
    "#e5c07b": {
      "cct": 3759.35,
      "frequency": 174
    }
  },
  "cccts": {
    "9565.78": 10526,
    "0.0": 6194,
    "9511.102828282828": 1557,
    "9395.650000000001": 1495,
    "9318.318181818184": 1484,
    "9271.91909090909": 1255,
    "8959.435757575759": 1144,
    "9333.784545454548": 1131,
    "9500.85085858586": 1103,
    "9417.713737373739": 1053,
    "9872.28585858586": 1026,
    "9240.48383838384": 1022,
    "9287.385454545454": 1012,
    "9179.490808080809": 1006,
    "9194.587272727274": 978,
    "9504.268181818183": 949,
    "9349.250909090908": 922,
    "9389.951313131314": 823,
    "9510.255151515154": 723,
    "9457.515454545455": 674,
    "9240.986363636364": 649,
    "9073.125303030303": 609,
    "9199.82181818182": 583,
    "9423.46292929293": 575,
    "9521.354797979799": 560,
    "9364.717272727274": 558,
    "9528.763434343435": 535,
    "9399.205454545456": 509,
    "8845.746212121212": 506,
    "9186.81484848485": 506,
    "9260.81484848485": 482,
    "9301.476868686868": 482,
    "9473.238585858588": 470,
    "9101.789090909091": 459,
    "8883.642727272729": 435,
    "9514.520151515153": 426,
    "9077.835757575758": 423,
    "9490.59888888889": 408,
    "9302.851818181818": 404,
    "9910.59909090909": 388,
    "25125.74484848485": 357,
    "9118.497777777779": 317,
    "9445.476161616161": 316,
    "8997.332272727273": 310,
    "9096.573535353536": 302,
    "21235.753636363635": 299,
    "9426.96787878788": 284,
    "9362.188888888888": 280,
    "19939.0898989899": 280,
    "9008.597323232323": 277,
    "8921.539242424244": 276,
    "9853.129242424244": 271,
    "9210.053636363637": 265,
    "9814.81601010101": 263,
    "9225.52": 260,
    "9501.00101010101": 251,
    "9256.452727272728": 203,
    "9331.176767676769": 200,
    "9051.310505050506": 198,
    "9929.755707070708": 197,
    "9343.680606060607": 196,
    "9163.654545454547": 189,
    "9507.685505050506": 189,
    "9037.922727272728": 175,
    "9483.764242424244": 172,
    "8353.091515151516": 162,
    "8987.00181818182": 160,
    "9220.15282828283": 154,
    "8955.849696969697": 152,
    "9008.99090909091": 143,
    "12159.820000000002": 141,
    "9552.110707070708": 138,
    "8954.847474747476": 137,
    "9531.606767676769": 129,
    "9463.260303030303": 122,
    "9987.225555555557": 115,
    "9125.898939393941": 114,
    "9083.46484848485": 113,
    "9111.021818181818": 108,
    "8732.056666666667": 105,
    "9224.711363636365": 105,
    "8920.621111111112": 102,
    "11775.517777777777": 100,
    "9035.228787878788": 95,
    "9184.549747474748": 94,
    "9487.181565656565": 94,
    "9380.183636363638": 90,
    "9497.433535353535": 88,
    "21884.085505050505": 87,
    "9408.459595959597": 86,
    "9414.19393939394": 85,
    "9138.828787878789": 82,
    "29015.73606060606": 78,
    "8794.075757575758": 75,
    "9541.85873737374": 70,
    "8861.970303030304": 66,
    "9494.016212121212": 66,
    "10083.008636363636": 63,
    "9477.803787878789": 61,
    "9795.659393939393": 58,
    "9517.937474747476": 57,
    "9288.155757575758": 56,
    "9448.478383838383": 54,
    "9098.166767676768": 50,
    "9352.934747474748": 50,
    "9067.248131313132": 48,
    "9380.697171717173": 48,
    "9148.188181818181": 45,
    "23829.08111111111": 44,
    "9545.276060606062": 43,
    "9699.876313131314": 41,
    "8694.16015151515": 40,
    "9132.721818181819": 39,
    "10140.478484848485": 39,
    "9159.159797979799": 38,
    "9371.44303030303": 38,
    "8601.149696969698": 36,
    "9503.914545454545": 36,
    "19290.75803030303": 32,
    "8542.574090909091": 31,
    "8858.384444444446": 31,
    "9179.12090909091": 31,
    "8949.946515151516": 29,
    "9528.189444444444": 29,
    "10255.418181818182": 29,
    "8686.01787878788": 27,
    "9147.773535353535": 27,
    "9555.52803030303": 27,
    "9776.502777777778": 26,
    "9016.842727272728": 21,
    "9019.156161616162": 21,
    "8826.230101010102": 20,
    "17994.094292929294": 19,
    "9321.807878787879": 18,
    "9389.827575757578": 18,
    "9473.512272727274": 16,
    "8891.295707070707": 15,
    "9057.504747474748": 15,
    "8979.27191919192": 14,
    "9466.677626262626": 14,
    "9476.929595959597": 14,
    "9538.441414141414": 14,
    "11583.366666666667": 14,
    "9340.699595959597": 12,
    "9037.173737373738": 11,
    "9360.502171717173": 11,
    "9155.224343434344": 10,
    "9442.756363636363": 10,
    "8833.863636363636": 9,
    "9480.34691919192": 9,
    "9524.772121212121": 9,
    "12255.895555555557": 8,
    "8773.994090909091": 7,
    "9272.52595959596": 7,
    "9338.400909090911": 7,
    "24477.412979797977": 7,
    "8428.884545454546": 6,
    "9213.875151515153": 6,
    "9243.200555555557": 6,
    "9535.024090909092": 6,
    "8510.065454545456": 5,
    "8922.693131313132": 5,
    "8996.511717171717": 4,
    "9411.116363636364": 4,
    "9470.09494949495": 4,
    "9891.442474747475": 4,
    "11871.593333333336": 4,
    "22532.41737373737": 4,
    "9472.98181818182": 3,
    "10025.538787878788": 3,
    "11199.064444444446": 3,
    "20587.42176767677": 3,
    "8832.6448989899": 2,
    "9281.14585858586": 2,
    "9968.06893939394": 2,
    "11487.291111111112": 2,
    "11679.442222222222": 2,
    "14104.103080808081": 2,
    "8715.343282828282": 1,
    "8744.668686868688": 1,
    "8803.319494949495": 1,
    "9117.255454545455": 1,
    "9456.425656565658": 1
  },
  "source": {
    "analyze": "dark",
    "fontface": "Consolas-Regular",
    "fontsize": 14,
    "language": "c",
    "theme": "One Monokai"
  },
  "average_cct": 8659.239683725578,
  "average_cct_without_background": 2580.9860535313,
  "diff65": 33.21907205731659,
  "background_cct": 9565.78
}
