{
  "colors": {
    "#bbbbbb": 5319,
    "#e06c75": 1871,
    "#abb2bf": 1214,
    "#56b6c2": 540,
    "#61afef": 521,
    "#98c379": 421,
    "#c678dd": 243,
    "#d19a66": 228,
    "#676f7d": 223,
    "#e5c07b": 174
  },
  "cccts": {
    "9565.78": 10526,
    "0.0": 6194,
    "8909.564285714287": 1247,
    "9420.787857142857": 1204,
    "8703.164285714287": 1074,
    "9265.014464285714": 874,
    "9173.140000000001": 784,
    "9294.120806451614": 742,
    "9274.128571428571": 736,
    "9292.356785714286": 736,
    "9336.740000000002": 733,
    "9469.118571428571": 695,
    "9128.302857142859": 692,
    "8608.79875": 674,
    "7957.885000000001": 646,
    "9010.113467741936": 617,
    "9255.900357142857": 606,
    "9505.756370967742": 599,
    "8307.79875": 575,
    "9110.074642857144": 558,
    "8990.702857142858": 547,
    "9304.02": 521,
    "8966.74130952381": 482,
    "7898.333333333333": 470,
    "8878.66": 470,
    "9355.826666666668": 470,
    "10107.638571428572": 467,
    "9437.547701612904": 444,
    "8900.146048387098": 442,
    "8854.879642857142": 433,
    "9208.675645161291": 419,
    "9032.604732142858": 407,
    "8835.33927419355": 393,
    "9408.70517857143": 391,
    "9497.311488095238": 385,
    "10378.56785714286": 385,
    "8493.85": 381,
    "32858.670927419356": 357,
    "9403.235483870969": 356,
    "9140.42": 355,
    "8232.919671052632": 326,
    "9158.433690476191": 317,
    "9293.113333333333": 316,
    "9465.091011904762": 304,
    "9018.933571428572": 297,
    "9453.008333333335": 286,
    "8321.545000000002": 283,
    "8449.18625": 283,
    "9213.857862903225": 277,
    "9187.578891129033": 276,
    "9380.366666666667": 273,
    "8985.417177419355": 271,
    "9038.625952380953": 270,
    "8315.195000000002": 268,
    "10062.483690476192": 263,
    "10130.216011904762": 263,
    "9481.20125": 257,
    "9445.589144736843": 256,
    "9005.262410714287": 254,
    "8993.18": 251,
    "9182.987500000001": 248,
    "9164.759285714286": 239,
    "7823.893750000001": 237,
    "27904.309999999998": 237,
    "8583.1775": 236,
    "8631.279642857142": 228,
    "9055.390000000001": 228,
    "8802.875241935484": 222,
    "10197.948333333336": 217,
    "9240.406375": 204,
    "9316.964875000001": 204,
    "8436.751944444444": 200,
    "9477.173690476191": 198,
    "9233.30258064516": 196,
    "9087.289375": 194,
    "10284.616572580646": 192,
    "10446.30017857143": 192,
    "9218.525806451613": 191,
    "9271.850044642857": 189,
    "22555.572083333336": 189,
    "9411.42818548387": 187,
    "9353.877008928572": 186,
    "9902.256693548388": 177,
    "8894.856666666668": 174,
    "9022.461612903226": 172,
    "8718.609516129032": 162,
    "9260.393333333333": 157,
    "8982.477142857144": 156,
    "9443.00439516129": 144,
    "11519.030357142856": 141,
    "8806.49625": 136,
    "9325.833333333334": 134,
    "9531.67566532258": 131,
    "9001.004516129033": 128,
    "9103.16754032258": 128,
    "8201.517142857143": 125,
    "9510.19967857143": 124,
    "9362.879798387097": 119,
    "9488.022116935483": 119,
    "9050.693467741938": 116,
    "8736.29": 114,
    "12368.269642857145": 113,
    "8839.633870967742": 105,
    "8465.367862903226": 100,
    "9216.766666666666": 100,
    "8656.27142857143": 99,
    "8217.85875": 98,
    "8921.544761904763": 97,
    "8701.727916666667": 93,
    "8978.224583333333": 91,
    "9224.000982142858": 91,
    "9169.316339285715": 90,
    "8799.010476190477": 89,
    "8773.742833333334": 88,
    "6751.96375": 85,
    "9473.425161290323": 81,
    "30960.731666666667": 81,
    "9445.732741935484": 79,
    "9100.960535714286": 78,
    "24317.944254032256": 78,
    "37073.575": 78,
    "9345.674312500001": 76,
    "8410.557419354838": 75,
    "9354.333125000001": 70,
    "9516.669758064518": 69,
    "10001.670262096775": 68,
    "8143.743830645161": 65,
    "9114.631696428572": 63,
    "8920.621111111112": 61,
    "9007.483125": 60,
    "8512.193911290322": 59,
    "9949.596488095238": 58,
    "10056.839330357145": 58,
    "9355.210967741934": 56,
    "9413.086666666666": 55,
    "8805.414166666667": 54,
    "8839.976250000002": 54,
    "8972.731696428573": 50,
    "9240.690967741937": 50,
    "9507.380386904764": 49,
    "8784.164375": 48,
    "9432.789032258066": 48,
    "9893.152886904763": 48,
    "8504.686666666666": 46,
    "9436.898095238095": 46,
    "9059.94705357143": 45,
    "9312.04375": 42,
    "10751.095625000002": 41,
    "8234.512096774193": 40,
    "8567.329072580647": 40,
    "8598.041666666668": 40,
    "9301.470892857144": 40,
    "9217.165401785714": 39,
    "9343.513387096775": 39,
    "9295.84": 38,
    "8087.828571428572": 37,
    "27904.31": 37,
    "8706.0028125": 36,
    "8834.139032258065": 36,
    "8851.571290322581": 36,
    "8732.06380952381": 34,
    "33893.91052419354": 34,
    "8627.841250000001": 33,
    "9466.097901785715": 33,
    "9475.744556451615": 33,
    "8736.289999999999": 32,
    "26376.099166666667": 32,
    "8359.214193548387": 31,
    "9273.117197580645": 31,
    "9319.699107142858": 30,
    "8812.079218750001": 29,
    "8864.904732142857": 29,
    "9091.846428571429": 29,
    "10192.303973214288": 29,
    "8898.50881048387": 28,
    "8936.789375": 28,
    "9518.959620535714": 28,
    "8618.37523809524": 27,
    "9158.29120967742": 27,
    "9321.963225806454": 27,
    "9490.59888888889": 27,
    "9501.339047619047": 27,
    "9505.366607142858": 27,
    "7388.36875": 26,
    "8846.933571428572": 26,
    "9447.973883928571": 26,
    "9463.077232142858": 26,
    "9863.802214285715": 26,
    "34017.153333333335": 26,
    "9030.123467741936": 25,
    "9444.953214285715": 24,
    "8631.279642857144": 23,
    "9062.587500000001": 23,
    "9251.343303571428": 23,
    "10152.793452380953": 23,
    "8459.793333333333": 22,
    "9244.884838709677": 21,
    "9336.74": 21,
    "8436.229032258065": 20,
    "9273.60370967742": 19,
    "9407.633333333335": 19,
    "28668.415416666667": 19,
    "8900.84705357143": 18,
    "9044.616339285714": 18,
    "9218.33755952381": 18,
    "9408.705178571428": 18,
    "8353.101904761905": 17,
    "8656.271428571428": 16,
    "8828.962410714286": 16,
    "8535.606935483871": 15,
    "9081.910833333333": 15,
    "9211.6969375": 15,
    "9441.932544642857": 15,
    "8404.522500000001": 14,
    "9062.5875": 14,
    "9434.213055555556": 14,
    "9487.242589285715": 14,
    "9487.54465625": 14,
    "9500.835602678573": 14,
    "7576.23": 12,
    "8954.760535714286": 12,
    "9144.34556451613": 12,
    "9170.414464285715": 12,
    "9460.0565625": 12,
    "9499.325267857143": 12,
    "7751.270625": 11,
    "9179.400044642858": 11,
    "9282.206666666667": 11,
    "9472.139241071429": 10,
    "8502.995937500002": 9,
    "8554.8390625": 9,
    "8710.368437500001": 9,
    "9496.304598214285": 9,
    "20953.41556451613": 9,
    "9478.180580357144": 8,
    "11434.106428571427": 8,
    "8217.858750000001": 7,
    "8528.9175": 7,
    "8809.377782258065": 7,
    "8940.487500000001": 7,
    "9100.3269375": 7,
    "32341.051129032257": 7,
    "8703.481471774192": 6,
    "9012.786666666667": 6,
    "9047.348750000001": 6,
    "9064.629791666668": 6,
    "9116.500982142858": 6,
    "9454.015223214286": 6,
    "9490.263258928573": 6,
    "9500.299677419356": 6,
    "29432.520833333332": 6,
    "39365.89125": 6,
    "8580.479047619048": 5,
    "8814.0546875": 5,
    "9103.690967741937": 5,
    "9353.918000000001": 5,
    "9955.240848214287": 5,
    "12198.421785714285": 5,
    "20645.308541666665": 5,
    "8417.4025": 4,
    "8606.6821875": 4,
    "8684.446875": 4,
    "8900.459895833334": 4,
    "9214.886875": 4,
    "9461.063452380951": 4,
    "9488.249479166667": 4,
    "9509.394166666669": 4,
    "9756.95993951613": 4,
    "10288.258095238096": 4,
    "12962.737142857144": 4,
    "18882.936370967745": 4,
    "8275.462222222222": 3,
    "8942.779761904761": 3,
    "9016.285238095239": 3,
    "9107.515401785715": 3,
    "9141.974017857143": 3,