{
  "colors": {
    "#1a1a1a": 3436,
    "#398bc9": 1484,
    "#333333": 1070,
    "#7b1fa2": 989,
    "#3f831e": 436,
    "#96928f": 223,
    "#bd7111": 174,
    "#af33a6": 165,
    "#a5319c": 29
  },
  "cccts": {
    "3251.72": 2109,
    "2167.813333333333": 1487,
    "3052.265": 1205,
    "2813.9884615384613": 1170,
    "1375.7276923076922": 1107,
    "2815.865": 1101,
    "1535.5344444444443": 1068,
    "1896.8366666666666": 928,
    "4064.6499999999996": 927,
    "73824.025": 915,
    "2258.1388888888887": 893,
    "1490.3716666666664": 874,
    "3522.6966666666663": 794,
    "1354.8833333333332": 736,
    "1445.2088888888886": 736,
    "2034.8433333333332": 695,
    "72629.5": 611,
    "1291.3428846153845": 599,
    "1877.243333333333": 590,
    "3519.8312499999997": 590,
    "49216.01666666666": 573,
    "51266.684027777774": 533,
    "31233.24134615384": 525,
    "2939.0546153846153": 496,
    "1955.4618055555554": 495,
    "1788.4460000000001": 474,
    "4877.58": 474,
    "2529.1155555555556": 466,
    "2758.7779807692305": 444,
    "1191.3274999999999": 421,
    "1782.1926923076924": 411,
    "3306.620416666666": 409,
    "2642.0225": 407,
    "1987.1622222222222": 405,
    "2436.80625": 393,
    "1441.347361111111": 385,
    "61281.140625": 326,
    "45114.68194444445": 324,
    "1329.7140277777776": 320,
    "2119.628472222222": 304,
    "2709.7666666666664": 297,
    "57418.68611111111": 294,
    "1126.685": 286,
    "2373.983888888889": 286,
    "79976.02708333332": 285,
    "1720.806388888889": 284,
    "2890.4177777777772": 282,
    "781.6634615384615": 271,
    "17746.15985576923": 262,
    "1780.4879166666667": 257,
    "2575.34859375": 256,
    "2777.5108333333333": 254,
    "3050.5204166666663": 253,
    "2545.10875": 236,
    "66725.5610576923": 234,
    "926.01": 232,
    "2751.4553846153844": 229,
    "1243.304705882353": 204,
    "1625.86": 204,
    "985.849375": 200,
    "1865.2730555555556": 198,
    "2371.045833333333": 194,
    "1456.4995833333332": 189,
    "1050.0345833333333": 186,
    "2190.117222222222": 174,
    "39108.192307692305": 162,
    "848.8425000000001": 161,
    "1080.345": 161,
    "751.1233333333332": 146,
    "34801.63541666667": 146,
    "2641.383173076923": 144,
    "30727.865384615383": 143,
    "1543.310625": 141,
    "36314.75": 136,
    "733.7175480769231": 131,
    "1170.0349166666667": 124,
    "676.890625": 123,
    "1672.8760096153846": 119,
    "476.67442307692306": 116,
    "48419.666666666664": 115,
    "49932.78125": 115,
    "34297.26388888889": 111,
    "1220.5754166666666": 105,
    "33521.307692307695": 105,
    "2235.5575": 101,
    "1018.3499038461538": 100,
    "1504.76625": 94,
    "782.4201388888888": 93,
    "532.0456944444444": 91,
    "1125.5953846153845": 91,
    "1693.6041666666667": 91,
    "2502.991111111111": 91,
    "655.92375": 90,
    "1964.5808333333332": 90,
    "34861.345138888886": 87,
    "108944.25": 85,
    "2582.685769230769": 79,
    "2303.3016666666667": 78,
    "587.6601923076923": 77,
    "62852.45192307692": 77,
    "1099.8464705882352": 76,
    "1912.7764705882353": 76,
    "56489.61111111111": 76,
    "1389.015": 73,
    "3815.3312499999997": 70,
    "1056.5532692307693": 69,
    "39806.55288461539": 65,
    "1309.7205555555556": 64,
    "563.3425": 62,
    "25218.576388888887": 60,
    "975.0158653846154": 59,
    "846.0024999999999": 58,
    "1264.5577777777778": 58,
    "78681.95833333333": 56,
    "657.2329166666667": 54,
    "688.5297222222223": 54,
    "2063.591538461538": 54,
    "1935.9071875": 50,
    "1229.384513888889": 49,
    "29734.67673611111": 48,
    "2348.4644444444443": 46,
    "2713.124444444444": 46,
    "2506.534166666667": 45,
    "4578.3975": 42,
    "876.3105555555555": 40,
    "46849.862019230764": 40,
    "62466.48269230768": 40,
    "65645.89423076923": 40,
    "1727.47625": 39,
    "1642.5879166666666": 37,
    "2382.6549999999997": 36,
    "39946.225000000006": 36,
    "17459.014423076922": 35,
    "44384.694444444445": 34,
    "1937.0143269230769": 33,
    "2098.4321875": 33,
    "40461.24447115385": 32,
    "270.83774038461536": 31,
    "43064.01458333333": 31,
    "1219.395": 30,
    "1079.3825": 29,
    "1516.9699999999998": 29,
    "2287.8903124999997": 29,
    "34605.01171875": 29,
    "617.5100480769231": 28,
    "985.6272395833333": 28,
    "2053.234895833333": 28,
    "1271.7770833333334": 27,
    "1356.562222222222": 27,
    "1526.1325": 27,
    "50437.152777777774": 27,
    "1690.0275": 26,
    "2162.021041666667": 26,
    "2346.554166666667": 26,
    "2479.9653125": 26,
    "26630.816666666666": 26,
    "92280.03125": 26,
    "1786.9912499999998": 25,
    "2543.554166666667": 24,
    "1558.1158333333333": 23,
    "53317.351388888885": 23,
    "1001.4977777777776": 22,
    "1769.3182352941174": 20,
    "61455.730769230766": 20,
    "974.7224999999999": 19,
    "52454.63888888889": 19,
    "1134.1678472222222": 18,
    "1701.251770833333": 18,
    "2170.5626041666665": 18,
    "64559.555555555555": 17,
    "2405.218020833333": 16,
    "438.15527777777777": 15,
    "953.3488461538461": 15,
    "2607.143020833333": 15,
    "1367.1603645833334": 14,
    "1653.310208333333": 14,
    "1660.7912499999998": 14,
    "2670.731875": 14,
    "390.00634615384615": 12,
    "1290.6047916666664": 12,
    "1398.9547916666666": 12,
    "1994.5710416666666": 12,
    "2225.609895833333": 12,
    "90786.875": 12,
    "1261.2728645833333": 11,
    "1408.3562499999998": 11,
    "1971.2544791666667": 10,
    "774.5959375": 9,
    "915.4315624999999": 9,
    "962.3767708333332": 9,
    "1462.5436458333334": 9,
    "1844.076770833333": 8,
    "33288.52083333333": 8,
    "938.9041666666667": 7,
    "1532.1618382352938": 7,
    "28244.805555555555": 7,
    "34918.028846153844": 7,
    "453.80368055555556": 6,
    "469.45208333333335": 6,
    "500.7488888888888": 6,
    "1408.7376923076922": 6,
    "1466.5963541666667": 6,
    "1589.7213541666667": 6,
    "2352.787604166667": 6,
    "680.7055208333333": 5,
    "25140.98076923077": 5,
    "46906.552083333336": 5,
    "619.67675": 4,
    "798.0685416666666": 4,
    "868.4863541666666": 4,
    "1186.9919444444445": 4,
    "1678.74575": 4,
    "2204.413611111111": 4,
    "60524.583333333336": 4,
    "363.82536458333334": 3,
    "1495.9282812499998": 3,
    "1621.51578125": 3,
    "2033.6802777777775": 3,
    "2100.0691666666667": 3,
    "29253.548611111113": 3,
    "469.8138970588236": 2,
    "528.1335937499999": 2,
    "613.0491911764705": 2,
    "715.0116346153845": 2,
    "727.6507291666667": 2,
    "817.0676470588236": 2,
    "821.5411458333333": 2,
    "909.2897395833334": 2,
    "1055.949375": 2,
    "1114.6132291666665": 2,
    "1287.1391666666666": 2,
    "1349.2686458333333": 2,
    "1467.4350961538462": 2,
    "1818.5794791666667": 2,
    "35374.011979166666": 2,
    "40854.09375": 2,
    "65621.35555555555": 2,
    "488.23016666666666": 1,
    "504.66098958333333": 1,
    "541.6754807692307": 1,
    "897.827109375": 1,
    "950.64046875": 1,
    "1059.814236111111": 1,
    "1643.5273076923077": 1,
    "1716.8990625": 1,
    "1761.3483333333331": 1,
    "2698.5372916666665": 1,
    "2925.0872916666667": 1,
    "2933.1927083333335": 1,
    "3179.4427083333335": 1,
    "46091.79807692308": 1,
    "59011.46875": 1,
    "63886.17548076923": 1
  },
  "source": {
    "analyze": "light",
    "fontface": "Consolas-Regular",
    "fontsize": 14,
    "language": "c",
    "theme": "Hop Light"
  },
  "average": 11009.542014340594,
  "diff65": 69.37756945139375
}
