{
  "colors": {
    "#1a1a1a": 5616,
    "#398bc9": 1484,
    "#333333": 1070,
    "#7b1fa2": 989,
    "#3f831e": 436,
    "#96928f": 223,
    "#bd7111": 174,
    "#af33a6": 165,
    "#a5319c": 29
  },
  "cccts": {
    "6503.44": 23248,
    "6503.4400000000005": 6538,
    "0.0": 6194,
    "17909.06505050505": 1683,
    "6471.204848484847": 1557,
    "6465.160757575758": 1103,
    "6432.998787878787": 1055,
    "6419.7910606060605": 1035,
    "6467.175454545454": 949,
    "6424.193636363636": 598,
    "6472.62196969697": 590,
    "20047.619747474746": 587,
    "6477.248939393939": 560,
    "15770.510353535352": 533,
    "19334.76818181818": 513,
    "13511.296565656565": 506,
    "6437.401363636363": 496,
    "6446.206515151514": 495,
    "6473.219545454545": 426,
    "6397.778181818181": 423,
    "6459.116666666666": 408,
    "6202.396767676767": 405,
    "17196.213484848486": 403,
    "15613.653535353535": 353,
    "6406.583333333333": 333,
    "6159.999999999999": 302,
    "6095.6050000000005": 277,
    "18621.916616161612": 262,
    "6164.766363636363": 251,
    "17716.010505050504": 247,
    "19117.581818181818": 204,
    "6331.719999999999": 200,
    "22186.17444444444": 195,
    "6469.190151515151": 189,
    "6117.07": 175,
    "25424.65272727273": 175,
    "6455.087272727272": 172,
    "6371.362727272726": 165,
    "6221.211969696969": 163,
    "28928.58101010101": 162,
    "6428.5962121212115": 158,
    "19818.367474747472": 151,
    "6495.381212121212": 138,
    "6483.293030303031": 129,
    "6442.99909090909": 122,
    "22621.510101010103": 120,
    "6181.465": 114,
    "17015.22484848485": 114,
    "14912.867878787878": 108,
    "12810.51090909091": 105,
    "6031.209999999999": 102,
    "16314.439191919191": 95,
    "6224.3949999999995": 94,
    "6457.10196969697": 94,
    "6463.14606060606": 88,
    "9306.582626262625": 85,
    "6410.9859090909085": 82,
    "23322.295757575757": 81,
    "6145.951161616162": 73,
    "6489.337121212121": 70,
    "5988.279999999999": 66,
    "6461.131363636363": 66,
    "6439.044999999999": 61,
    "6279.023030303029": 58,
    "6475.2342424242415": 57,
    "6417.579999999999": 54,
    "6402.1807575757575": 50,
    "6138.535": 48,
    "6491.351818181818": 43,
    "21920.72444444444": 42,
    "22899.026010101014": 40,
    "6415.388484848484": 38,
    "18416.79616161616": 38,
    "27527.009696969697": 36,
    "27888.98696969697": 32,
    "25750.43227272727": 31,
    "5830.189090909091": 29,
    "5998.501818181818": 29,
    "6052.674999999999": 29,
    "6481.278333333334": 29,
    "5859.49": 27,
    "6497.395909090908": 27,
    "11493.400959595958": 26,
    "14212.082222222223": 26,
    "6384.570454545455": 21,
    "6374.65": 18,
    "6450.60909090909": 18,
    "6449.043181818182": 16,
    "21219.938787878786": 16,
    "6009.745": 15,
    "6393.375606060606": 15,
    "6074.1399999999985": 14,
    "6445.013787878788": 14,
    "6451.0578787878785": 14,
    "6487.322424242423": 14,
    "11408.939595959597": 12,
    "6353.185": 11,
    "6388.97303030303": 11,
    "6202.929999999999": 10,
    "6430.91090909091": 10,
    "6344.947272727273": 9,
    "6453.072575757576": 9,
    "6479.263636363637": 9,
    "26125.438383838384": 8,
    "5923.885": 7,
    "6288.79": 7,
    "10708.15393939394": 7,
    "20519.15313131313": 7,
    "6245.859999999999": 6,
    "6267.325000000001": 6,
    "6485.307727272727": 6,
    "5730.700000000001": 5,
    "6380.167878787879": 4,
    "6447.028484848485": 4,
    "5966.815": 2,
    "6441.803939393939": 2,
    "5880.954999999999": 1,
    "5902.420000000001": 1,
    "5945.349999999999": 1,
    "6438.969696969697": 1,
    "23611.877575757575": 1
  },
  "source": {
    "analyze": "light",
    "fontface": "Consolas-Regular",
    "fontsize": 14,
    "language": "c",
    "theme": "Hop Light"
  },
  "average": 7205.59387080105,
  "diff65": 10.855290320016152
}
