{
  "colors": {
    "#1a1a1a": 5616,
    "#398bc9": 1484,
    "#333333": 1070,
    "#7b1fa2": 989,
    "#3f831e": 436,
    "#96928f": 223,
    "#bd7111": 174,
    "#af33a6": 165,
    "#a5319c": 29
  },
  "cccts": {
    "6503.44": 29761,
    "0.0": 6194,
    "6472.356103896104": 1273,
    "6435.5145454545445": 1122,
    "17501.7212987013": 915,
    "13224.611904761903": 849,
    "6484.444285714285": 803,
    "14141.135346320345": 795,
    "6461.929999999999": 705,
    "6475.8098701298695": 669,
    "6456.269545454545": 618,
    "6484.571818181817": 590,
    "16279.69004329004": 553,
    "6443.061818181817": 530,
    "11308.827359307359": 470,
    "6462.858246753246": 444,
    "6481.853961038961": 438,
    "6469.765779220778": 417,
    "6474.082987012986": 411,
    "6418.533181818182": 393,
    "6439.288181818181": 332,
    "14612.53116883117": 328,
    "6479.263636363636": 299,
    "6172.265714285714": 295,
    "15057.658787878787": 294,
    "18418.244740259735": 285,
    "6429.854090909091": 259,
    "6480.127077922078": 257,
    "13110.847619047618": 239,
    "6326.039523809523": 238,
    "6414.759545454544": 236,
    "20862.30725108225": 234,
    "6245.402943722943": 232,
    "6374.65": 218,
    "6450.609090909091": 188,
    "6301.055714285714": 174,
    "23322.295757575757": 162,
    "6277.657575757576": 161,
    "6412.8727272727265": 151,
    "17315.561558441557": 146,
    "20318.928658008655": 146,
    "6464.58512987013": 144,
    "6209.062857142856": 142,
    "6395.891363636363": 141,
    "14011.857748917748": 129,
    "6273.4578571428565": 125,
    "6483.580844155843": 124,
    "6454.223831168831": 119,
    "16114.214718614718": 116,
    "16414.551428571427": 116,
    "16714.88813852814": 111,
    "6467.175454545453": 109,
    "6144.6678571428565": 107,
    "13711.521038961038": 105,
    "6071.073571428571": 100,
    "6461.994805194804": 99,
    "6497.395909090908": 96,
    "6190.664285714285": 95,
    "6188.957337662337": 94,
    "6229.275627705628": 90,
    "6465.448571428571": 89,
    "17916.23497835498": 88,
    "16890.70567099567": 87,
    "8305.460259740259": 85,
    "20018.591948051948": 77,
    "14912.867878787878": 76,
    "6441.174999999999": 75,
    "6213.148311688312": 73,
    "6494.805584415583": 70,
    "6474.946428571428": 66,
    "23622.632467532465": 65,
    "6089.472142857143": 61,
    "6429.845714285714": 61,
    "6271.008138528139": 58,
    "6478.4001948051955": 57,
    "6491.351818181817": 57,
    "18216.571688311687": 57,
    "6245.86": 51,
    "6420.42": 48,
    "12510.1741991342": 48,
    "15363.166601731598": 48,
    "6498.25935064935": 42,
    "16585.197857142855": 40,
    "19945.783809523808": 40,
    "20619.265367965367": 40,
    "6476.6733116883115": 38,
    "6448.722272727273": 36,
    "6061.874285714284": 32,
    "6458.541038961039": 32,
    "23917.385389610386": 32,
    "19334.768181818177": 31,
    "20251.29162337662": 30,
    "6086.665627705628": 29,
    "6206.889004329005": 29,
    "5979.080714285713": 28,
    "6437.401363636363": 28,
    "6439.044999999999": 28,
    "19718.255238095237": 28,
    "6477.536753246753": 27,
    "6496.532467532467": 27,
    "6427.967272727273": 26,
    "6448.244285714285": 26,
    "9558.518138528138": 26,
    "6433.627727272727": 25,
    "6503.4400000000005": 25,
    "6468.902337662337": 24,
    "6405.325454545455": 23,
    "6424.193636363636": 23,
    "14446.64316017316": 23,
    "21167.81506493506": 22,
    "6471.492662337662": 20,
    "14312.194458874459": 19,
    "6426.080454545455": 16,
    "20919.602077922078": 16,
    "6098.671428571428": 15,
    "6468.038896103895": 15,
    "6466.312012987013": 14,
    "6117.07": 12,
    "6473.2195454545445": 12,
    "9506.807099567099": 12,
    "6199.863571428571": 11,
    "6236.660714285715": 11,
    "6411.447142857143": 11,
    "6422.306818181818": 11,
    "6463.721688311688": 10,
    "6126.269285714285": 9,
    "6025.0771428571425": 8,
    "6135.468571428571": 7,
    "6409.099090909091": 7,
    "6460.267922077922": 7,
    "10708.153939393938": 7,
    "6163.066428571428": 6,
    "6227.461428571428": 6,
    "6482.717402597403": 6,
    "6218.262142857143": 5,
    "15813.878008658008": 5,
    "6444.948636363635": 4,
    "6480.990519480519": 4,
    "18516.9083982684": 4,
    "6356.251428571428": 3,
    "6407.212272727273": 3,
    "6416.646363636364": 3,
    "6454.382727272727": 3,
    "6459.40448051948": 3,
    "15213.204588744587": 3,
    "6180.893679653679": 2,
    "6181.465": 2,
    "6317.975865800865": 2,
    "6431.740909090909": 2,
    "20556.799437229438": 2,
    "6034.276428571428": 1,
    "6107.870714285715": 1,
    "6255.059285714286": 1,
    "6319.454285714285": 1,
    "6455.087272727273": 1,
    "6489.624935064934": 1
  },
  "source": {
    "analyze": "light",
    "fontface": "Consolas-Regular",
    "fontsize": 14,
    "language": "c",
    "theme": "Hop Light"
  },
  "average": 6913.708627546504,
  "diff65": 6.364748116100068
}
