{
  "colors": {
    "#1a1a1a": 5616,
    "#398bc9": 1484,
    "#333333": 1070,
    "#7b1fa2": 989,
    "#3f831e": 436,
    "#96928f": 223,
    "#bd7111": 174,
    "#af33a6": 165,
    "#a5319c": 29
  },
  "cccts": {
    "6503.44": 26355,
    "0.0": 6194,
    "6503.4400000000005": 3431,
    "6417.959285714285": 1204,
    "6316.6449999999995": 1101,
    "36748.71357142857": 915,
    "6446.452857142857": 695,
    "6468.052822580645": 599,
    "6231.030624999999": 590,
    "6378.909999999999": 590,
    "26666.955714285716": 551,
    "27507.102202380953": 533,
    "19024.33282258064": 525,
    "6373.72125": 495,
    "37338.00888888889": 470,
    "6427.840120967741": 444,
    "6426.110887096775": 421,
    "6410.835892857142": 409,
    "6345.266814516129": 393,
    "6463.0741071428565": 385,
    "31150.809210526317": 326,
    "24986.662738095238": 324,
    "6415.231249999999": 320,
    "6444.078392857143": 304,
    "30027.54166666666": 294,
    "6436.955": 286,
    "39269.15303571428": 285,
    "6389.2875": 284,
    "5592.710714285714": 283,
    "13617.583649193546": 262,
    "6432.580986842106": 256,
    "6301.07875": 253,
    "6338.236895161291": 236,
    "33252.62012096774": 234,
    "5971.238571428571": 232,
    "5677.037499999999": 200,
    "6451.2017857142855": 198,
    "6358.155000000001": 174,
    "22169.390322580646": 162,
    "5882.538333333333": 161,
    "6015.588690476191": 161,
    "6453.57625": 148,
    "20750.662678571425": 146,
    "6431.057137096774": 144,
    "18812.400967741934": 143,
    "6403.263649193547": 141,
    "36236.77428571429": 141,
    "6483.333649193548": 131,
    "6470.672392857142": 124,
    "6459.503004032257": 123,
    "6457.59752016129": 119,
    "6126.417661290322": 116,
    "26325.66285714286": 115,
    "26945.10732142857": 115,
    "5896.287142857143": 114,
    "20544.18119047619": 111,
    "6453.576249999999": 109,
    "5516.816607142857": 105,
    "19931.39741935484": 105,
    "5697.98318548387": 100,
    "5638.612678571428": 94,
    "5870.9891071428565": 93,
    "6073.373392857143": 91,
    "6337.4": 91,
    "6126.463988095238": 90,
    "21149.86022222222": 88,
    "20785.930297619045": 87,
    "58536.775": 85,
    "6432.665645161291": 79,
    "6172.960080645161": 77,
    "31680.860161290322": 77,
    "29629.366666666665": 76,
    "5705.137857142857": 73,
    "6378.780624999999": 70,
    "6474.486854838709": 69,
    "22449.13943548387": 65,
    "6031.21": 61,
    "16827.514404761903": 60,
    "5732.257943548386": 59,
    "6024.049285714284": 58,
    "38714.552142857145": 56,
    "5946.8832142857145": 54,
    "6375.018437500001": 50,
    "6469.010267857142": 49,
    "18685.56407738095": 48,
    "20957.144166666665": 48,
    "6427.4571428571435": 46,
    "5972.181250000001": 42,
    "6353.848749999999": 42,
    "5795.094999999999": 40,
    "25284.779233870962": 40,
    "31545.225645161285": 40,
    "32799.856612903226": 40,
    "6394.47625": 37,
    "6348.781774193548": 36,
    "22402.514583333334": 36,
    "13497.167822580646": 35,
    "24673.810952380954": 34,
    "6444.672008928572": 33,
    "6450.359233870967": 33,
    "5896.2871428571425": 32,
    "22723.68752016129": 32,
    "6289.222762096773": 31,
    "24146.516249999997": 31,
    "5643.842857142857": 29,
    "5891.803571428572": 29,
    "6351.669062499999": 29,
    "20680.911986607138": 29,
    "6015.024697580644": 28,
    "6367.2353125": 28,
    "6475.836852678572": 28,
    "6459.116666666666": 27,
    "6465.448571428571": 27,
    "6467.823035714286": 27,
    "27151.588809523808": 27,
    "4909.66375": 26,
    "6347.777499999999": 26,
    "6433.986919642856": 26,
    "6442.891160714285": 26,
    "17405.66257142857": 26,
    "50611.130625": 26,
    "6387.446330645161": 25,
    "6432.206071428571": 24,
    "28347.248690476186": 23,
    "5693.902857142857": 22,
    "26666.955714285712": 22,
    "31121.36193548387": 20,
    "6440.170725806451": 19,
    "27977.514761904764": 19,
    "6359.4521875": 18,
    "6390.584687499999": 18,
    "6428.203125": 18,
    "32933.07047619048": 17,
    "6343.8859375": 16,
    "5749.395322580645": 15,
    "6149.2675": 15,
    "6430.425223214285": 15,
    "6425.874166666666": 14,
    "6457.137946428571": 14,
    "6457.3160312499995": 14,
    "6465.151763392857": 14,
    "5972.18125": 12,
    "6194.967177419354": 12,
    "6371.126875": 12,
    "6417.8256249999995": 12,
    "6441.1103125": 12,
    "6464.261339285714": 12,
    "49864.5525": 12,
    "5175.293125": 11,
    "6419.77140625": 11,
    "6448.233705357142": 10,
    "5725.525401785714": 9,
    "5763.472455357142": 9,
    "5877.313616071428": 9,
    "6462.480491071428": 9,
    "6451.795401785714": 8,
    "20131.218214285713": 8,
    "5744.498928571428": 7,
    "6402.648531249999": 7,
    "18066.403333333332": 7,
    "20490.89564516129": 7,
    "6098.671428571428": 6,
    "6123.969464285714": 6,
    "6136.618482142857": 6,
    "6406.1509375": 6,
    "6437.548616071429": 6,
    "6458.9187946428565": 6,
    "6464.835806451612": 6,
    "5953.207723214285": 5,
    "16574.40806451613": 5,
    "25706.218392857143": 5,
    "5801.419508928571": 4,
    "5858.340089285714": 4,
    "6016.4528125": 4,
    "6441.703928571429": 4,
    "6457.7315625": 4,
    "6470.197499999999": 4,
    "31281.21857142857": 4,
    "5558.98": 3,
    "6209.350334821429": 3,
    "6368.532499999999": 3,
    "6404.205156249999": 3,
    "6458.028370535713": 3,
    "18479.366309523808": 3,
    "5839.366562499999": 2,
    "5915.260669642857": 2,
    "5937.906491935483": 2,
    "6012.025656249999": 2,
    "6037.76375": 2,
    "6076.535647321428": 2,
    "6235.67615625": 2,
    "6382.801562499999": 2,
    "6413.9340624999995": 2,
    "6429.500312499999": 2,
    "6433.391874999999": 2,
    "6443.12078125": 2,
    "6463.227298387096": 2,
    "20995.966919642855": 2,
    "23228.440535714286": 2,
    "33388.12761904761": 2,
    "5748.493355263158": 1,
    "5790.4348355263155": 1,
    "6060.724374999999": 1,
    "6075.005524193548": 1,
    "6095.509174107143": 1,
    "6108.790642857142": 1,
    "6308.861875": 1,
    "6324.428124999999": 1,
    "6414.397589285713": 1,
    "6414.793333333332": 1,
    "6421.520982142856": 1,
    "6455.3570982142855": 1,
    "6458.401774193548": 1,
    "6473.759196428571": 1,
    "24966.881451612902": 1,
    "30661.774107142857": 1,
    "32114.35713709677": 1
  },
  "source": {
    "analyze": "light",
    "fontface": "Consolas-Regular",
    "fontsize": 14,
    "language": "c",
    "theme": "Hop Light"
  },
  "average": 8431.599961249647,
  "diff65": 29.7169224807638
}
