{
  "colors": {
    "#39adb5": 5411,
    "#e53935": 3879,
    "#90a4ae": 3232,
    "#9c3eda": 609,
    "#6182b8": 424,
    "#f76d47": 243,
    "#e2931d": 161,
    "#91b859": 102
  },
  "cccts": {
    "6503.44": 10526,
    "0.0": 6194,
    "6652.596103896104": 3077,
    "6594.590952380951": 2308,
    "6636.023203463203": 2021,
    "6858.316666666667": 1705,
    "6644.309653679653": 1431,
    "6607.020627705628": 1262,
    "6689.88512987013": 1115,
    "16200.834805194805": 1101,
    "6665.0257792207785": 1010,
    "6729.270606060605": 930,
    "6698.1715800865795": 923,
    "7019.624242424242": 885,
    "6619.450303030303": 740,
    "6987.362727272726": 736,
    "12429.625714285714": 689,
    "13224.993809523809": 661,
    "16280.24554112554": 636,
    "6906.708939393939": 626,
    "13237.741948051947": 601,
    "9197.160779220778": 578,
    "7084.147272727273": 573,
    "6600.224545454545": 555,
    "6544.872251082251": 510,
    "15123.346493506493": 508,
    "6761.532121212121": 470,
    "6060.114675324674": 464,
    "17502.346233766235": 429,
    "6739.603831168831": 405,
    "18625.183506493504": 396,
    "15058.144848484848": 362,
    "6702.314805194804": 356,
    "6389.76683982684": 347,
    "6189.197402597402": 333,
    "15662.090649350646": 332,
    "6938.970454545455": 326,
    "6685.741904761904": 312,
    "6395.308311688312": 297,
    "6048.747359307359": 294,
    "6615.307077922078": 257,
    "17008.951038961037": 257,
    "6037.3800432900425": 253,
    "7051.885757575757": 250,
    "14141.569329004327": 250,
    "6094.216623376624": 244,
    "18418.921753246752": 236,
    "19163.927662337657": 225,
    "6285.215974025974": 224,
    "6110.636753246754": 223,
    "6922.839696969697": 218,
    "6105.583939393939": 191,
    "14045.858181818183": 191,
    "6014.64541125541": 188,
    "6151.053203463202": 188,
    "6224.113246753246": 186,
    "6219.257099567099": 181,
    "6437.359523809523": 175,
    "20863.12313852814": 169,
    "5912.339567099567": 164,
    "6416.1503896103895": 164,
    "6185.155151515152": 162,
    "7406.762424242424": 162,
    "6640.166428571428": 154,
    "6116.951255411255": 148,
    "16891.295887445885": 145,
    "6026.56238095238": 143,
    "6677.455454545455": 143,
    "7132.539545454544": 143,
    "6407.322943722943": 142,
    "6003.278095238095": 139,
    "6005.8892207792205": 139,
    "19433.299740259743": 137,
    "6253.359047619047": 132,
    "21857.648441558442": 128,
    "6428.348549783549": 125,
    "6598.734177489177": 124,
    "6623.593528138528": 119,
    "6139.685887445888": 118,
    "6161.332142857143": 113,
    "6362.268073593073": 109,
    "6386.297337662337": 107,
    "6955.101212121212": 107,
    "6890.578181818181": 105,
    "6532.4425757575755": 96,
    "6401.315627705628": 95,
    "6173.787835497836": 93,
    "5935.074199134198": 89,
    "7116.408787878789": 88,
    "6311.402857142856": 83,
    "6874.447424242423": 76,
    "7148.670303030302": 76,
    "6206.655324675324": 75,
    "15392.71857142857": 75,
    "6419.337575757576": 67,
    "6128.318571428571": 65,
    "6616.355303030303": 65,
    "7261.585606060606": 65,
    "6368.2753896103895": 63,
    "6971.23196969697": 58,
    "6332.231493506493": 57,
    "6561.44515151515": 57,
    "6082.849307359307": 53,
    "5991.910779220779": 48,
    "6826.055151515152": 48,
    "15363.670021645023": 48,
    "18355.811428571425": 48,
    "6611.163852813852": 44,
    "6632.48606060606": 44,
    "6528.29935064935": 42,
    "7035.754999999999": 40,
    "7213.193333333333": 40,
    "6631.8799783549775": 39,
    "6718.887705627706": 38,
    "5923.706883116884": 37,
    "6093.178831168831": 36,
    "14315.23025974026": 36,
    "5855.5029870129865": 35,
    "6163.010519480518": 33,
    "6359.264415584415": 32,
    "6423.868787878788": 32,
    "7180.931818181818": 31,
    "6259.029090909091": 30,
    "6656.739329004328": 30,
    "7100.27803030303": 29,
    "7229.324090909091": 29,
    "7342.239393939394": 29,
    "6482.414393939393": 28,
    "15931.462727272727": 28,
    "6536.585800865801": 27,
    "6627.736753246752": 27,
    "6669.169004329004": 27,
    "6485.4180519480515": 26,
    "9558.691731601732": 26,
    "17278.323116883115": 26,
    "23918.37487012987": 26,
    "16470.206883116884": 25,
    "5969.1761471861455": 23,
    "5980.543463203463": 23,
    "14447.094502164502": 23,
    "17817.067272727272": 23,
    "20510.788051948053": 23,
    "21168.64831168831": 22,
    "6461.388787878787": 18,
    "6479.410735930735": 17,
    "6673.31222943723": 16,
    "17547.695194805194": 16,
    "6084.44987012987": 15,
    "6371.279047619048": 15,
    "6648.452878787879": 15,
    "6681.598679653679": 15,
    "6404.319285714285": 13,
    "6694.028354978355": 13,
    "6377.286363636364": 12,
    "6207.889783549784": 11,
    "6416.333917748918": 11,
    "6473.403419913419": 11,
    "18086.43935064935": 11,
    "5957.808831168831": 9,
    "6380.290021645021": 9,
    "6710.601255411255": 9,
    "6047.2961904761905": 8,
    "6347.249783549783": 8,
    "6383.293679653679": 7,
    "19972.043896103896": 7,
    "6392.304653679654": 6,
    "6413.330259740259": 6,
    "6602.877402597403": 6,
    "7422.893181818182": 6,
    "6026.012727272727": 5,
    "6182.065952380952": 5,
    "6410.326601731601": 5,
    "6714.74448051948": 5,
    "6088.763809523809": 4,
    "6435.2361038961035": 4,
    "14853.974415584415": 4,
    "6215.3842857142845": 3,
    "6344.297575757575": 3,
    "6455.381471861471": 3,
    "13507.114025974026": 3,
    "18894.555584415582": 3,
    "20241.415974025975": 3,
    "6071.4819913419915": 2,
    "6119.365714285715": 2,
    "6180.468441558442": 2,
    "6223.533571428571": 2,
    "6250.30012987013": 2,
    "6365.2717316017315": 2,
    "6398.31196969697": 2,
    "13530.518982683981": 2,
    "16739.578961038962": 2,
    "18724.446926406927": 2,
    "6099.130714285713": 1,
    "6350.253441558441": 1,
    "6374.282705627706": 1,
    "6422.341233766234": 1,
    "6443.36683982684": 1,
    "6569.731601731602": 1,
    "6735.460606060606": 1,
    "20252.072792207793": 1
  },
  "source": {
    "analyze": "light",
    "fontface": "Consolas-Regular",
    "fontsize": 14,
    "language": "c",
    "theme": "Material"
  },
  "average": 7175.574408851436,
  "diff65": 10.393452443868242
}
