{
  "colors": {
    "#39adb5": 4382,
    "#90a4ae": 2795,
    "#7c4dff": 1770,
    "#6182b8": 421,
    "#f76d47": 272,
    "#e53935": 228,
    "#91b859": 115,
    "#8796b0": 15
  },
  "cccts": {
    "4208.805": 3316,
    "2805.87": 2182,
    "1780.6482692307693": 1707,
    "1987.49125": 1453,
    "3642.2350961538464": 1316,
    "4559.53875": 1203,
    "2922.78125": 1197,
    "65476.67": 1074,
    "5261.00625": 997,
    "3804.112211538462": 949,
    "74037.575": 913,
    "3273.5150000000003": 768,
    "4070.45625": 764,
    "3198.215625": 759,
    "2907.46875": 736,
    "3101.2999999999997": 736,
    "49358.38333333333": 656,
    "2572.0475000000006": 603,
    "81845.8375": 575,
    "2306.7488942307696": 559,
    "6977.925": 559,
    "43651.11333333333": 547,
    "45469.90972222222": 482,
    "3837.8587500000003": 470,
    "10466.8875": 470,
    "2455.1362500000005": 452,
    "3419.6540625000002": 433,
    "27701.668076923077": 419,
    "45245.18472222223": 410,
    "1011.7319711538463": 402,
    "56662.50288461539": 393,
    "57584.78055555555": 376,
    "2952.1990384615383": 351,
    "3741.16": 328,
    "62469.20390625": 326,
    "3507.3375000000005": 321,
    "30919.53861111111": 317,
    "3561.2965384615386": 308,
    "2557.875": 286,
    "4845.78125": 283,
    "40013.52055555556": 270,
    "3595.0209375": 269,
    "31323.589423076923": 265,
    "1677.3858173076924": 262,
    "3551.1792187500005": 256,
    "70933.05916666666": 251,
    "51414.98263888888": 250,
    "3488.9625": 248,
    "80207.37291666666": 236,
    "59180.83634615385": 222,
    "1359.0932812500002": 214,
    "3068.9203125": 206,
    "2668.0301470588233": 204,
    "1885.1939062500003": 203,
    "6105.684375": 200,
    "50926.29888888889": 174,
    "66918.57740384615": 169,
    "7559.41875": 162,
    "39866.386538461535": 162,
    "1456.8940384615385": 160,
    "34962.18819444444": 159,
    "4651.95": 149,
    "1705.25": 146,
    "410.62906250000003": 143,
    "2893.5534375": 136,
    "37018.7875": 136,
    "264.79115384615386": 128,
    "35886.25182692308": 128,
    "1929.035625": 127,
    "625.87": 125,
    "1613.3752500000003": 124,
    "15739.584134615385": 119,
    "1082.1778846153845": 116,
    "417.24666666666667": 115,
    "589.1634375": 113,
    "1695.2131250000002": 113,
    "2771.03125": 105,
    "34171.18846153846": 105,
    "2981.2368750000005": 104,
    "2311.925480769231": 100,
    "2542.8196875": 98,
    "295.5497222222222": 97,
    "2192.0859375000005": 97,
    "1776.3020833333333": 93,
    "5427.275000000001": 93,
    "1207.8854166666667": 91,
    "58201.48444444444": 89,
    "2670.972403846154": 87,
    "111056.36249999999": 85,
    "2360.1805147058826": 76,
    "4104.661764705883": 76,
    "541.6182692307692": 75,
    "4264.2875": 75,
    "6306.970673076923": 65,
    "25707.49131944444": 60,
    "2213.5456730769233": 59,
    "517.7496874999999": 58,
    "2713.6375000000003": 55,
    "1492.09375": 54,
    "1563.1458333333335": 54,
    "3244.2871875000005": 51,
    "3039.6925": 50,
    "45015.210625": 50,
    "29820.689930555556": 48,
    "486.78777777777776": 46,
    "6313.2075": 46,
    "3509.4166666666665": 43,
    "2235.92765625": 42,
    "1989.4583333333333": 40,
    "4428.298557692307": 40,
    "5904.398076923077": 40,
    "678.0258333333333": 37,
    "38194.72416666667": 37,
    "53471.58194444444": 37,
    "343.0249038461539": 36,
    "40720.66625": 36,
    "55403.336153846154": 36,
    "382.47611111111115": 34,
    "2016.7190625000003": 34,
    "2290.0850735294116": 34,
    "3295.13125": 32,
    "565.6901923076923": 31,
    "614.8737980769231": 31,
    "1578.301875": 30,
    "660.5771875": 29,
    "928.37875": 29,
    "3270.90234375": 29,
    "53199.794375": 29,
    "1401.9122596153848": 28,
    "47743.40520833333": 28,
    "434.63194444444446": 27,
    "1753.6687500000003": 27,
    "1870.58": 27,
    "2104.4025": 27,
    "5264.125": 27,
    "2558.5724999999998": 26,
    "3836.8125": 26,
    "40578.28629807693": 26,
    "54563.89166666667": 26,
    "92546.96875": 26,
    "41552.50211538461": 25,
    "2273.6666666666665": 22,
    "150.44951923076923": 21,
    "529.5823076923077": 20,
    "22665.00115384615": 19,
    "1278.9375": 18,
    "26372.54763888889": 18,
    "39558.82145833333": 18,
    "50471.59979166667": 18,
    "556.3288888888889": 17,
    "55927.98895833333": 16,
    "994.7291666666666": 15,
    "2164.355769230769": 15,
    "2279.769375": 15,
    "6580.15625": 15,
    "3216.965277777778": 14,
    "3682.7043750000003": 14,
    "4757.959134615385": 14,
    "17797.493990384613": 14,
    "2718.1865625000005": 13,
    "2885.145432692308": 13,
    "3655.642361111111": 13,
    "782.3375": 12,
    "885.4182692307692": 12,
    "30010.140416666665": 12,
    "46379.307916666665": 12,
    "3197.34375": 11,
    "29328.091770833333": 11,
    "1758.5390625": 9,
    "2078.2734375": 9,
    "2184.8515625": 9,
    "392.775625": 8,
    "2314.8427500000003": 8,
    "1636.7575000000002": 7,
    "2131.5625": 7,
    "28792.390277777777": 7,
    "35594.98798076923": 7,
    "35627.011617647055": 7,
    "1030.2552083333333": 6,
    "1065.78125": 6,
    "1136.8333333333333": 6,
    "1942.5253846153848": 6,
    "3824.439663461539": 6,
    "34102.43229166667": 6,
    "216.6473076923077": 5,
    "452.01722222222224": 5,
    "553.4565625": 5,
    "1545.3828125": 5,
    "714.1375": 4,
    "1265.4146634615386": 4,
    "1406.8312500000002": 4,
    "1811.828125": 4,
    "1971.6953125": 4,
    "252.08652777777777": 3,
    "825.98046875": 3,
    "2485.8368055555557": 3,
    "3343.5890625": 3,
    "34784.4809375": 3,
    "47288.70611111111": 3,
    "482.0428125": 2,
    "1199.00390625": 2,
    "1391.784926470588": 2,
    "1623.266826923077": 2,
    "1651.9609375": 2,
    "1665.9853125": 2,
    "1865.1171875": 2,
    "2023.4639423076926": 2,
    "2227.1298076923076": 2,
    "4679.222222222222": 2,
    "5702.802083333333": 2,
    "21143.508020833335": 2,
    "24553.75125": 2,
    "25042.120955882354": 2,
    "25917.848541666666": 2,
    "31374.237708333334": 2,
    "42287.01604166667": 2,
    "43551.51470588235": 2,
    "65811.17777777778": 2,
    "397.18673076923073": 1,
    "696.2840625": 1,
    "1108.4125000000001": 1,
    "1145.71484375": 1,
    "1229.7475961538462": 1,
    "1461.390625": 1,
    "2038.306640625": 1,
    "2158.20703125": 1,
    "2266.279615384615": 1,
    "2367.4528125": 1,
    "4033.4381250000006": 1,
    "4384.171875000001": 1,
    "62748.47541666667": 1,
    "64070.97836538462": 1,
    "68204.86458333334": 1
  },
  "source": {
    "analyze": "light",
    "fontface": "Consolas-Regular",
    "fontsize": 14,
    "language": "c",
    "theme": "Community Material"
  },
  "average": 15679.374251089237,
  "diff65": 141.2211423244498
}
