{
  "colors": {
    "#39adb5": 5411,
    "#e53935": 3879,
    "#90a4ae": 3232,
    "#9c3eda": 609,
    "#6182b8": 424,
    "#f76d47": 243,
    "#e2931d": 161,
    "#91b859": 102
  },
  "cccts": {
    "6503.44": 10526,
    "0.0": 6194,
    "6658.120404040404": 3954,
    "6687.12297979798": 2903,
    "6677.455454545454": 2666,
    "6917.462777777779": 1495,
    "6648.452878787878": 1468,
    "17909.713131313132": 1377,
    "6629.117828282828": 1152,
    "6735.460606060605": 1146,
    "16559.997575757574": 1037,
    "18445.60212121212": 1006,
    "6879.824343434343": 976,
    "6716.1255555555545": 971,
    "7105.6549494949495": 891,
    "7030.37808080808": 831,
    "6729.270606060606": 730,
    "5946.441515151515": 640,
    "6653.993737373737": 620,
    "6992.739646464646": 609,
    "19335.497272727273": 608,
    "17817.067272727276": 589,
    "10903.183939393939": 578,
    "7068.016515151515": 555,
    "6571.112676767677": 510,
    "14674.39303030303": 482,
    "15931.462727272728": 482,
    "7218.570252525254": 433,
    "6667.787929292928": 428,
    "21588.276363636363": 426,
    "17196.821060606064": 419,
    "6793.465757575757": 408,
    "5866.870303030302": 406,
    "6116.45606060606": 348,
    "6317.773838383839": 347,
    "20331.206666666665": 320,
    "6725.793080808081": 317,
    "6391.303434343434": 304,
    "6370.2778282828285": 277,
    "6079.060202020201": 276,
    "7143.293383838383": 276,
    "6052.536464646464": 259,
    "15771.03691919192": 250,
    "20048.389343434344": 241,
    "6177.558787878787": 227,
    "6014.618181818181": 223,
    "5707.727878787879": 217,
    "6238.661515151515": 206,
    "6804.547474747475": 200,
    "6377.286363636364": 191,
    "5813.822828282828": 188,
    "6132.107676767677": 185,
    "7180.931818181818": 184,
    "5999.48898989899": 183,
    "6696.790505050504": 174,
    "5972.965252525252": 168,
    "6955.101212121212": 166,
    "6360.86696969697": 164,
    "7707.8698989898985": 162,
    "17188.532424242425": 154,
    "25359.48545454545": 152,
    "6026.012727272728": 151,
    "5850.325000000001": 143,
    "5548.585454545454": 139,
    "5892.412727272727": 139,
    "6542.1101010101": 138,
    "6158.631414141414": 135,
    "6600.115252525253": 129,
    "6136.823636363635": 121,
    "5893.39404040404": 117,
    "6398.31196969697": 115,
    "6706.45803030303": 113,
    "6349.252222222222": 111,
    "6842.185909090908": 105,
    "7331.485555555555": 105,
    "5947.082777777778": 100,
    "6412.32904040404": 94,
    "6185.1551515151505": 90,
    "22187.065555555557": 90,
    "19702.671818181818": 82,
    "6105.5839393939395": 68,
    "6335.23515151515": 68,
    "6638.785353535353": 58,
    "7519.677727272727": 58,
    "6197.926363636363": 56,
    "6609.7827777777775": 55,
    "6475.405858585858": 54,
    "20959.741515151516": 50,
    "6384.294898989899": 48,
    "6616.355303030302": 44,
    "6561.445151515151": 43,
    "5787.29909090909": 40,
    "7369.12398989899": 40,
    "6055.3533333333335": 38,
    "6314.209545454545": 38,
    "19074.136969696967": 38,
    "5760.775353535354": 37,
    "6397.34505050505": 36,
    "6356.260757575757": 31,
    "7858.423636363637": 29,
    "5840.346565656565": 28,
    "5919.917777777778": 27,
    "6293.183939393939": 27,
    "6532.4425757575755": 27,
    "11493.684494949497": 26,
    "27890.202121212125": 26,
    "6764.4631818181815": 24,
    "23473.88090909091": 21,
    "6157.191212121212": 20,
    "6461.388787878788": 18,
    "14045.858181818181": 18,
    "6482.414393939393": 17,
    "6342.243686868687": 15,
    "6754.795656565657": 15,
    "22216.811212121214": 15,
    "5995.461666666666": 14,
    "6363.2692929292925": 14,
    "6580.780202020202": 14,
    "6783.798232323232": 14,
    "6851.470909090909": 14,
    "6745.12813131313": 12,
    "6454.380252525253": 11,
    "22845.346060606058": 11,
    "6405.320505050505": 10,
    "6619.450303030302": 9,
    "29130.69454545455": 9,
    "5826.135555555556": 8,
    "6433.354646464646": 7,
    "6096.088484848484": 6,
    "6419.337575757575": 6,
    "6426.346111111111": 6,
    "6590.447727272727": 6,
    "6774.130707070708": 6,
    "7632.59303030303": 6,
    "6251.132727272728": 5,
    "5922.8933333333325": 4,
    "6238.202626262626": 4,
    "24102.41575757576": 4,
    "6092.219444444444": 3,
    "6344.297575757575": 3,
    "5971.272222222222": 2,
    "6019.65111111111": 2,
    "6034.985757575757": 2,
    "6328.226616161615": 2,
    "15302.927878787877": 2,
    "5734.251616161615": 1,
    "6300.192474747474": 1,
    "6307.20101010101": 1,
    "6321.21808080808": 1,
    "6812.800808080809": 1,
    "23612.849696969697": 1
  },
  "source": {
    "analyze": "light",
    "fontface": "Consolas-Regular",
    "fontsize": 14,
    "language": "c",
    "theme": "Material"
  },
  "average_cct": 7518.101596008551,
  "average_cct_without_background": 3990.0876305369607,
  "diff65": 15.663101477054624,
  "background_cct": 6503.44
}
