{
  "colors": {
    "#90a4ae": 5357,
    "#39adb5": 4382,
    "#7c4dff": 1770,
    "#6182b8": 421,
    "#f76d47": 272,
    "#e53935": 228,
    "#91b859": 115,
    "#8796b0": 15
  },
  "cccts": {
    "6503.44": 10526,
    "0.0": 6194,
    "6913.619285714286": 3315,
    "6776.892857142857": 2182,
    "6673.245403225806": 1707,
    "6697.135773809524": 1453,
    "6850.769233870967": 1316,
    "6788.286726190476": 1197,
    "33171.275714285715": 1074,
    "6947.800892857142": 1016,
    "7101.618125": 997,
    "6866.206088709677": 949,
    "6822.468333333333": 768,
    "7434.99125": 764,
    "7235.373124999999": 759,
    "7168.833749999999": 736,
    "7213.193333333334": 736,
    "26727.969999999998": 634,
    "6754.105119047618": 603,
    "45394.033749999995": 575,
    "6723.415181451613": 559,
    "8100.384999999999": 559,
    "25022.770357142857": 482,
    "7357.361979166667": 470,
    "9298.09375": 470,
    "37963.82": 470,
    "6742.71125": 452,
    "36840.235": 443,
    "6836.710669642857": 433,
    "17543.350483870967": 419,
    "24281.99714285714": 410,
    "25042.5925": 410,
    "6599.920342741935": 402,
    "29085.075080645158": 393,
    "30098.725": 376,
    "7164.540887096774": 351,
    "6868.043809523809": 328,
    "31651.046381578944": 326,
    "6845.256071428571": 321,
    "19096.584642857142": 317,
    "6843.050806451613": 308,
    "6206.077857142857": 283,
    "7612.429583333333": 283,
    "22800.45071428571": 270,
    "6853.801473214286": 269,
    "19062.22072580645": 265,
    "6879.065504032257": 262,
    "6843.457039473684": 256,
    "35393.595357142854": 251,
    "27570.65875": 250,
    "39368.30125": 236,
    "30088.70330645161": 222,
    "6635.893727678572": 214,
    "6802.5290625": 206,
    "7108.9483125": 204,
    "7295.258562499999": 204,
    "6687.166138392857": 203,
    "7952.519722222221": 200,
    "6947.800892857143": 187,
    "27245.09": 174,
    "33333.56245967742": 169,
    "8233.463749999999": 162,
    "22487.342741935485": 162,
    "6642.371693548387": 160,
    "20829.14875": 159,
    "7568.07": 149,
    "6305.198571428571": 146,
    "6011.659955357142": 143,
    "24281.997142857144": 137,
    "6785.4382589285715": 136,
    "6037.563387096774": 128,
    "20805.142217741934": 128,
    "6691.438839285714": 127,
    "5378.075714285714": 125,
    "6660.6753928571425": 124,
    "12776.116411290323": 119,
    "6380.338467741935": 116,
    "5797.842544642857": 113,
    "6668.651101190476": 113,
    "6181.297678571428": 105,
    "20203.928064516127": 105,
    "6793.983660714285": 104,
    "6240.450362903225": 100,
    "5753.197142857142": 99,
    "6751.256651785713": 98,
    "5972.017976190476": 97,
    "6717.0750446428565": 97,
    "6296.938511904761": 93,
    "7745.508333333333": 93,
    "6363.018988095238": 91,
    "30208.182857142856": 89,
    "21447.1205": 88,
    "6758.1481048387095": 87,
    "59592.831249999996": 85,
    "7039.08196875": 76,
    "7434.991250000001": 76,
    "5550.510564516128": 75,
    "7479.350833333333": 75,
    "7915.791895161291": 65,
    "17037.049375": 60,
    "6251.641411290322": 59,
    "5883.36950892857": 58,
    "7124.474166666666": 55,
    "6321.71869047619": 54,
    "6819.619866071429": 51,
    "6799.6805952380955": 50,
    "24837.57705357143": 50,
    "18722.426874999997": 48,
    "21250.493124999997": 48,
    "5628.156666666667": 46,
    "7221.25375": 46,
    "7331.485555555555": 44,
    "6329.97875": 42,
    "6721.347745535713": 42,
    "6272.158333333334": 40,
    "7495.091330645161": 40,
    "7825.641774193549": 40,
    "5284.295357142856": 37,
    "28413.3475": 37,
    "5899.918024193548": 36,
    "22725.1984375": 36,
    "28583.260967741935": 36,
    "5815.717380952381": 34,
    "6699.984241071428": 34,
    "6724.76590625": 34,
    "7257.552916666666": 32,
    "5508.15814516129": 31,
    "6433.4959475806445": 31,
    "6657.257232142857": 30,
    "5391.589464285715": 29,
    "5712.315580357143": 29,
    "7078.412857142857": 29,
    "7252.007968749999": 29,
    "28171.056517857145": 29,
    "6343.96756048387": 28,
    "25948.736875": 28,
    "5721.937023809523": 27,
    "6674.348035714285": 27,
    "6685.741904761904": 27,
    "6716.125555555555": 27,
    "7365.899285714286": 27,
    "5983.05625": 26,
    "7088.986499999999": 26,
    "22772.7695766129": 26,
    "28726.636428571426": 26,
    "50744.599375": 26,
    "23063.305725806447": 25,
    "22059.6775": 23,
    "6239.118095238095": 22,
    "26727.97": 22,
    "6238.737379032257": 21,
    "5571.686774193548": 20,
    "15536.094032258066": 19,
    "17244.651607142856": 18,
    "22615.257410714286": 18,
    "27059.896696428572": 18,
    "5503.11619047619": 17,
    "6349.2522222222215": 17,
    "5753.197142857143": 16,
    "29282.21633928571": 16,
    "6257.236935483871": 15,
    "6387.799166666666": 15,
    "6725.620446428571": 15,
    "7761.193125": 15,
    "6875.639722222221": 14,
    "7030.498452380953": 14,
    "7078.412857142856": 14,
    "7266.206411290323": 14,
    "13639.110866935484": 14,
    "22059.677499999998": 14,
    "6768.347455357143": 13,
    "6965.968568548386": 13,
    "7102.370059523809": 13,
    "4862.28375": 12,
    "6329.978749999999": 12,
    "6402.720564516128": 12,
    "18726.198035714282": 12,
    "25393.15696428571": 12,
    "6069.786875": 11,
    "18448.408080357145": 11,
    "6249.443169642857": 9,
    "6261.833258928571": 9,
    "6299.003526785715": 9,
    "6033.0416964285705": 8,
    "6722.771979166667": 8,
    "6255.638214285714": 7,
    "6662.9541666666655": 7,
    "18301.0825": 7,
    "20774.78173387097": 7,
    "20892.9596875": 7,
    "6371.279047619047": 6,
    "6379.539107142856": 6,
    "6383.669136904762": 6,
    "6688.682258064515": 6,
    "7359.866149193548": 6,
    "20392.93776785714": 6,
    "5690.676904761905": 5,
    "5840.606026785715": 5,
    "6122.2682258064515": 5,
    "6323.783705357142": 5,
    "5648.170357142857": 4,
    "6274.223348214286": 4,
    "6292.8084821428565": 4,
    "6344.433854166667": 4,
    "6706.303407258064": 4,
    "6050.168273809523": 3,
    "6195.064444444444": 3,
    "6407.416808035714": 3,
    "6910.71244047619": 3,
    "7268.6428125": 3,
    "20670.727723214284": 3,
    "25763.543571428574": 3,
    "5926.1329910714285": 2,
    "6286.613437499999": 2,
    "6311.393616071428": 2,
    "6318.787701612902": 2,
    "6342.988343749999": 2,
    "6364.051495535714": 2,
    "6665.802633928572": 2,
    "6696.400685483871": 2,
    "6860.479596774193": 2,
    "7270.070476190475": 2,
    "7437.770892857142": 2,
    "15114.928616071427": 2,
    "16503.878392857143": 2,
    "16678.90665625": 2,
    "17059.458303571428": 2,
    "19281.77794642857": 2,
    "23726.417232142856": 2,
    "24199.90375": 2,
    "33469.479999999996": 2,
    "5669.552098214285": 1,
    "5804.625080645161": 1,
    "6256.942434210527": 1,
    "6270.636743421052": 1,
    "6358.888958333333": 1,
    "6363.551895161289": 1,
    "6370.246540178571": 1,
    "6374.583071428571": 1,
    "6645.863363095237": 1,
    "6719.555967741935": 1,
    "6734.165848214286": 1,
    "6896.528482142857": 1,
    "6928.81111111111": 1,
    "6930.710089285713": 1,
    "32060.11589285714": 1,
    "32191.855120967743": 1,
    "34282.435535714285": 1
  },
  "source": {
    "analyze": "light",
    "fontface": "Consolas-Regular",
    "fontsize": 14,
    "language": "c",
    "theme": "Community Material"
  },
  "average": 9907.864759165335,
  "diff65": 52.428688602543616
}
