{
  "colors": {
    "#d4d4d4": 4751,
    "#9cdcfe": 1327,
    "#569cd6": 671,
    "#c586c0": 543,
    "#dcdcaa": 413,
    "#b5cea8": 243,
    "#6a9955": 223,
    "#ce9178": 174,
    "#d7ba7d": 24,
    "#4ec9b0": 15
  },
  "cccts": {
    "6503.44": 25590,
    "0.0": 6194,
    "6439.268831168832": 1273,
    "7059.9914285714285": 1116,
    "6389.38": 1095,
    "6998.152380952381": 894,
    "6464.224285714285": 803,
    "6843.554761904761": 719,
    "6433.736666666667": 689,
    "12784.162857142856": 675,
    "6446.398961038961": 669,
    "7199.129285714285": 651,
    "15639.036883116882": 636,
    "6424.231666666667": 601,
    "7029.071904761904": 578,
    "6518.408831168831": 559,
    "6471.756666666667": 551,
    "6513.835021645021": 545,
    "6889.934047619047": 508,
    "6402.053333333332": 499,
    "6419.660974025974": 444,
    "16780.986493506494": 443,
    "6458.876688311688": 438,
    "6512.587619047618": 426,
    "6433.921233766232": 417,
    "6442.833896103895": 411,
    "7106.370714285713": 398,
    "6360.865": 393,
    "14497.087272727273": 387,
    "6395.716666666666": 320,
    "6936.313333333333": 302,
    "7230.048809523809": 301,
    "6453.529090909091": 299,
    "6248.527272727273": 295,
    "6658.037619047619": 275,
    "13640.625064935064": 264,
    "6455.311623376623": 257,
    "17637.448701298697": 257,
    "6379.874999999999": 236,
    "6354.528333333333": 222,
    "6404.307272727272": 218,
    "7384.646428571428": 207,
    "7245.5085714285715": 185,
    "6414.7266666666665": 177,
    "6347.659999999999": 174,
    "19921.34792207792": 169,
    "16210.01168831169": 168,
    "6516.745627705626": 149,
    "6423.226038961039": 144,
    "6448.243982683983": 143,
    "6519.6562337662335": 143,
    "6276.850909090908": 142,
    "6351.36": 137,
    "6322.844999999999": 128,
    "6326.417272727273": 125,
    "6462.441753246753": 124,
    "6401.835649350649": 119,
    "14782.574675324675": 115,
    "6463.842857142857": 113,
    "6503.4400000000005": 113,
    "6428.573636363636": 109,
    "6227.284545454544": 107,
    "6170.637272727272": 100,
    "6417.878441558441": 99,
    "6490.962272727273": 96,
    "6262.689090909091": 95,
    "6515.082424242424": 93,
    "7183.6695238095235": 90,
    "6425.0085714285715": 89,
    "6485.614675324675": 70,
    "7013.612142857142": 68,
    "6444.616428571428": 66,
    "6398.884999999999": 65,
    "6522.9826406926395": 65,
    "6184.799090909091": 61,
    "6446.792727272727": 61,
    "6451.746558441559": 57,
    "6478.484545454544": 57,
    "6305.174545454545": 51,
    "9358.314025974027": 50,
    "6364.033333333333": 44,
    "6492.744805194804": 42,
    "6517.161428571428": 40,
    "6521.735238095237": 40,
    "6448.181493506493": 38,
    "13926.112467532468": 37,
    "21348.784935064938": 37,
    "17066.473896103897": 35,
    "6163.556363636363": 32,
    "6410.748311688311": 32,
    "6517.577229437229": 32,
    "6520.903636363636": 31,
    "6696.650735930735": 31,
    "6522.1510389610385": 29,
    "6951.773095238095": 29,
    "6099.828181818181": 28,
    "6453.873636363635": 28,
    "6411.558333333333": 27,
    "6449.9640259740245": 27,
    "6489.179740259739": 27,
    "6720.802077922078": 27,
    "6383.284285714285": 26,
    "6460.954545454544": 26,
    "22776.221948051945": 26,
    "7152.75": 25,
    "6432.138701298701": 24,
    "6370.37": 23,
    "6905.393809523809": 22,
    "20206.835324675325": 22,
    "6437.486298701298": 20,
    "17922.936103896103": 20,
    "6290.436688311687": 19,
    "6386.211666666667": 19,
    "6654.385887445887": 17,
    "6636.27238095238": 16,
    "6191.88": 15,
    "6338.6866666666665": 15,
    "6430.356168831168": 15,
    "6563.818354978355": 15,
    "16495.499090909092": 15,
    "18208.423506493506": 15,
    "6426.791103896104": 14,
    "6787.218268398268": 14,
    "6793.256103896104": 14,
    "6392.548333333333": 13,
    "6847.596623376623": 13,
    "6206.041818181818": 12,
    "6441.051363636364": 12,
    "6269.7699999999995": 11,
    "6298.0936363636365": 11,
    "6432.630909090909": 11,
    "6421.443506493506": 10,
    "15924.524285714286": 10,
    "6213.1227272727265": 9,
    "6135.232727272727": 8,
    "6376.706666666666": 8,
    "6450.643809523809": 8,
    "6220.203636363635": 7,
    "6414.313376623376": 7,
    "18779.39831168831": 7,
    "6241.446363636364": 6,
    "6291.012727272726": 6,
    "6460.65922077922": 6,
    "6527.140649350648": 6,
    "6283.931818181817": 5,
    "6466.242683982683": 5,
    "7075.451190476191": 5,
    "6345.023333333333": 4,
    "6367.201666666667": 4,
    "6455.443463203463": 4,
    "6457.0941558441555": 4,
    "15353.54948051948": 4,
    "19064.885714285712": 4,
    "6252.205324675325": 3,
    "6390.1454545454535": 3,
    "6412.5308441558445": 3,
    "6421.063333333333": 3,
    "6708.7264069264065": 3,
    "20777.81012987013": 3,
    "21063.297532467535": 3,
    "6255.608181818182": 2,
    "6471.042337662338": 2,
    "6738.915584415583": 2,
    "7214.589047619048": 2,
    "13069.65025974026": 2,
    "17351.961298701295": 2,
    "19635.860519480517": 2,
    "6142.313636363636": 1,
    "6198.960909090909": 1,
    "6312.255454545455": 1,
    "6357.696666666667": 1,
    "6361.821818181818": 1,
    "6373.538333333333": 1,
    "6403.618181818181": 1,
    "6456.643376623376": 1,
    "6474.91948051948": 1,
    "19350.373116883115": 1
  },
  "source": {
    "analyze": "dark",
    "fontface": "Consolas-Regular",
    "fontsize": 14,
    "language": "c",
    "theme": "Default"
  },
  "average": 6367.847641947718,
  "diff65": -2.0331132008043333
}
