{
  "colors": {
    "#d4d4d4": 4751,
    "#9cdcfe": 1327,
    "#569cd6": 671,
    "#c586c0": 543,
    "#dcdcaa": 413,
    "#b5cea8": 243,
    "#6a9955": 223,
    "#ce9178": 174,
    "#d7ba7d": 24,
    "#4ec9b0": 15
  },
  "cccts": {
    "6503.44": 20639,
    "0.0": 6194,
    "6503.4400000000005": 5064,
    "7080.604444444444": 1567,
    "6436.89212121212": 1557,
    "17161.636363636364": 1405,
    "6424.414393939394": 1103,
    "7188.822777777777": 1101,
    "7152.75": 1029,
    "6385.155555555554": 1022,
    "6362.977222222222": 1006,
    "6428.573636363637": 949,
    "6518.963232323231": 711,
    "7369.1866666666665": 651,
    "18493.91090909091": 636,
    "6370.37": 583,
    "6449.369848484848": 560,
    "6451.690555555556": 551,
    "6392.548333333334": 482,
    "6407.333888888888": 482,
    "7044.531666666667": 453,
    "6441.051363636363": 426,
    "6521.873838383838": 419,
    "16495.49909090909": 419,
    "6411.9366666666665": 408,
    "6326.013333333332": 405,
    "6972.386111111111": 393,
    "7297.041111111111": 390,
    "6340.7988888888885": 317,
    "6239.08606060606": 302,
    "6516.052626262626": 283,
    "6189.519696969696": 277,
    "6755.949444444444": 275,
    "6519.933434343434": 262,
    "19160.048181818183": 255,
    "15163.224545454545": 250,
    "6371.263030303029": 200,
    "6432.732878787878": 189,
    "7585.623333333333": 178,
    "6206.041818181819": 175,
    "6403.618181818181": 172,
    "6520.903636363636": 156,
    "6517.9930303030305": 147,
    "6427.845454545454": 143,
    "6281.656666666667": 138,
    "6486.803030303029": 138,
    "6377.762777777777": 132,
    "6461.847575757576": 129,
    "6378.662727272727": 122,
    "7116.677222222222": 120,
    "6255.608181818181": 114,
    "6524.784444444444": 105,
    "6139.953333333334": 102,
    "6439.044646464647": 100,
    "6288.652424242424": 94,
    "6407.777424242424": 94,
    "7333.113888888889": 90,
    "21158.46": 90,
    "6420.255151515151": 88,
    "6474.325303030304": 70,
    "14497.08727272727": 67,
    "6106.90909090909": 66,
    "6416.095909090909": 66,
    "6453.873636363635": 61,
    "6445.210606060606": 57,
    "7224.895555555555": 57,
    "6437.351515151515": 54,
    "11166.40090909091": 50,
    "6222.563939393939": 48,
    "6333.4061111111105": 43,
    "6478.484545454545": 43,
    "6348.191666666667": 42,
    "6525.754646464646": 40,
    "7260.968333333333": 40,
    "20492.322727272727": 40,
    "26487.558181818178": 40,
    "24489.146363636362": 37,
    "17827.773636363636": 36,
    "6728.852525252524": 33,
    "7477.405": 31,
    "30484.38181818182": 31,
    "6355.584444444443": 30,
    "6156.475454545454": 29,
    "6457.6883333333335": 29,
    "6529.635454545455": 29,
    "6771.117373737374": 29,
    "6007.776363636363": 27,
    "6490.962272727272": 27,
    "6363.258333333334": 26,
    "6299.539393939393": 19,
    "22490.734545454543": 19,
    "6404.307272727273": 18,
    "6391.140454545455": 16,
    "6813.382222222222": 16,
    "6123.4312121212115": 15,
    "6602.05797979798": 15,
    "6757.029090909091": 15,
    "6172.997575757575": 14,
    "6382.821969696968": 14,
    "6395.299696969696": 14,
    "6444.644242424241": 14,
    "6470.1660606060605": 14,
    "6714.764242424243": 14,
    "6303.835": 13,
    "6686.587676767676": 13,
    "6926.088484848485": 13,
    "6387.7851515151515": 11,
    "6272.130303030303": 10,
    "6353.7072727272725": 10,
    "6318.620555555555": 9,
    "6399.458939393939": 9,
    "6414.7266666666665": 9,
    "6453.52909090909": 9,
    "6425.045656565657": 8,
    "19826.18545454545": 8,
    "6057.342727272727": 7,
    "6237.299999999999": 7,
    "6338.218787878788": 7,
    "21824.59727272727": 7,
    "23823.00909090909": 7,
    "6305.174545454544": 6,
    "6321.696666666667": 6,
    "6466.006818181818": 6,
    "6532.54606060606": 6,
    "23156.87181818182": 6,
    "5908.643636363636": 5,
    "6311.227777777777": 4,
    "6386.981212121213": 4,
    "6436.244848484847": 4,
    "6742.940808080807": 4,
    "25155.283636363638": 4,
    "6159.357727272728": 3,
    "6455.843434343435": 3,
    "6090.386969696969": 2,
    "6441.844444444444": 2,
    "6447.44404040404": 2,
    "15829.361818181816": 2,
    "6024.298484848484": 1,
    "6040.820606060606": 1,
    "6073.864848484848": 1,
    "6370.344242424243": 1
  },
  "source": {
    "analyze": "dark",
    "fontface": "Consolas-Regular",
    "fontsize": 14,
    "language": "c",
    "theme": "Default"
  },
  "average": 6514.520004917415,
  "diff65": 0.22338469103714698,
  "cctbg": 6503.44
}
