{
  "colors": {
    "#adb1c2": 5120,
    "#565869": 2754,
    "#f767bb": 891,
    "#09a1ed": 421,
    "#2dae58": 294,
    "#ff5c57": 245,
    "#cf9c00": 115,
    "#b38700": 29,
    "#f5b900": 24,
    "#11658f": 11
  },
  "cccts": {
    "4750.155": 2234,
    "3947.18": 1689,
    "3166.7699999999995": 1602,
    "4110.711057692308": 1245,
    "2009.6809615384614": 1235,
    "2243.12875": 1165,
    "73134.405": 1074,
    "2302.5216666666665": 990,
    "5937.693749999999": 939,
    "3298.7187499999995": 920,
    "5146.001249999999": 831,
    "1126.76": 828,
    "1809.1241666666665": 771,
    "1644.6583333333333": 763,
    "1754.302222222222": 763,
    "751.1733333333333": 729,
    "2631.453333333333": 695,
    "1669.960769230769": 613,
    "5920.7699999999995": 597,
    "3330.433125": 582,
    "91418.00625": 575,
    "48756.27": 547,
    "4293.409326923077": 527,
    "3694.565": 512,
    "2170.949": 510,
    "50787.78125": 482,
    "2603.4503365384617": 447,
    "3567.6434615384615": 444,
    "2902.8725": 439,
    "876.3688888888889": 436,
    "782.4722222222222": 433,
    "476.7061538461538": 430,
    "30941.479038461537": 419,
    "1973.59": 411,
    "4276.111666666666": 409,
    "3859.5009375": 407,
    "1863.946111111111": 399,
    "63289.38894230769": 393,
    "688.5755555555556": 374,
    "34535.691249999996": 317,
    "2741.097222222222": 304,
    "3070.028888888889": 300,
    "4222.36": 299,
    "3958.4625": 297,
    "1141.8641826923076": 292,
    "1464.545": 286,
    "44693.247500000005": 270,
    "270.8557692307692": 262,
    "4057.4240624999998": 254,
    "79228.93874999999": 251,
    "4019.3619230769227": 249,
    "1220.6566666666665": 247,
    "66102.25067307692": 222,
    "3453.7825": 214,
    "1509.215882352941": 204,
    "2412.165555555556": 198,
    "2770.92375": 195,
    "3463.6546874999995": 194,
    "2127.67359375": 189,
    "1533.90421875": 186,
    "3031.739519230769": 181,
    "56882.315": 174,
    "3354.265": 165,
    "2125.404615384615": 163,
    "1419.1121153846152": 152,
    "3633.787083333333": 152,
    "976.3633333333333": 146,
    "948.8413461538462": 145,
    "3415.8288461538464": 144,
    "364.21458333333334": 143,
    "40083.279663461544": 128,
    "1513.0856666666666": 124,
    "532.0811111111111": 122,
    "2163.3582692307696": 119,
    "2236.1766666666663": 119,
    "17580.38581730769": 119,
    "619.6151923076924": 116,
    "2177.1543749999996": 115,
    "2049.828611111111": 114,
    "522.56875": 113,
    "2329.3506944444443": 113,
    "1821.7753846153846": 111,
    "1586.5904166666667": 105,
    "3265.7315624999997": 101,
    "1323.7233653846154": 100,
    "1644.2844230769228": 96,
    "1017.0451388888889": 93,
    "691.5906944444445": 91,
    "2474.0390625": 91,
    "2869.8853124999996": 90,
    "65008.35999999999": 89,
    "3339.921538461538": 79,
    "3364.693125": 78,
    "1335.0755882352942": 76,
    "2321.8705882352942": 76,
    "4933.974999999999": 70,
    "1366.3315384615385": 69,
    "1913.256875": 67,
    "1535.0144444444445": 66,
    "1370.548611111111": 61,
    "1267.3947115384617": 59,
    "1583.958472222222": 58,
    "2026.5351041666665": 58,
    "1018.4176923076923": 56,
    "3014.521442307692": 55,
    "854.3179166666667": 54,
    "894.9997222222223": 54,
    "3430.6674999999996": 51,
    "50279.9034375": 50,
    "1589.836388888889": 49,
    "1351.0234027777778": 48,
    "3508.604444444444": 46,
    "3661.5778125": 45,
    "715.0592307692307": 40,
    "953.4123076923076": 40,
    "1139.0905555555557": 40,
    "1838.3952403846156": 39,
    "2523.51984375": 39,
    "42661.73625": 37,
    "61882.958076923074": 36,
    "2504.9411538461536": 33,
    "2713.6862499999997": 33,
    "352.05408653846155": 31,
    "657.2766666666668": 31,
    "1781.308125": 30,
    "806.4294230769232": 29,
    "1850.240625": 29,
    "2585.5792708333333": 29,
    "59421.7040625": 29,
    "802.6833173076924": 28,
    "1274.6102083333333": 28,
    "53327.1703125": 28,
    "536.1968333333333": 26,
    "1408.45": 26,
    "2196.8175": 26,
    "2795.9191666666666": 26,
    "3207.08375": 26,
    "60945.3375": 26,
    "46412.21855769231": 25,
    "3289.3166666666666": 24,
    "813.771111111111": 23,
    "2276.1159374999997": 23,
    "1301.8177777777778": 22,
    "30560.7225": 22,
    "72234.435": 22,
    "2584.6431617647054": 20,
    "1584.2179166666665": 19,
    "2608.8727777777776": 19,
    "25315.755576923075": 19,
    "732.2725": 18,
    "2850.741111111111": 18,
    "29456.913125": 18,
    "44185.369687499995": 18,
    "56374.4371875": 18,
    "1144.4066666666668": 16,
    "62468.970937499995": 16,
    "569.5452777777779": 15,
    "1239.2303846153848": 15,
    "3371.549583333333": 15,
    "4192.83125": 15,
    "1768.0077083333333": 14,
    "2138.055833333333": 14,
    "2147.7302941176467": 14,
    "506.9578846153846": 12,
    "2878.152083333333": 12,
    "33519.935625": 12,
    "51803.536875000005": 12,
    "1830.68125": 11,
    "32758.11890625": 11,
    "44143.26583333334": 11,
    "65288.816249999996": 11,
    "78253.97124999999": 11,
    "2549.2204166666666": 10,
    "1006.8746875": 9,
    "1189.9428125": 9,
    "1250.9655208333334": 9,
    "1329.9011538461539": 9,
    "1891.3570833333333": 9,
    "1897.6826923076924": 9,
    "348.37916666666666": 8,
    "2384.754583333333": 8,
    "1220.4541666666669": 7,
    "39793.72036764705": 7,
    "589.8861805555556": 6,
    "610.2270833333334": 6,
    "617.5511538461539": 6,
    "650.9088888888889": 6,
    "2055.8229166666665": 6,
    "3042.6179166666666": 6,
    "38090.8359375": 6,
    "490.89791666666673": 5,
    "884.8292708333333": 5,
    "633.4166666666667": 4,
    "805.4997500000001": 4,
    "806.3137019230769": 4,
    "1037.3860416666669": 4,
    "1128.9201041666668": 4,
    "2612.58525": 4,
    "7125.2325": 4,
    "472.9259895833334": 3,
    "700.7117708333334": 3,
    "1847.2825": 3,
    "2096.939375": 3,
    "3067.8084375": 3,
    "38852.65265625": 3,
    "52819.292499999996": 3,
    "381.11": 2,
    "427.55625000000003": 2,
    "662.8000000000001": 2,
    "686.5054687500001": 2,
    "705.0362500000001": 2,
    "796.8847794117647": 2,
    "929.4227884615384": 2,
    "945.8519791666668": 2,
    "1001.5644444444443": 2,
    "1011.57375": 2,
    "1067.8973958333333": 2,
    "1273.3096153846154": 2,
    "1471.38": 2,
    "1880.2696875": 2,
    "2981.5688888888885": 2,
    "23616.31828125": 2,
    "27425.401875": 2,
    "28949.035312499997": 2,
    "35043.5690625": 2,
    "47232.6365625": 2,
    "617.5812500000001": 1,
    "622.5069230769232": 1,
    "634.6361666666667": 1,
    "655.9941145833334": 1,
    "704.1081730769231": 1,
    "975.0807692307693": 1,
    "1167.059296875": 1,
    "1235.7098437500001": 1,
    "2220.2887499999997": 1,
    "2573.0006249999997": 1,
    "3782.7141666666666": 1,
    "4111.645833333333": 1,
    "70087.138125": 1,
    "76181.671875": 1
  },
  "source": {
    "analyze": "light",
    "fontface": "Consolas-Regular",
    "fontsize": 14,
    "language": "c",
    "theme": "Snazzy Light"
  },
  "average": 10341.602895710304,
  "diff65": 59.101583010927754
}
