{
  "colors": {
    "#565869": 5285,
    "#adb1c2": 5120,
    "#f767bb": 891,
    "#09a1ed": 421,
    "#2dae58": 294,
    "#ff5c57": 245,
    "#cf9c00": 115,
    "#b38700": 29,
    "#f5b900": 24,
    "#11658f": 11
  },
  "cccts": {
    "6577.18": 10526,
    "0.0": 6194,
    "7203.565": 2234,
    "6994.7699999999995": 1335,
    "7107.586653225806": 1245,
    "6836.48991935484": 1235,
    "6859.432857142857": 1218,
    "6872.972916666667": 1165,
    "36511.10071428571": 1074,
    "6741.8275": 990,
    "7490.658125": 939,
    "7012.169583333333": 920,
    "7255.76375": 831,
    "5650.681428571428": 828,
    "6706.545892857143": 771,
    "6694.785357142857": 763,
    "6702.625714285715": 763,
    "5959.5142857142855": 729,
    "6765.348571428572": 695,
    "6694.026612903226": 613,
    "7071.1224999999995": 597,
    "6811.152763157895": 582,
    "50230.814375": 575,
    "26533.127142857145": 547,
    "7131.160282258064": 527,
    "7064.368333333334": 512,
    "6728.106875": 510,
    "27364.62494047619": 482,
    "6869.886666666667": 471,
    "6913.104213709677": 447,
    "6826.80685483871": 444,
    "6959.970833333334": 439,
    "5856.57": 436,
    "5933.778214285714": 433,
    "6193.629516129033": 430,
    "18969.17943548387": 419,
    "7086.117812500001": 407,
    "6710.466071428572": 399,
    "31924.451572580645": 393,
    "6882.953928571429": 391,
    "6010.986428571428": 374,
    "20712.64255952381": 317,
    "6773.188928571429": 304,
    "6796.71": 300,
    "7133.966666666666": 299,
    "7099.1675000000005": 297,
    "6724.515181451613": 292,
    "5795.446428571428": 283,
    "24870.131547619047": 270,
    "6994.77": 267,
    "6359.253588709678": 262,
    "7112.217187499999": 254,
    "7095.799838709677": 249,
    "5573.473214285715": 247,
    "39005.59410714285": 228,
    "33050.996975806454": 222,
    "6833.298333333333": 214,
    "6684.200875": 204,
    "6717.130374999999": 204,
    "6749.6678571428565": 198,
    "6942.57125": 195,
    "7033.9190625": 194,
    "6857.74828125": 189,
    "6779.45015625": 186,
    "6602.072943548387": 181,
    "29859.118333333332": 174,
    "6605.3264285714295": 165,
    "6725.893870967742": 163,
    "6588.832016129033": 152,
    "6056.024285714286": 146,
    "6643.570120967743": 145,
    "6816.184435483871": 144,
    "6057.936517857144": 143,
    "22630.451995967742": 128,
    "6685.376928571429": 124,
    "6607.671964285715": 123,
    "6139.666785714286": 122,
    "6728.5494758064515": 119,
    "13618.08877016129": 119,
    "6253.559112903226": 116,
    "6864.273125000001": 115,
    "6594.380595238095": 114,
    "5832.178482142858": 113,
    "6596.726130952381": 113,
    "6704.649032258064": 111,
    "6595.944285714286": 105,
    "7007.8196875": 101,
    "5885.80810483871": 100,
    "5730.301964285715": 98,
    "6789.342661290323": 96,
    "6034.309464285714": 93,
    "6208.0280357142865": 91,
    "6903.4221875": 91,
    "6955.620937500001": 90,
    "33185.10952380953": 89,
    "6716.215666666667": 88,
    "6810.873225806452": 79,
    "7020.869375": 78,
    "6671.852312500001": 76,
    "6741.827500000001": 76,
    "6723.533333333334": 71,
    "6988.79875": 70,
    "6672.781774193549": 69,
    "6829.473958333333": 67,
    "6686.945": 66,
    "6675.184464285714": 61,
    "5915.228185483871": 59,
    "6590.471369047618": 58,
    "6594.185133928572": 58,
    "5757.776693548388": 56,
    "6966.144879032257": 55,
    "6099.453928571429": 54,
    "7029.569166666667": 51,
    "27156.750491071427": 50,
    "6690.865178571429": 49,
    "6588.516755952381": 48,
    "6714.38625": 48,
    "6828.071428571428": 46,
    "7060.018437500001": 45,
    "6121.16875": 42,
    "5810.079032258065": 40,
    "5969.165000000001": 40,
    "6001.854274193548": 40,
    "6592.2746572580645": 39,
    "6909.94703125": 39,
    "31361.17887096774": 36,
    "6036.722500000001": 33,
    "6752.449919354838": 33,
    "6771.2288392857145": 33,
    "6393.304495967743": 31,
    "6812.074375000001": 30,
    "6159.514798387097": 29,
    "6598.876205357143": 29,
    "6607.671964285714": 29,
    "6709.486026785715": 29,
    "30898.490580357142": 29,
    "6157.943850806451": 28,
    "6668.324151785715": 28,
    "28403.997187499997": 28,
    "5209.14625": 26,
    "5226.036250000001": 26,
    "6290.200214285715": 26,
    "6777.109107142857": 26,
    "6806.510446428571": 26,
    "31522.11392857143": 26,
    "25165.179153225807": 25,
    "6812.390714285714": 24,
    "5908.0421428571435": 23,
    "6877.3228125000005": 23,
    "24038.633749999997": 23,
    "39005.59410714286": 23,
    "5882.305714285714": 22,
    "18809.507338709678": 22,
    "36125.39928571429": 22,
    "6915.1669062500005": 20,
    "5729.285178571429": 19,
    "6599.071666666667": 19,
    "16716.08862903226": 19,
    "6781.029285714285": 18,
    "6882.953928571428": 18,
    "18633.89806547619": 18,
    "24662.257098214286": 18,
    "29651.24388392857": 18,
    "6171.836666666666": 17,
    "5971.443333333334": 16,
    "32145.737276785716": 16,
    "5929.938225806452": 15,
    "6273.1725": 15,
    "6618.226875": 15,
    "6818.270982142857": 15,
    "6595.944285714287": 14,
    "6703.605758928571": 14,
    "6729.478937500001": 14,
    "6730.066964285715": 14,
    "24038.63375": 14,
    "6121.168750000001": 12,
    "6312.399274193549": 12,
    "6782.989375": 12,
    "20296.893660714286": 12,
    "27780.373839285716": 12,
    "5437.1518750000005": 11,
    "19985.081986607143": 11,
    "24634.425119047617": 11,
    "32709.87931451613": 11,
    "38587.75089285714": 11,
    "6759.468303571428": 10,
    "5888.398790322582": 9,
    "5909.449241071428": 9,
    "5942.021473214286": 9,
    "6039.738169642857": 9,
    "6709.960241935484": 9,
    "6712.426160714286": 9,
    "6080.512321428571": 8,
    "6747.707767857143": 8,
    "5730.301964285713": 7,
    "5925.735357142858": 7,
    "22729.02471875": 7,
    "6080.307782258064": 6,
    "6229.742857142857": 6,
    "6251.457678571429": 6,
    "6262.315089285715": 6,
    "6724.186696428572": 6,
    "6794.749910714287": 6,
    "22167.763705357145": 6,
    "5877.330089285714": 5,
    "6104.882633928572": 5,
    "5674.147857142858": 4,
    "5974.593705357144": 4,
    "6023.452053571428": 4,
    "6159.169687500001": 4,
    "6583.800463709678": 4,
    "6912.121979166667": 4,
    "7673.35375": 4,
    "5766.493333333334": 3,
    "6202.149598214287": 3,
    "6324.745200892858": 3,
    "6727.126830357142": 3,
    "6820.774166666667": 3,
    "6981.720312500001": 3,
    "22479.575379464284": 3,
    "28196.12273809524": 3,
    "5753.625714285714": 2,
    "5798.375714285714": 2,
    "5917.708629032258": 2,
    "5967.633303571428": 2,
    "6007.1659375": 2,
    "6041.752053571429": 2,
    "6072.310401785714": 2,
    "6091.748669354838": 2,
    "6155.369593750001": 2,
    "6204.002946428572": 2,
    "6210.742388392857": 2,
    "6266.4169375": 2,
    "6602.199047619048": 2,
    "6825.1240625": 2,
    "16243.341897321428": 2,
    "17802.400267857145": 2,
    "18426.02361607143": 2,
    "20920.517008928575": 2,
    "25909.50379464286": 2,
    "5696.723660714286": 1,
    "5792.644919354839": 1,
    "5929.164013157895": 1,
    "5965.16490131579": 1,
    "6197.170625": 1,
    "6209.428991935484": 1,
    "6227.028504464286": 1,
    "6238.428785714286": 1,
    "6254.771774193549": 1,
    "6735.947232142857": 1,
    "6847.672321428572": 1,
    "6871.193392857143": 1,
    "6916.471875000001": 1,
    "35263.85401785714": 1,
    "37758.34741071429": 1
  },
  "source": {
    "analyze": "light",
    "fontface": "Consolas-Regular",
    "fontsize": 14,
    "language": "c",
    "theme": "Snazzy Light"
  },
  "average": 8330.97574301632,
  "diff65": 28.168857584866476
}
