{
  "colors": {
    "#565869": 5285,
    "#adb1c2": 5120,
    "#f767bb": 891,
    "#09a1ed": 421,
    "#2dae58": 294,
    "#ff5c57": 245,
    "#cf9c00": 115,
    "#b38700": 29,
    "#f5b900": 24,
    "#11658f": 11
  },
  "cccts": {
    "6577.18": 10526,
    "0.0": 6194,
    "6804.956363636365": 2360,
    "6639.902857142857": 2082,
    "6716.376666666667": 1678,
    "6779.647878787879": 1634,
    "6668.413246753246": 1405,
    "6679.817402597403": 1287,
    "6861.900454545454": 1245,
    "6792.302121212121": 1243,
    "6735.35803030303": 1212,
    "17462.242077922077": 1095,
    "6823.937727272727": 1069,
    "6617.094545454545": 987,
    "6640.451212121213": 939,
    "6240.271428571429": 828,
    "6371.291428571429": 804,
    "6662.711168831169": 763,
    "6277.705714285715": 709,
    "6343.215714285715": 695,
    "13229.16238095238": 689,
    "6754.3393939393945": 636,
    "6674.115324675326": 629,
    "14136.250887445887": 601,
    "6594.286233766235": 597,
    "6654.158051948053": 583,
    "9600.808354978357": 575,
    "6874.554696969697": 527,
    "6648.455974025975": 519,
    "16252.790735930737": 499,
    "6622.796623376624": 471,
    "6937.825909090909": 447,
    "6711.1788311688315": 444,
    "6315.14": 436,
    "6688.37051948052": 417,
    "20183.507597402597": 393,
    "6855.573333333334": 364,
    "16857.516406926406": 329,
    "6657.009090909091": 313,
    "6830.264848484848": 297,
    "6292.913246753247": 295,
    "6880.881818181818": 267,
    "6583.434761904763": 266,
    "18369.330584415584": 257,
    "6836.59196969697": 254,
    "6212.1957142857145": 247,
    "6651.307012987013": 222,
    "20788.233268398268": 222,
    "6642.753896103895": 200,
    "6798.629242424244": 194,
    "6773.320757575758": 189,
    "6849.246212121212": 189,
    "15043.339393939394": 188,
    "6590.542445887447": 181,
    "6403.461428571429": 174,
    "6705.476753246754": 173,
    "6906.190303030304": 170,
    "6587.415064935066": 165,
    "6736.838181818182": 163,
    "6597.137272727273": 161,
    "6760.666515151514": 157,
    "6785.975": 156,
    "6073.671168831169": 143,
    "6324.498441558441": 142,
    "21090.596103896103": 137,
    "23811.861623376622": 128,
    "6379.772532467533": 125,
    "6588.267987012987": 123,
    "6258.988571428572": 122,
    "6739.689220779221": 119,
    "6584.287683982684": 117,
    "6215.967142857144": 113,
    "6645.604935064936": 111,
    "6696.923636363636": 109,
    "6269.224350649351": 107,
    "6586.277835497835": 107,
    "6585.4249134199135": 106,
    "6206.0539610389615": 100,
    "6691.221558441558": 100,
    "6714.02987012987": 99,
    "6308.705844155845": 95,
    "6893.536060606061": 91,
    "6702.625714285715": 89,
    "6685.5194805194815": 88,
    "16555.15357142857": 75,
    "6599.988311688312": 71,
    "6605.69038961039": 70,
    "6671.2642857142855": 66,
    "6811.2834848484845": 65,
    "6221.846558441558": 61,
    "6586.846450216451": 58,
    "6659.86012987013": 57,
    "6137.327142857143": 56,
    "6356.083636363636": 51,
    "6741.685151515152": 51,
    "6634.20077922078": 48,
    "19881.14476190476": 48,
    "6165.402857142857": 40,
    "6268.347142857144": 40,
    "6593.385519480519": 39,
    "6842.919090909091": 39,
    "6899.863181818182": 39,
    "6665.562207792208": 38,
    "15345.70222943723": 36,
    "13143.450952380952": 33,
    "6198.157662337662": 32,
    "6621.469848484848": 32,
    "6725.4340259740275": 32,
    "6184.12": 31,
    "6128.777532467532": 29,
    "6587.699372294372": 29,
    "6591.963982683983": 29,
    "6127.090974025974": 28,
    "6521.905909090909": 28,
    "17159.879242424242": 28,
    "6403.2528571428575": 26,
    "6483.594285714287": 26,
    "6529.802207792208": 26,
    "18671.69341991342": 26,
    "17764.604913419913": 25,
    "6333.857142857143": 23,
    "6868.227575757575": 23,
    "19276.41909090909": 23,
    "22300.047445887445": 23,
    "6127.9685714285715": 22,
    "17321.987012987014": 22,
    "6682.668441558441": 20,
    "6268.854610389611": 19,
    "6585.140606060606": 19,
    "6466.631818181818": 18,
    "6514.009610389611": 17,
    "6356.912121212121": 16,
    "18974.056255411255": 16,
    "6229.742857142857": 15,
    "6580.023073593074": 15,
    "6694.072597402597": 15,
    "6590.8267532467535": 14,
    "6699.774675324675": 14,
    "6245.535454545455": 12,
    "6676.966363636365": 12,
    "6316.602142857144": 11,
    "6348.187337662337": 11,
    "6498.217012987014": 11,
    "18217.387597402598": 11,
    "19578.781926406926": 11,
    "20605.122489177487": 11,
    "6708.327792207792": 10,
    "6207.444632034633": 9,
    "6253.431753246754": 9,
    "6095.562857142857": 8,
    "6166.572467532468": 8,
    "6261.328051948052": 7,
    "6719.731948051948": 7,
    "21695.321774891774": 7,
    "6043.7414285714285": 6,
    "6285.016948051948": 6,
    "6340.29103896104": 6,
    "6237.858831168832": 5,
    "6332.3947402597405": 5,
    "6139.346233766234": 4,
    "6615.142727272727": 4,
    "15950.427900432902": 4,
    "6213.5141558441555": 3,
    "6450.839220779221": 3,
    "6665.759696969697": 3,
    "6722.582987012986": 3,
    "14438.613722943723": 3,
    "20485.870432900436": 3,
    "21997.68461038961": 3,
    "6202.837142857143": 2,
    "6215.311341991342": 2,
    "6223.178051948053": 2,
    "6281.642207792208": 2,
    "6293.978441558442": 2,
    "6300.809545454546": 2,
    "6317.578571428572": 2,
    "6361.932857142857": 2,
    "6817.610606060606": 2,
    "18066.96774891775": 2,
    "6150.292077922078": 1,
    "6156.044285714285": 1,
    "6174.468766233766": 1,
    "6237.6391558441555": 1,
    "6363.979935064936": 1,
    "6404.1123809523815": 1,
    "6419.254025974025": 1
  },
  "source": {
    "analyze": "light",
    "fontface": "Consolas-Regular",
    "fontsize": 14,
    "language": "c",
    "theme": "Snazzy Light"
  },
  "average": 6835.066371947402,
  "diff65": 5.154867260729267
}
