{
  "colors": {
    "#adb1c2": {
      "cct": 7894.36,
      "frequency": 5120
    },
    "#565869": {
      "cct": 9500.31,
      "frequency": 3814
    },
    "#fafbfc": {
      "cct": 9500.31,
      "frequency": 1471
    },
    "#f767bb": {
      "cct": 2253.52,
      "frequency": 891
    },
    "#09a1ed": {
      "cct": 146268.81,
      "frequency": 421
    },
    "#2dae58": {
      "cct": 6708.53,
      "frequency": 294
    },
    "#ff5c57": {
      "cct": 1520.2,
      "frequency": 245
    },
    "#cf9c00": {
      "cct": 2929.09,
      "frequency": 115
    },
    "#b38700": {
      "cct": 2942.76,
      "frequency": 29
    },
    "#f5b900": {
      "cct": 2924.71,
      "frequency": 24
    },
    "#11658f": {
      "cct": 144468.87,
      "frequency": 11
    }
  },
  "cccts": {
    "6577.18": 10526,
    "0.0": 6194,
    "6813.392525252525": 2863,
    "6857.682373737373": 2302,
    "6842.919090909092": 1980,
    "6683.618787878788": 1737,
    "6227.793333333334": 1648,
    "6931.498787878788": 1606,
    "6650.3566666666675": 1524,
    "6798.629242424242": 1152,
    "6703.576060606061": 1117,
    "6643.704242424244": 1105,
    "17865.392525252522": 1022,
    "19981.932373737374": 1006,
    "6696.923636363637": 977,
    "6680.52297979798": 939,
    "6769.102676767677": 920,
    "6670.31393939394": 888,
    "6663.661515151515": 886,
    "6676.966363636363": 834,
    "6617.094545454545": 773,
    "6603.789696969698": 758,
    "6887.2089393939395": 687,
    "7020.0784848484855": 629,
    "6901.9722222222235": 615,
    "6184.120000000001": 590,
    "19276.419090909094": 583,
    "11515.77297979798": 575,
    "6162.283333333333": 530,
    "6828.155808080808": 514,
    "15748.852676767678": 482,
    "17159.879242424242": 482,
    "6587.794141414141": 440,
    "6249.63": 437,
    "6293.303333333333": 433,
    "23509.498787878787": 423,
    "6723.533333333334": 408,
    "6916.735505050505": 342,
    "22098.472222222223": 317,
    "6282.384848484849": 302,
    "6227.110757575757": 277,
    "6205.956666666668": 262,
    "6872.4456565656565": 260,
    "6630.399393939393": 214,
    "6690.2712121212135": 203,
    "6589.12090909091": 189,
    "6961.025353535354": 189,
    "6783.865959595961": 186,
    "6245.535454545456": 175,
    "6736.8381818181815": 172,
    "6790.057575757576": 163,
    "18570.90580808081": 154,
    "27742.578484848484": 152,
    "6589.784292929293": 148,
    "5887.591818181818": 143,
    "7108.658181818182": 143,
    "6776.7527272727275": 122,
    "6587.130757575757": 121,
    "6096.7733333333335": 117,
    "6657.009090909091": 117,
    "6300.8095454545455": 114,
    "6585.80398989899": 113,
    "6637.051818181818": 111,
    "6171.836666666667": 102,
    "5989.753030303031": 100,
    "6337.658939393939": 94,
    "6730.185757575758": 94,
    "6754.339393939394": 90,
    "6710.228484848485": 88,
    "6591.774444444445": 83,
    "21392.95893939394": 82,
    "6597.137272727274": 71,
    "6623.74696969697": 70,
    "6134.987272727272": 66,
    "6716.88090909091": 66,
    "6585.140606060607": 58,
    "6503.4812121212135": 54,
    "22803.985505050503": 50,
    "6263.960151515152": 48,
    "6756.795454545455": 45,
    "6975.788636363636": 45,
    "6074.9366666666665": 40,
    "6597.081515151514": 39,
    "6990.551919191919": 39,
    "20687.44565656566": 38,
    "6636.233131313132": 36,
    "17719.942828282827": 33,
    "6081.577272727273": 31,
    "6946.262070707071": 31,
    "6190.261363636364": 29,
    "6595.091363636364": 29,
    "6601.061818181819": 29,
    "6024.439090909091": 27,
    "6374.265000000001": 26,
    "6424.323333333334": 26,
    "17023.52015151515": 22,
    "25626.03863636364": 21,
    "6282.0309090909095": 19,
    "6466.631818181819": 18,
    "15043.339393939395": 18,
    "6521.9059090909095": 17,
    "6246.778181818182": 16,
    "6153.41196969697": 15,
    "6581.823686868687": 15,
    "24215.012070707075": 15,
    "6040.833636363636": 14,
    "6208.686060606061": 14,
    "6750.143030303029": 14,
    "6770.100303030304": 14,
    "6448.207121212121": 11,
    "19809.21085858586": 11,
    "21898.47888888889": 11,
    "24920.52535353535": 11,
    "6319.234242424243": 10,
    "6816.6672727272735": 10,
    "6173.355555555556": 9,
    "6743.490606060606": 9,
    "31975.658181818184": 9,
    "5862.0515151515165": 8,
    "6079.7131818181815": 7,
    "6392.93303030303": 7,
    "5922.080000000001": 6,
    "6356.083636363636": 6,
    "6374.508333333334": 6,
    "5913.89090909091": 5,
    "5964.2127272727275": 4,
    "6588.457525252526": 4,
    "6724.812828282829": 4,
    "6763.44787878788": 4,
    "26331.551919191916": 4,
    "6079.115909090909": 3,
    "6142.994848484848": 3,
    "6665.759696969698": 3,
    "6015.293333333334": 2,
    "6066.3739393939395": 2,
    "6116.562575757576": 2,
    "6136.644242424242": 2,
    "6191.711212121212": 2,
    "6283.489494949495": 2,
    "16454.365959595958": 2,
    "6042.8637878787895": 1,
    "6053.1": 1,
    "6061.2884848484855": 1,
    "6098.137878787879": 1,
    "6301.845151515151": 1,
    "7005.315202020202": 1
  },
  "source": {
    "analyze": "light",
    "fontface": "Consolas-Regular",
    "fontsize": 14,
    "language": "c",
    "theme": "Snazzy Light"
  },
  "average_cct": 7085.801107907992,
  "average_cct_without_background": 3496.3783266691617,
  "diff65": 9.012324737046036,
  "background_cct": 6577.18
}
