{
  "colors": {
    "#000000": 4751,
    "#001080": 1327,
    "#0000ff": 671,
    "#af00db": 543,
    "#795e26": 413,
    "#098658": 243,
    "#008000": 223,
    "#a31515": 174,
    "#ee0000": 24,
    "#267f99": 15
  },
  "cccts": {
    "6503.44": 10526,
    "0.0": 6194,
    "6503.481904761904": 2225,
    "6503.500952380951": 1476,
    "6469.194025974026": 1273,
    "6503.5085714285715": 1246,
    "17539.407532467532": 1116,
    "6249.268311688312": 1095,
    "16313.188917748916": 894,
    "6503.504761904761": 869,
    "6482.511904761904": 803,
    "6503.487619047619": 771,
    "6503.4971428571425": 736,
    "6503.466666666666": 733,
    "13247.64238095238": 719,
    "6348.112857142856": 689,
    "13247.878095238095": 675,
    "6503.514285714285": 671,
    "6472.999134199134": 669,
    "6503.459047619048": 664,
    "20298.399415584416": 651,
    "16313.531774891775": 636,
    "6326.931883116883": 601,
    "6503.5257142857145": 596,
    "16926.298225108225": 578,
    "6503.451428571428": 559,
    "17507.820259740263": 559,
    "6432.836753246754": 551,
    "14145.370735930734": 545,
    "14167.30634199134": 508,
    "6277.50961038961": 499,
    "6503.470476190476": 470,
    "6458.729978354977": 444,
    "17539.79324675325": 443,
    "6479.658073593073": 438,
    "13228.339047619047": 426,
    "6466.340194805193": 417,
    "6471.09658008658": 411,
    "18459.071493506493": 398,
    "6185.725389610389": 393,
    "15087.270303030306": 387,
    "6503.51619047619": 373,
    "6503.493333333333": 350,
    "6503.4914285714285": 326,
    "6263.388961038961": 320,
    "15086.970303030304": 302,
    "20911.508722943723": 301,
    "6476.804242424242": 299,
    "6082.058441558442": 295,
    "9568.986536796536": 275,
    "6503.523809523809": 274,
    "6503.5485714285705": 269,
    "14167.5741991342": 264,
    "6477.755519480519": 257,
    "18459.48935064935": 257,
    "6503.518095238095": 254,
    "6228.087337662337": 236,
    "6503.529523809523": 235,
    "6503.489523809523": 233,
    "6171.60474025974": 222,
    "6339.569393939393": 218,
    "23977.055259740257": 207,
    "6503.506666666667": 194,
    "6503.499047619047": 189,
    "6503.521904761905": 189,
    "21218.063376623377": 185,
    "6305.750909090909": 177,
    "6245.929047619047": 174,
    "6503.539047619048": 170,
    "20912.012294372293": 169,
    "16926.662510822513": 168,
    "6503.546666666666": 162,
    "16285.111341991342": 149,
    "6460.632532467533": 144,
    "6627.927748917749": 143,
    "18424.851948051946": 143,
    "6128.878614718615": 142,
    "6164.544415584414": 137,
    "6101.001493506494": 128,
    "6503.495238095237": 128,
    "6210.813917748917": 125,
    "6481.560627705628": 124,
    "6449.217207792207": 119,
    "15393.835670995672": 115,
    "6592.746428571428": 113,
    "6463.486363636363": 109,
    "6046.943311688311": 107,
    "6503.4857142857145": 105,
    "5953.302965367965": 100,
    "6457.778701298701": 99,
    "6503.453333333333": 97,
    "6496.78106060606": 96,
    "6105.468528138528": 95,
    "15062.402424242424": 93,
    "6503.535238095237": 91,
    "6503.502857142857": 90,
    "6503.512380952381": 90,
    "19991.844761904766": 90,
    "6461.583809523809": 89,
    "6503.531428571428": 82,
    "6503.483809523808": 76,
    "6493.9272294372295": 70,
    "16619.74357142857": 68,
    "6472.047857142857": 66,
    "6270.449285714285": 65,
    "20870.269783549786": 65,
    "5976.713051948052": 61,
    "6409.799653679654": 61,
    "6503.510476190476": 60,
    "6475.852965367965": 57,
    "6490.12212121212": 57,
    "6175.698787878788": 51,
    "9569.09367965368": 50,
    "6503.478095238095": 48,
    "6192.785714285715": 44,
    "6497.732337662337": 42,
    "16590.788571428573": 40,
    "19953.238095238095": 40,
    "6503.5371428571425": 39,
    "6473.950411255411": 38,
    "14474.139567099568": 37,
    "22444.839134199137": 37,
    "17846.358614718618": 35,
    "5941.597922077922": 32,
    "6453.973593073592": 32,
    "16896.4658008658": 32,
    "8183.570216450215": 31,
    "19341.883636363636": 31,
    "15393.524956709954": 29,
    "20258.915324675327": 29,
    "5836.252532467533": 28,
    "6421.504696969697": 28,
    "6298.690584415584": 27,
    "6474.901688311687": 27,
    "6495.829783549783": 27,
    "8393.586493506493": 27,
    "6240.006666666666": 26,
    "6433.209740259739": 26,
    "23977.665974025975": 26,
    "19378.73545454546": 25,
    "6465.388917748917": 24,
    "6206.9063636363635": 23,
    "6503.527619047619": 23,
    "14473.860995670993": 22,
    "21218.577662337662": 22,
    "6468.242748917749": 20,
    "18766.05471861472": 20,
    "6036.444545454544": 19,
    "6242.207987012986": 19,
    "7816.041731601731": 17,
    "7658.529523809523": 16,
    "5988.418095238096": 15,
    "6136.303116883117": 15,
    "6464.43764069264": 15,
    "7028.480692640693": 15,
    "17233.22787878788": 15,
    "19072.62008658009": 15,
    "6462.5350865800865": 14,
    "6503.5199999999995": 14,
    "8971.131255411256": 14,
    "9023.635324675324": 14,
    "6256.328636363636": 13,
    "9496.171948051948": 13,
    "6011.828181818181": 12,
    "6470.145303030303": 12,
    "6117.173571428571": 11,
    "6163.993744588744": 11,
    "6386.389567099567": 11,
    "6459.681255411256": 10,
    "16620.097142857143": 10,
    "6023.5332251082245": 9,
    "5894.777748917749": 8,
    "6221.027012987012": 8,
    "6622.515238095239": 8,
    "6035.238268398268": 7,
    "6455.876147186147": 7,
    "19685.750822510825": 7,
    "6070.353398268398": 6,
    "6152.2887012987": 6,
    "6480.60935064935": 6,
    "23927.042077922077": 6,
    "6140.583658008657": 5,
    "6587.333917748917": 5,
    "17845.962186147186": 5,
    "6150.4237662337655": 4,
    "6199.846038961039": 4,
    "6478.706796536797": 4,
    "6611.690216450216": 4,
    "16006.966406926407": 4,
    "19992.31619047619": 4,
    "5952.624848484849": 3,
    "6316.159307359307": 3,
    "6319.871558441558": 3,
    "6454.92487012987": 3,
    "8288.578354978354": 3,
    "21831.7083982684": 3,
    "22138.273766233768": 3,
    "6093.763484848485": 2,
    "6576.5088961038955": 2,
    "8551.0987012987": 2,
    "13554.443463203463": 2,
    "18152.923982683984": 2,
    "20604.954069264073": 2,
    "20605.446926406927": 2,
    "5906.482792207792": 1,
    "6000.123138528138": 1,
    "6178.665064935066": 1,
    "6187.403831168831": 1,
    "6213.966688311688": 1,
    "6269.339134199135": 1,
    "6450.168484848485": 1,
    "6488.219567099567": 1,
    "6608.983961038961": 1,
    "20298.88155844156": 1
  },
  "source": {
    "analyze": "light",
    "fontface": "Consolas-Regular",
    "fontsize": 14,
    "language": "c",
    "theme": "Default"
  },
  "average": 7846.525420382739,
  "diff65": 20.71577569819598
}
