{
  "colors": {
    "#000000": 4751,
    "#001080": 1327,
    "#0000ff": 671,
    "#af00db": 543,
    "#795e26": 413,
    "#098658": 243,
    "#008000": 223,
    "#a31515": 174,
    "#ee0000": 24,
    "#267f99": 15
  },
  "cccts": {
    "6503.44": 10526,
    "0.0": 6194,
    "17948.147070707073": 1567,
    "6467.925656565655": 1557,
    "6503.488888888889": 1495,
    "6503.51111111111": 1450,
    "17948.54707070707": 1405,
    "6503.524444444445": 1201,
    "6503.506666666667": 1108,
    "6461.266717171718": 1103,
    "20094.029646464645": 1101,
    "19378.735454545455": 1029,
    "6239.854545454546": 1022,
    "6503.502222222222": 1017,
    "6190.432272727273": 1006,
    "6503.484444444444": 980,
    "6503.5199999999995": 967,
    "6503.546666666665": 957,
    "6463.486363636363": 949,
    "6503.497777777777": 853,
    "6503.466666666666": 733,
    "17915.3898989899": 711,
    "6503.471111111111": 664,
    "6503.457777777778": 656,
    "23670.500606060607": 651,
    "6503.533333333333": 649,
    "19379.18545454546": 636,
    "6206.9063636363635": 583,
    "6474.584595959596": 560,
    "6388.121363636364": 551,
    "6256.328636363637": 482,
    "6289.276818181817": 482,
    "17232.85287878788": 453,
    "6503.573333333334": 451,
    "6470.145303030303": 426,
    "17233.22787878788": 419,
    "20055.130505050503": 419,
    "6454.607777777777": 408,
    "6108.061818181817": 405,
    "6503.515555555555": 394,
    "15802.264494949495": 393,
    "22239.91222222222": 390,
    "6141.01": 317,
    "6066.451717171717": 302,
    "15775.649292929293": 283,
    "5984.516414141414": 277,
    "11510.499343434343": 275,
    "18628.63676767677": 262,
    "20094.504646464648": 255,
    "6503.542222222221": 252,
    "15802.589494949496": 250,
    "6503.537777777778": 234,
    "6503.528888888887": 203,
    "6284.945858585857": 200,
    "6503.493333333333": 198,
    "6465.706010101009": 189,
    "6503.555555555556": 189,
    "27962.26575757576": 178,
    "6011.828181818181": 175,
    "6450.168484848484": 172,
    "6503.582222222222": 162,
    "19341.883636363636": 156,
    "17202.143030303032": 147,
    "6503.6": 143,
    "6673.934090909091": 143,
    "6009.217272727273": 138,
    "6494.5614141414135": 138,
    "6223.380454545454": 132,
    "6481.243535353536": 129,
    "6436.850606060606": 122,
    "18663.441262626264": 120,
    "6093.763484848484": 114,
    "6503.479999999999": 105,
    "22194.871111111115": 105,
    "5902.581111111112": 102,
    "6648.675707070707": 100,
    "6148.38702020202": 94,
    "6452.388131313131": 94,
    "22240.46222222222": 90,
    "22955.206414141416": 90,
    "6459.04707070707": 88,
    "6487.902474747474": 70,
    "15087.270303030304": 67,
    "5847.957575757575": 66,
    "6456.827424242423": 66,
    "6421.504696969695": 61,
    "6472.3649494949495": 57,
    "20809.323838383836": 57,
    "6394.192929292929": 54,
    "11510.674343434344": 50,
    "6039.139949494949": 48,
    "6503.5599999999995": 45,
    "6124.53590909091": 43,
    "6490.122121212121": 43,
    "6157.48409090909": 42,
    "21524.61803030303": 40,
    "21525.143030303032": 40,
    "22908.117979797982": 40,
    "27963.01575757576": 40,
    "6503.564444444444": 39,
    "25817.058181818185": 37,
    "18663.866262626267": 36,
    "8463.591919191918": 33,
    "6503.551111111111": 31,
    "25816.383181818182": 31,
    "32254.930909090916": 31,
    "6173.9581818181805": 30,
    "5929.892878787878": 29,
    "6479.023888888889": 29,
    "8831.120404040403": 29,
    "25761.105454545454": 29,
    "5684.086969696969": 27,
    "6496.78106060606": 27,
    "6196.101111111111": 26,
    "6056.4016161616155": 19,
    "23671.100606060605": 19,
    "6339.569393939394": 18,
    "6443.509545454545": 16,
    "9198.648888888889": 16,
    "5875.269343434344": 15,
    "7361.006464646464": 15,
    "8708.610909090909": 15,
    "5957.2046464646455": 14,
    "6439.070252525252": 14,
    "6445.729191919191": 14,
    "6485.682828282828": 14,
    "6636.0465151515145": 14,
    "8341.082424242424": 14,
    "6058.6395454545445": 13,
    "8096.063434343433": 13,
    "10178.724848484848": 13,
    "6312.257626262626": 11,
    "6121.075252525252": 10,
    "6423.532727272727": 10,
    "6091.587727272727": 9,
    "6305.750909090909": 9,
    "6447.948838383838": 9,
    "6476.804242424241": 9,
    "6680.2486868686865": 8,
    "20809.82383838384": 8,
    "5766.022272727272": 7,
    "5910.372727272727": 7,
    "6230.3223232323235": 7,
    "22955.781414141416": 7,
    "25101.738989898993": 7,
    "6175.698787878787": 6,
    "6203.010555555556": 6,
    "6483.4631818181815": 6,
    "24386.419797979797": 6,
    "27900.84606060606": 6,
    "5520.216363636364": 5,
    "6075.113636363636": 4,
    "6441.2898989898995": 4,
    "6654.990303030302": 4,
    "8586.101414141413": 4,
    "26532.377373737378": 4,
    "5749.062727272727": 3,
    "6610.78813131313": 3,
    "5820.645808080808": 2,
    "6629.731919191919": 2,
    "6642.361111111111": 2,
    "16517.908686868686": 2,
    "5711.398737373737": 1,
    "5738.710505050505": 1,
    "5793.33404040404": 1,
    "6432.411313131312": 1,
    "6503.568888888888": 1
  },
  "source": {
    "analyze": "light",
    "fontface": "Consolas-Regular",
    "fontsize": 14,
    "language": "c",
    "theme": "Default"
  },
  "average": 8362.568482550767,
  "diff65": 28.65489973155026,
  "cctbg": 6503.44
}
