{
  "colors": {
    "#ebdbb2": 4579,
    "#a89984": 3885,
    "#83a598": 1298,
    "#fb4934": 1123,
    "#8ec07c": 1026,
    "#fabd2f": 436,
    "#d3869b": 324,
    "#928374": 223,
    "#fe8019": 185,
    "#b8bb26": 117
  },
  "cccts": {
    "6503.44": 10526,
    "0.0": 6194,
    "6380.765714285714": 1273,
    "6370.742597402597": 1246,
    "6427.270952380952": 1229,
    "6228.283116883116": 1122,
    "6568.685714285714": 1114,
    "6422.347142857142": 960,
    "6454.968787878787": 923,
    "6561.43619047619": 894,
    "6098.604415584415": 873,
    "6428.47238095238": 803,
    "6256.040476190476": 798,
    "6222.304177489177": 775,
    "6385.486753246753": 740,
    "6392.648658008658": 736,
    "6399.573116883116": 736,
    "6543.31238095238": 718,
    "6335.288571428571": 705,
    "6411.289025974025": 704,
    "6359.68448051948": 671,
    "6394.39619047619": 669,
    "6378.114675324675": 665,
    "6466.57961038961": 664,
    "6584.997142857143": 649,
    "6312.358831168831": 618,
    "6337.568246753246": 596,
    "6427.007532467533": 590,
    "6565.060952380952": 578,
    "6143.586147186147": 553,
    "6258.856103896103": 530,
    "6548.749523809523": 508,
    "6479.521038961038": 470,
    "6482.666623376623": 470,
    "6343.281904761904": 444,
    "6418.249523809523": 438,
    "6370.5428571428565": 417,
    "6387.580952380952": 411,
    "6574.122857142856": 398,
    "6159.493896103896": 393,
    "6400.230909090909": 350,
    "6243.56961038961": 332,
    "6463.0767532467535": 326,
    "6408.026666666667": 299,
    "6355.998441558441": 297,
    "6312.300259740259": 295,
    "6588.621904761904": 292,
    "6188.567878787879": 291,
    "6554.1866666666665": 286,
    "6521.563809523809": 275,
    "6341.254285714285": 274,
    "6293.335779220779": 269,
    "6064.868116883116": 266,
    "6205.353376623376": 259,
    "6411.434285714285": 257,
    "6352.312402597402": 254,
    "6282.093809523809": 238,
    "6144.2074025974025": 236,
    "6330.196168831168": 235,
    "6181.481904761904": 232,
    "5974.904653679653": 210,
    "6385.724199134199": 204,
    "6413.422034632034": 204,
    "6374.428636363636": 194,
    "6344.940324675324": 189,
    "6389.172792207792": 189,
    "6289.4290909090905": 188,
    "6590.434285714285": 185,
    "6606.745714285713": 178,
    "6386.63238095238": 174,
    "6311.765974025974": 170,
    "6221.7266666666665": 161,
    "6136.564155844155": 151,
    "6191.580909090909": 146,
    "6350.097142857143": 144,
    "6333.538008658008": 142,
    "6067.774935064934": 141,
    "6396.54487012987": 128,
    "6370.7040692640685": 125,
    "6425.06476190476": 124,
    "6309.205714285713": 119,
    "6279.714999999999": 115,
    "6360.32": 109,
    "6296.371948051948": 107,
    "5873.695757575756": 104,
    "6466.066623376623": 101,
    "6470.551428571428": 101,
    "6253.89645021645": 100,
    "6339.874285714285": 99,
    "6479.586666666666": 96,
    "6322.919134199134": 95,
    "6111.053571428571": 94,
    "6319.138051948052": 91,
    "6161.359523809523": 90,
    "6381.800714285714": 90,
    "6583.184761904761": 90,
    "6353.504761904761": 89,
    "6121.095281385282": 87,
    "6494.470389610389": 85,
    "6326.510129870129": 82,
    "6233.54961038961": 79,
    "6364.950822510822": 76,
    "6423.808722943722": 76,
    "6251.212857142857": 75,
    "6141.237142857143": 73,
    "6076.113549783549": 72,
    "6469.363809523809": 70,
    "6390.988571428571": 66,
    "6563.248571428571": 66,
    "6479.204393939393": 65,
    "6264.515324675325": 61,
    "6367.056558441558": 60,
    "6306.833181818182": 58,
    "6419.723636363636": 58,
    "6404.619047619048": 57,
    "6455.733333333333": 57,
    "6449.6223376623375": 56,
    "6354.775757575758": 51,
    "6167.137142857143": 48,
    "6177.3224458874465": 48,
    "6473.541298701299": 48,
    "6475.742164502164": 44,
    "6482.994285714285": 42,
    "6008.6409523809525": 40,
    "6132.340714285713": 40,
    "6315.452012987013": 39,
    "6397.803809523809": 38,
    "6281.785844155845": 36,
    "5862.450324675324": 32,
    "6248.587012987013": 32,
    "6326.2438095238085": 32,
    "6477.637727272727": 32,
    "6031.131818181818": 31,
    "6117.005909090908": 29,
    "6150.903636363636": 29,
    "6252.596818181818": 29,
    "6347.6396753246745": 29,
    "6407.602987012987": 29,
    "6555.999047619048": 29,
    "6200.802077922077": 28,
    "6235.926363636364": 28,
    "6466.273939393938": 28,
    "6354.289999999999": 27,
    "6401.211428571428": 27,
    "6476.179047619047": 27,
    "6197.710129870129": 26,
    "6390.985670995671": 26,
    "6467.561558441558": 26,
    "6471.583376623375": 26,
    "6220.63987012987": 25,
    "6579.5599999999995": 25,
    "6367.135238095237": 24,
    "6433.178051948052": 24,
    "6105.991168831169": 23,
    "6182.4236363636355": 23,
    "6211.058744588744": 23,
    "6333.882207792208": 23,
    "5963.65922077922": 22,
    "6550.561904761904": 22,
    "6239.037727272726": 20,
    "6377.358095238095": 20,
    "6445.137532467532": 19,
    "6429.107878787879": 18,
    "6460.964502164501": 17,
    "6461.581818181818": 17,
    "6190.066883116883": 16,
    "6313.612727272727": 16,
    "6446.632467532468": 16,
    "6269.8247619047615": 15,
    "6363.727619047619": 15,
    "6348.626363636364": 14,
    "6356.912380952381": 14,
    "6452.612207792207": 14,
    "6464.5716883116875": 14,
    "6280.443636363636": 12,
    "6384.173333333333": 12,
    "6174.78038961039": 11,
    "6328.228571428571": 11,
    "6349.466320346321": 11,
    "6450.345627705627": 11,
    "6346.689523809524": 10,
    "6184.801363636363": 9,
    "6285.753073593073": 9,
    "6205.139999999999": 8,
    "6227.349264069264": 8,
    "6121.277662337662": 7,
    "6291.06251082251": 7,
    "6333.059047619047": 7,
    "6482.510909090908": 7,
    "6306.990822510822": 6,
    "6344.156883116882": 6,
    "6421.657142857142": 6,
    "6293.274090909091": 5,
    "6338.847445887445": 5,
    "6570.498095238096": 5,
    "6232.258181818182": 4,
    "6266.49935064935": 4,
    "6414.8419047619045": 4,
    "6481.323766233765": 4,
    "6113.6344155844145": 3,
    "6151.850649350649": 3,
    "6304.715584415583": 3,
    "6329.651428571428": 3,
    "6418.489004329004": 3,
    "6451.835454545453": 3,
    "6100.99238095238": 2,
    "6198.360454545454": 2,
    "6212.996623376624": 2,
    "6259.205887445888": 2,
    "6259.376363636364": 2,
    "6272.032619047619": 2,
    "6317.609696969696": 2,
    "6320.392272727273": 2,
    "6363.37051948052": 2,
    "5997.395519480519": 1,
    "6232.658701298701": 1,
    "6275.134199134199": 1,
    "6312.613333333332": 1,
    "6360.085194805194": 1,
    "6397.251255411255": 1,
    "6448.918095238095": 1
  },
  "source": {
    "analyze": "dark",
    "fontface": "Consolas-Regular",
    "fontsize": 14,
    "language": "c",
    "theme": "Gruvbox"
  },
  "average": 5709.2800571383905,
  "diff65": -12.164922197870915
}
