{
  "colors": {
    "#a89984": 3885,
    "#ebdbb2": 1505,
    "#83a598": 1298,
    "#fb4934": 1123,
    "#8ec07c": 1026,
    "#fabd2f": 436,
    "#d3869b": 324,
    "#928374": 223,
    "#fe8019": 165,
    "#b8bb26": 117
  },
  "cccts": {
    "2464.56": 1205,
    "2400.245": 1177,
    "1486.13": 1101,
    "3670.38": 1057,
    "2446.92": 936,
    "654.025": 873,
    "1123.808125": 759,
    "1021.6437500000001": 736,
    "1089.7533333333333": 736,
    "1430.3012500000002": 733,
    "1015.4882692307692": 732,
    "1643.04": 695,
    "1600.1633333333332": 666,
    "3000.3062499999996": 664,
    "3176.290384615385": 649,
    "1042.6984615384615": 599,
    "2077.135096153846": 596,
    "990.7533333333333": 590,
    "1857.6625000000001": 590,
    "1133.4490277777777": 587,
    "1733.235": 578,
    "436.01666666666665": 573,
    "454.18402777777777": 533,
    "1666.8368055555554": 527,
    "2906.39": 526,
    "1552.853076923077": 503,
    "1032.0347222222222": 495,
    "276.7028846153846": 485,
    "1348.56975": 470,
    "3677.9175000000005": 470,
    "2227.583076923077": 444,
    "2600.265416666666": 433,
    "628.7473076923077": 421,
    "2669.9399999999996": 409,
    "1950.1990624999999": 407,
    "3976.245": 398,
    "1286.0740384615385": 393,
    "2548.875": 393,
    "1163.82": 385,
    "2452.2665625": 326,
    "701.7836111111111": 320,
    "399.68194444444447": 313,
    "1711.5": 304,
    "2000.2041666666667": 297,
    "3317.4588461538465": 292,
    "508.6861111111111": 291,
    "1916.8799999999999": 286,
    "2025.24": 286,
    "2854.7400000000002": 286,
    "908.1905555555556": 284,
    "4587.975": 275,
    "1315.5188942307693": 269,
    "708.5270833333333": 266,
    "1437.66": 257,
    "2079.4725": 256,
    "2050.209270833333": 254,
    "1609.9741666666666": 253,
    "1225.9725": 248,
    "157.21754807692307": 242,
    "1343.2328846153848": 236,
    "2169.4522115384616": 235,
    "618.39": 232,
    "1866.8572222222222": 226,
    "1466.816388888889": 224,
    "2243.01": 215,
    "591.1379807692308": 210,
    "937.5083823529412": 204,
    "2145.451875": 200,
    "1506.1200000000001": 198,
    "1750.1786458333331": 194,
    "1075.1097395833333": 189,
    "775.0791145833333": 186,
    "2011.650576923077": 178,
    "576.9819711538462": 177,
    "1155.878888888889": 174,
    "1400.1429166666667": 170,
    "566.8575000000001": 161,
    "721.455": 161,
    "2030.9765384615384": 159,
    "2133.551111111111": 156,
    "807.7048958333334": 146,
    "1350.1599999999999": 146,
    "2132.7923076923075": 144,
    "3262.56": 143,
    "814.5135576923078": 141,
    "592.4423076923077": 131,
    "944.748": 124,
    "357.2427884615385": 123,
    "1350.7684615384617": 119,
    "856.8323076923077": 116,
    "882.3028846153846": 115,
    "1100.1122916666666": 115,
    "1158.8809375": 115,
    "2194.0099999999998": 105,
    "352.16730769230765": 104,
    "1830.5053846153846": 100,
    "1004.88375": 94,
    "1406.4166666666665": 93,
    "956.3633333333333": 91,
    "1250.1276041666667": 91,
    "1321.0044444444445": 91,
    "438.02625": 90,
    "1450.1480208333332": 90,
    "3105.706153846154": 90,
    "308.84513888888887": 87,
    "4359.585": 85,
    "301.85769230769233": 79,
    "2085.396923076923": 79,
    "1700.1735416666668": 78,
    "392.4398076923077": 77,
    "829.3343382352942": 76,
    "1442.3205882352943": 76,
    "927.585": 73,
    "327.0125": 72,
    "3080.7": 70,
    "853.1169230769231": 69,
    "1453.195": 64,
    "1650.1684375": 63,
    "1009.1631944444443": 60,
    "1752.6115384615384": 59,
    "1018.4105208333333": 58,
    "1564.9792307692305": 58,
    "1270.5161538461539": 57,
    "953.5341666666667": 55,
    "1181.39": 54,
    "1229.6265384615383": 54,
    "1237.6466666666668": 54,
    "1021.714375": 50,
    "992.67": 49,
    "263.4267361111111": 48,
    "1826.1154166666665": 48,
    "2190.72": 46,
    "1850.1888541666667": 45,
    "3696.84": 42,
    "415.05432692307687": 40,
    "553.4057692307692": 40,
    "1575.1866666666667": 40,
    "830.8540384615384": 39,
    "1275.13015625": 39,
    "966.7653472222222": 38,
    "2523.38625": 38,
    "866.9091666666668": 37,
    "1257.4946153846154": 36,
    "1598.5145": 36,
    "698.6514423076923": 34,
    "1564.0476923076922": 33,
    "1694.385": 33,
    "358.45600961538463": 32,
    "381.51458333333335": 31,
    "486.83653846153845": 31,
    "900.091875": 30,
    "923.8631250000001": 29,
    "1149.34921875": 29,
    "1207.4806250000001": 29,
    "1299.3513541666666": 29,
    "1478.3475": 29,
    "1733.5102777777777": 29,
    "795.8475000000001": 28,
    "1083.6364583333334": 28,
    "1109.9873076923077": 28,
    "2329.279615384615": 28,
    "1026.9": 27,
    "1095.36": 27,
    "1232.28": 27,
    "1523.2324038461536": 27,
    "618.0698333333332": 26,
    "817.53125": 26,
    "1238.4416666666668": 26,
    "1341.4107692307693": 26,
    "1745.73": 26,
    "2002.455": 26,
    "3037.86": 26,
    "943.1209615384615": 25,
    "2141.0550000000003": 25,
    "2053.8": 24,
    "2626.929423076923": 24,
    "472.3513888888889": 23,
    "1150.1173958333334": 23,
    "1800.2133333333331": 22,
    "2650.83": 22,
    "514.4296153846154": 19,
    "3148.589166666666": 19,
    "598.580138888889": 18,
    "897.8702083333334": 18,
    "1012.62": 18,
    "1145.5585416666668": 18,
    "2260.5255555555555": 17,
    "1269.4027083333333": 16,
    "1311.0572222222222": 16,
    "787.5933333333334": 15,
    "1306.0156617647058": 15,
    "1713.6646153846154": 15,
    "2105.145": 15,
    "1103.9175": 14,
    "1334.9699999999998": 14,
    "1341.0105882352939": 14,
    "1372.4619444444443": 14,
    "2099.059444444444": 14,
    "2156.49": 14,
    "681.1429166666667": 12,
    "701.0446153846153": 12,
    "1052.6754166666667": 12,
    "1129.59": 12,
    "1797.0749999999998": 12,
    "665.6623958333334": 11,
    "1776.1272222222224": 11,
    "2531.55": 11,
    "1591.6950000000002": 10,
    "1180.935": 9,
    "1392.3525": 9,
    "1523.56375": 9,
    "1645.5075": 9,
    "1729.8925": 9,
    "772.5872916666666": 8,
    "1489.0049999999999": 8,
    "808.6295588235294": 7,
    "1130.2627777777777": 7,
    "1397.3028846153845": 7,
    "1687.7": 7,
    "774.0260416666667": 6,
    "815.7216666666667": 6,
    "843.85": 6,
    "900.1066666666666": 6,
    "1137.4892307692307": 6,
    "1283.625": 6,
    "1899.765": 6,
    "1088.6457291666668": 5,
    "1223.5825": 5,
    "1997.1185294117645": 5,
    "958.4399999999999": 4,
    "1113.882": 4,
    "1320.13475": 4,
    "1355.508": 4,
    "1404.7041666666667": 4,
    "1434.545": 4,
    "1561.1225000000002": 4,
    "1779.96": 4,
    "3600.3675": 4,
    "653.98375": 3,
    "789.5065625000001": 3,
    "933.4286111111111": 3,
    "1073.3161111111112": 3,
    "1309.2975": 3,
    "1550.1582291666666": 3,
    "313.7419852941177": 2,
    "479.8961458333334": 2,
    "545.6382352941176": 2,
    "557.29875": 2,
    "581.3555555555555": 2,
    "588.2597916666667": 2,
    "712.1039583333334": 2,
    "948.1753125": 2,
    "949.33125": 2,
    "950.0969791666665": 2,
    "959.7922916666668": 2,
    "970.4275": 2,
    "1101.9688235294116": 2,
    "1184.8846153846155": 2,
    "1285.2484615384615": 2,
    "1307.9675": 2,
    "1458.73125": 2,
    "1476.7375": 2,
    "1685.645": 2,
    "565.9831730769231": 1,
    "713.1575": 1,
    "855.75": 1,
    "877.604": 1,
    "907.1387500000001": 1,
    "973.6730769230769": 1,
    "1300.132708333333": 1,
    "1327.0707692307692": 1,
    "1369.5865625": 1,
    "1386.315": 1,
    "1424.2079166666667": 1,
    "1548.0520833333335": 1,
    "1613.863125": 1,
    "1708.79625": 1,
    "2361.87": 1,
    "2567.25": 1
  },
  "source": {
    "analyze": "dark",
    "fontface": "Consolas-Regular",
    "fontsize": 14,
    "language": "c",
    "theme": "Gruvbox"
  },
  "average": 1674.7407167541862,
  "diff65": -74.23475820378175
}
