{
  "colors": {
    "#ebdbb2": 4579,
    "#a89984": 3885,
    "#83a598": 1298,
    "#fb4934": 1123,
    "#8ec07c": 1026,
    "#fabd2f": 436,
    "#d3869b": 324,
    "#928374": 223,
    "#fe8019": 185,
    "#b8bb26": 117
  },
  "cccts": {
    "6503.44": 10526,
    "0.0": 6194,
    "6166.085714285714": 1204,
    "6138.522142857143": 1177,
    "5746.7585714285715": 1101,
    "6682.865714285714": 1057,
    "5390.142142857143": 873,
    "6346.341339285714": 759,
    "6623.057142857143": 751,
    "6351.101904761904": 736,
    "6360.623035714285": 736,
    "6303.496249999999": 733,
    "6352.37185483871": 732,
    "5971.268125": 664,
    "6655.373064516129": 649,
    "6363.782580645161": 599,
    "6194.436975806451": 596,
    "6278.537142857143": 596,
    "5399.94625": 590,
    "5998.9857142857145": 590,
    "6331.117678571429": 587,
    "6260.161428571429": 584,
    "6588.168809523809": 578,
    "5761.2414285714285": 573,
    "5730.316488095237": 533,
    "6250.024821428571": 527,
    "6577.718387096774": 503,
    "5977.966785714285": 495,
    "6042.558629032258": 485,
    "5903.608749999999": 470,
    "6320.158229166667": 470,
    "6349.959999999999": 470,
    "6205.080967741935": 444,
    "6108.112321428571": 433,
    "6190.190161290322": 421,
    "6137.972857142857": 409,
    "6206.944241071427": 407,
    "6697.817857142856": 398,
    "5862.701693548386": 393,
    "6628.04119047619": 393,
    "6344.13380952381": 385,
    "6380.756973684211": 326,
    "6146.118214285714": 320,
    "5823.091309523809": 313,
    "6269.16619047619": 304,
    "6199.341785714286": 297,
    "6662.12564516129": 292,
    "5637.541666666667": 291,
    "6241.053333333333": 286,
    "6642.993333333333": 286,
    "6041.023571428571": 284,
    "5977.805714285714": 283,
    "6765.1025": 275,
    "6307.7380846774195": 269,
    "5297.367321428571": 266,
    "6223.791052631579": 256,
    "6191.739330357143": 254,
    "5683.7017857142855": 253,
    "6241.575584677419": 242,
    "5834.22443548387": 236,
    "6180.703508064516": 235,
    "5839.401428571428": 232,
    "6219.615": 226,
    "6280.4346428571425": 224,
    "6613.089047619047": 215,
    "5518.829798387097": 210,
    "6333.4878125": 204,
    "6373.4765625": 204,
    "6192.416388888889": 200,
    "6297.279047619047": 198,
    "6237.3540625": 194,
    "6339.987209821427": 189,
    "6385.601941964285": 186,
    "6623.057142857144": 185,
    "6599.6642741935475": 178,
    "6417.605826612903": 177,
    "5914.91": 174,
    "6290.57125": 170,
    "5728.7283333333335": 161,
    "5894.737976190476": 161,
    "6201.30370967742": 159,
    "6179.068571428572": 156,
    "6306.650000000001": 148,
    "6153.017142857143": 146,
    "6181.835312499999": 146,
    "6217.777096774193": 144,
    "6662.929523809524": 143,
    "6097.639072580644": 141,
    "6424.089193548387": 131,
    "6374.120857142857": 124,
    "6325.457137096773": 123,
    "6322.520161290322": 119,
    "6285.8387096774195": 116,
    "6042.0071875": 115,
    "6336.185982142857": 115,
    "6545.643629032257": 115,
    "6306.65": 109,
    "5934.002857142857": 105,
    "5916.863709677418": 104,
    "6038.564516129032": 100,
    "6278.5371428571425": 99,
    "5424.377321428571": 94,
    "6138.41619047619": 93,
    "5830.834285714285": 91,
    "6255.223809523809": 91,
    "6313.378616071428": 91,
    "6033.079345238095": 90,
    "6282.968794642856": 90,
    "6651.996774193548": 90,
    "5977.716011904761": 87,
    "6244.442499999999": 85,
    "6260.161428571428": 82,
    "6000.660322580644": 79,
    "6224.1251612903225": 79,
    "6244.956517857142": 78,
    "6091.0934677419355": 77,
    "6303.49625": 76,
    "6388.47234375": 76,
    "5507.382142857143": 73,
    "5955.037722222222": 72,
    "6011.465": 70,
    "6389.174838709677": 69,
    "6252.558973214285": 63,
    "6452.0516071428565": 60,
    "6058.346451612903": 59,
    "6097.938437499999": 58,
    "6425.4622580645155": 58,
    "6564.213225806451": 57,
    "6355.441428571428": 56,
    "6370.144166666667": 55,
    "6182.219047619048": 54,
    "6196.82": 54,
    "6442.171774193548": 54,
    "5983.221517857143": 50,
    "6367.561190476191": 49,
    "6055.028363095237": 48,
    "6431.49625": 48,
    "6203.569523809523": 46,
    "6222.149151785715": 45,
    "6325.7122222222215": 44,
    "5913.07": 42,
    "5581.677258064516": 40,
    "5812.117943548386": 40,
    "6094.613333333334": 40,
    "6309.577388392857": 39,
    "6379.83879032258": 39,
    "6356.459196428572": 38,
    "6626.7951785714295": 38,
    "5876.9403225806445": 36,
    "6424.301875": 36,
    "6468.628508064516": 34,
    "6271.508928571428": 33,
    "6293.953870967741": 33,
    "5906.389133064516": 32,
    "5854.01625": 31,
    "6379.802903225806": 31,
    "6366.595803571428": 30,
    "5776.33375": 29,
    "5888.636339285715": 29,
    "5986.0759375": 29,
    "6143.495342741934": 29,
    "6239.888214285714": 29,
    "6342.77091517857": 29,
    "6575.708690476189": 29,
    "5951.693125": 28,
    "6221.547419354838": 28,
    "6394.502678571429": 28,
    "6614.857580645161": 28,
    "6276.837782258063": 27,
    "6328.515555555556": 27,
    "6353.504761904761": 27,
    "6362.875714285714": 27,
    "4879.880625": 26,
    "5583.58": 26,
    "5872.8721428571425": 26,
    "6229.339642857142": 26,
    "6257.3425": 26,
    "6264.480714285714": 26,
    "6436.60193548387": 26,
    "6033.565241935484": 25,
    "6608.105": 25,
    "6222.311428571428": 24,
    "6372.54879032258": 24,
    "5699.391547619048": 23,
    "6062.0425": 23,
    "6328.583526785714": 23,
    "6036.2095238095235": 22,
    "6633.025238095238": 22,
    "5776.333749999999": 19,
    "6247.144677419355": 19,
    "6343.108214285714": 19,
    "5920.164732142858": 18,
    "6046.278303571428": 18,
    "6198.665535714285": 18,
    "6230.888888888889": 17,
    "6388.33": 17,
    "5857.107946428571": 16,
    "5981.415": 16,
    "6430.536999999999": 16,
    "6068.2374193548385": 15,
    "6215.283214285714": 15,
    "6299.026666666667": 15,
    "6306.536406249999": 15,
    "6062.0425000000005": 14,
    "6197.322222222221": 14,
    "6320.706428571428": 14,
    "6321.409249999999": 14,
    "6352.333392857143": 14,
    "6396.552142857143": 14,
    "6433.551785714286": 14,
    "5967.457321428571": 12,
    "6156.627678571428": 12,
    "6257.452499999999": 12,
    "6325.402580645161": 12,
    "6348.819285714285": 12,
    "5736.889999999999": 11,
    "6164.509776785714": 11,
    "6412.996428571428": 11,
    "6285.565357142857": 10,
    "5909.847056451612": 9,
    "6054.460714285714": 9,
    "6076.362142857142": 9,
    "6142.066428571429": 9,
    "6341.791071428571": 9,
    "6195.818124999999": 8,
    "6299.621785714285": 8,
    "6065.411428571429": 7,
    "6095.147312499999": 7,
    "6433.817016129032": 7,
    "6445.884999999999": 7,
    "6109.335089285713": 6,
    "6243.396071428571": 6,
    "6269.824761904761": 6,
    "6284.425714285714": 6,
    "6291.726190476191": 6,
    "6327.734642857142": 6,
    "6351.086451612903": 6,
    "6069.972812499999": 5,
    "6185.869285714284": 5,
    "6600.255124999999": 5,
    "5864.83375": 4,
    "5944.1275000000005": 4,
    "6098.263571428572": 4,
    "6131.115714285714": 4,
    "6222.371666666667": 4,
    "6259.795238095238": 4,
    "6308.310312500001": 4,
    "6323.049166666667": 4,
    "6372.246666666666": 4,
    "5956.947857142857": 3,
    "5958.337777777777": 3,
    "6101.452991071427": 3,
    "6267.763883928571": 3,
    "6324.220535714286": 3,
    "6333.703928571428": 3,
    "6361.527499999999": 3,
    "5513.8419047619045": 2,
    "5832.265": 2,
    "5922.40625": 2,
    "5935.106330645161": 2,
    "6014.749910714286": 2,
    "6120.165": 2,
    "6125.9040625": 2,
    "6140.863482142857": 2,
    "6163.967857142857": 2,
    "6169.345593749999": 2,
    "6177.0380645161285": 2,
    "6203.920267857143": 2,
    "6219.684464285713": 2,
    "6219.816499999999": 2,
    "6251.573571428571": 2,
    "6257.048928571428": 2,
    "6259.094955357143": 2,
    "6344.738387096773": 2,
    "6358.993348214286": 2,