{
  "colors": {
    "#a89984": {
      "cct": 4903.89,
      "frequency": 3885
    },
    "#ebdbb2": {
      "cct": 4800.49,
      "frequency": 2711
    },
    "#282828": {
      "cct": 4800.49,
      "frequency": 1888
    },
    "#83a598": {
      "cct": 7340.76,
      "frequency": 1298
    },
    "#fb4934": {
      "cct": 1308.05,
      "frequency": 1123
    },
    "#8ec07c": {
      "cct": 5812.78,
      "frequency": 1026
    },
    "#fabd2f": {
      "cct": 2972.26,
      "frequency": 436
    },
    "#d3869b": {
      "cct": 3371.29,
      "frequency": 324
    },
    "#928374": {
      "cct": 4929.12,
      "frequency": 223
    },
    "#fe8019": {
      "cct": 1855.17,
      "frequency": 165
    },
    "#b8bb26": {
      "cct": 4050.48,
      "frequency": 117
    }
  },
  "cccts": {
    "6503.44": 10526,
    "0.0": 6194,
    "6083.610505050505": 1627,
    "6571.102222222221": 1565,
    "6376.222222222221": 1557,
    "6414.5761111111115": 1495,
    "6365.827878787878": 1298,
    "6340.025606060606": 1201,
    "6352.368888888889": 1103,
    "6583.788888888888": 1101,
    "6218.09212121212": 1055,
    "6164.589393939394": 1035,
    "6579.5599999999995": 1013,
    "6348.626363636364": 967,
    "6297.021818181817": 957,
    "6360.32": 949,
    "6390.340505050504": 736,
    "6454.968787878788": 723,
    "6374.4286363636365": 700,
    "6443.234696969696": 664,
    "6322.824090909091": 649,
    "6604.9333333333325": 649,
    "6182.4236363636355": 598,
    "6378.600303030304": 590,
    "6400.075555555555": 560,
    "6004.892474747475": 556,
    "6471.125858585859": 535,
    "6162.328535353535": 533,
    "6391.630151515152": 527,
    "6031.131818181818": 510,
    "6468.558181818182": 506,
    "6235.926363636363": 496,
    "6271.594848484848": 495,
    "6422.654646464646": 470,
    "6566.873333333333": 452,
    "6245.417272727272": 451,
    "6384.173333333334": 426,
    "6075.4181818181805": 423,
    "6328.515555555555": 408,
    "6382.2619696969705": 408,
    "6127.822222222221": 405,
    "6357.227121212121": 394,
    "6558.415555555554": 393,
    "6596.475555555555": 381,
    "6109.849848484849": 378,
    "6111.086666666666": 333,
    "6458.093636363636": 326,
    "6305.221010101009": 302,
    "6268.054949494949": 277,
    "6533.042222222222": 275,
    "6305.622575757576": 252,
    "6080.87": 251,
    "6057.371161616162": 242,
    "6314.223333333333": 234,
    "6076.328636363637": 204,
    "6331.424848484848": 203,
    "6438.811717171717": 200,
    "6279.820303030303": 189,
    "6368.271111111111": 189,
    "6383.029393939394": 186,
    "6630.306666666666": 178,
    "6280.443636363636": 175,
    "6312.613333333333": 172,
    "5926.174444444445": 171,
    "5968.412727272727": 165,
    "6151.298333333334": 163,
    "6200.257878787878": 158,
    "6374.183434343434": 152,
    "6193.812727272727": 143,
    "6471.635555555555": 138,
    "6423.928888888889": 129,
    "6264.906666666667": 122,
    "6575.331111111111": 120,
    "6317.609696969696": 114,
    "6461.581818181818": 108,
    "5663.781010101011": 104,
    "6230.888888888889": 102,
    "6139.604393939394": 100,
    "6320.564444444444": 94,
    "6342.38707070707": 94,
    "6400.2309090909075": 90,
    "6600.704444444445": 90,
    "6344.417777777777": 88,
    "6489.487272727272": 85,
    "6447.62909090909": 84,
    "6128.920909090908": 82,
    "6267.285909090909": 79,
    "6057.393888888889": 73,
    "6136.089191919192": 72,
    "6447.782222222223": 70,
    "6206.111515151514": 66,
    "6336.466666666666": 66,
    "6313.612727272726": 58,
    "6391.818181818182": 58,
    "6392.124444444444": 57,
    "6588.017777777776": 57,
    "6453.885252525251": 54,
    "6093.252424242424": 50,
    "6292.832323232322": 48,
    "6271.219545454545": 45,
    "6437.164545454546": 45,
    "6479.2043939393925": 44,
    "6455.733333333333": 43,
    "5899.935101010101": 40,
    "6262.618787878788": 39,
    "6146.755151515151": 38,
    "6592.246666666666": 38,
    "6469.036969696969": 36,
    "6444.140909090908": 34,
    "5716.259696969697": 32,
    "6288.42106060606": 31,
    "6440.652727272727": 31,
    "5933.958181818181": 29,
    "6243.2775757575755": 29,
    "6285.319545454546": 29,
    "6415.977777777778": 29,
    "6131.779393939393": 27,
    "6479.586666666666": 27,
    "6319.764595959597": 26,
    "6329.431666666666": 26,
    "6472.046363636363": 26,
    "6451.117272727272": 25,
    "6426.699999999999": 24,
    "6454.6054545454535": 23,
    "6021.915454545455": 21,
    "6250.3369696969685": 21,
    "6289.4290909090905": 18,
    "6429.107878787878": 18,
    "6466.273939393938": 17,
    "6171.242272727272": 16,
    "6218.699090909091": 16,
    "6288.76": 16,
    "6057.583939393939": 15,
    "6218.500202020202": 15,
    "6255.666262626262": 14,
    "6272.857777777777": 14,
    "6296.71111111111": 14,
    "6439.831111111111": 14,
    "6039.749696969697": 11,
    "6155.423333333332": 11,
    "6416.719191919193": 11,
    "6217.200000000001": 10,
    "6329.998383838383": 10,
    "5861.407272727273": 9,
    "6168.945454545455": 9,
    "6304.662222222221": 9,
    "6408.026666666666": 9,
    "6060.509696969697": 8,
    "6379.553131313131": 7,
    "6482.510909090909": 7,
    "6123.785454545454": 6,
    "6354.775757575757": 6,
    "6367.164444444445": 6,
    "6431.88": 6,
    "6057.447272727273": 5,
    "6004.081212121212": 4,
    "6280.80888888889": 4,
    "6417.432424242424": 4,
    "6234.518030303029": 3,
    "6451.835454545454": 3,
    "6187.061212121212": 2,
    "6193.722828282827": 2,
    "6253.760606060605": 2,
    "5873.695757575756": 1,
    "6144.16808080808": 1,
    "6156.556767676768": 1,
    "6181.334141414141": 1,
    "6249.004444444445": 1,
    "6254.018030303029": 1,
    "6266.1559090909095": 1
  },
  "source": {
    "analyze": "dark",
    "fontface": "Consolas-Regular",
    "fontsize": 14,
    "language": "c",
    "theme": "Gruvbox"
  },
  "average_cct": 5685.891658382074,
  "average_cct_without_background": 2157.877692910483,
  "diff65": -12.524743717198865,
  "background_cct": 6503.44
}
