{
  "colors": {
    "#9abdf5": 4166,
    "#89ddff": 3117,
    "#bb9af7": 1300,
    "#7aa2f7": 1133,
    "#c0caf5": 1099,
    "#a9b1d6": 604,
    "#ff9e64": 272,
    "#e0af68": 228,
    "#444b6a": 223,
    "#9d7cd8": 165,
    "#9ece6a": 115,
    "#73daca": 20,
    "#0db9d7": 15,
    "#7dcfff": 10,
    "#f7768e": 2
  },
  "cccts": {
    "13595.43": 10526,
    "0.0": 6194,
    "42342.24428571429": 1399,
    "16435.729285714286": 1204,
    "13038.925714285715": 934,
    "26996.198571428573": 885,
    "13785.365625": 759,
    "14268.772857142856": 736,
    "14313.662380952383": 736,
    "13837.16625": 733,
    "55517.8675": 654,
    "13224.427142857143": 652,
    "25495.992903225808": 652,
    "14771.252822580645": 599,
    "15488.962857142858": 596,
    "33558.49547619048": 596,
    "15211.452857142858": 586,
    "32759.972857142857": 586,
    "13124.196532258065": 576,
    "14320.638749999998": 555,
    "22529.27571428571": 541,
    "22901.519285714287": 533,
    "27170.314523809524": 528,
    "37937.49048387097": 526,
    "19143.060000000005": 515,
    "13332.636309523808": 481,
    "14264.42870967742": 476,
    "13817.0215625": 470,
    "16107.415120967742": 444,
    "15952.130000000001": 442,
    "16672.420892857142": 409,
    "14936.68244047619": 385,
    "13365.049193548388": 376,
    "14025.183333333334": 367,
    "13208.968690476191": 366,
    "14672.778571428571": 363,
    "12992.550357142856": 361,
    "14908.448571428573": 347,
    "31162.92761904762": 334,
    "13938.949934210526": 326,
    "15346.121428571429": 324,
    "21784.788571428573": 324,
    "15567.860059523811": 304,
    "14358.551904761904": 299,
    "44737.81214285715": 297,
    "24018.25": 294,
    "15804.551666666664": 286,
    "28112.929285714286": 285,
    "11811.094285714285": 283,
    "13103.252822580645": 270,
    "39019.35983870968": 268,
    "12979.195714285714": 266,
    "12783.861250000002": 263,
    "13162.593333333332": 256,
    "15949.888618421051": 256,
    "16747.4925": 252,
    "14942.115714285714": 251,
    "14963.836451612902": 249,
    "35954.06333333334": 249,
    "32054.829999999998": 232,
    "14717.668095238096": 229,
    "25447.185000000005": 224,
    "14975.782857142856": 222,
    "14538.11": 218,
    "13073.61870967742": 214,
    "14208.172": 204,
    "14396.707999999999": 204,
    "13971.464166666667": 200,
    "15331.16845238095": 198,
    "29012.06830645162": 188,
    "13167.489523809525": 184,
    "13255.344047619046": 181,
    "20357.11346774194": 180,
    "13296.982137096775": 171,
    "14117.270714285714": 171,
    "13224.427142857141": 169,
    "15024.654516129034": 169,
    "14773.779999999999": 165,
    "32759.97285714286": 164,
    "30516.546666666665": 161,
    "35131.39666666667": 161,
    "14319.273571428572": 151,
    "15252.271250000002": 148,
    "12405.872857142856": 146,
    "16000.522137096776": 144,
    "12696.755000000001": 143,
    "12453.461517857144": 141,
    "14263.51114919355": 131,
    "14582.999523809523": 131,
    "12687.875": 128,
    "13100.759523809524": 126,
    "11403.154285714285": 125,
    "14684.211392857143": 124,
    "13264.949516129034": 121,
    "14852.336666666666": 119,
    "15118.655020161292": 119,
    "12856.753387096776": 116,
    "39148.15380952381": 114,
    "11956.953482142857": 113,
    "37396.555806451615": 110,
    "13975.542903225807": 109,
    "15252.27125": 109,
    "11662.399642857143": 105,
    "19647.390000000003": 105,
    "20656.050000000003": 104,
    "27492.523333333334": 103,
    "14336.107142857143": 101,
    "12017.348145161292": 100,
    "13184.607142857143": 100,
    "12133.912857142857": 99,
    "15488.962857142857": 99,
    "12560.188690476189": 97,
    "13464.531814516129": 94,
    "43591.955": 94,
    "12356.307976190476": 93,
    "15031.894761904761": 93,
    "12752.827023809523": 91,
    "26670.838333333333": 90,
    "14462.087419354839": 88,
    "19923.570714285714": 87,
    "14933.427419354839": 84,
    "36952.216607142866": 82,
    "14437.108571428571": 81,
    "15947.07564516129": 79,
    "13304.430476190475": 77,
    "25058.121935483872": 77,
    "14137.471": 76,
    "11739.067500000001": 75,
    "41284.53": 73,
    "20196.549333333332": 72,
    "13134.668387096775": 70,
    "17737.533125": 70,
    "14557.466854838709": 69,
    "37551.10857142857": 69,
    "14571.777142857143": 68,
    "33358.86482142857": 64,
    "14740.112857142858": 61,
    "13739.320625000002": 60,
    "12084.500564516129": 59,
    "12155.556696428572": 58,
    "13813.772419354838": 58,
    "13756.587500000001": 55,
    "12505.002619047618": 54,
    "34556.64875": 54,
    "13406.936612903224": 52,
    "14739.43943452381": 49,
    "14706.445714285714": 48,
    "18992.961785714288": 48,
    "20109.6925": 48,
    "26471.60723214286": 48,
    "38150.00053571429": 47,
    "11890.326666666666": 46,
    "16120.140476190476": 46,
    "25174.007976190474": 46,
    "13810.306666666667": 44,
    "15634.28": 43,
    "12554.567500000001": 42,
    "18565.95375": 42,
    "44737.812142857154": 41,
    "12207.613333333333": 40,
    "13212.833303571428": 40,
    "21916.875": 40,
    "24690.690000000006": 40,
    "30963.296964285713": 40,
    "14841.114285714286": 39,
    "13047.66619047619": 38,
    "11220.464642857143": 37,
    "12419.733750000001": 36,
    "20761.11875": 36,
    "30364.405000000002": 36,
    "12255.705952380953": 34,
    "15359.16423387097": 33,
    "15548.135758928573": 33,
    "13116.136666666667": 32,
    "20782.1325": 32,
    "11656.5625": 31,
    "13175.727379032258": 31,
    "21412.545000000002": 31,
    "31446.274354838715": 31,
    "14142.792580645162": 30,
    "15812.94642857143": 30,
    "11013.588214285714": 29,
    "11758.350267857142": 29,
    "13218.842380952381": 29,
    "13789.68234375": 29,
    "12638.508024193548": 28,
    "14453.942142857142": 28,
    "14512.609977678572": 28,
    "30364.405": 28,
    "33957.756785714286": 28,
    "12073.01630952381": 27,
    "13249.85879032258": 27,
    "14778.888035714286": 27,
    "14857.785238095237": 27,
    "15068.177777777779": 27,
    "16653.704999999998": 27,
    "10472.842499999999": 26,
    "13371.282440476192": 26,
    "13747.3785": 26,
    "14201.438571428573": 26,
    "15607.308660714287": 26,
    "15903.173169642858": 26,
    "33138.2175": 26,
    "13270.8025": 25,
    "15962.346071428572": 24,
    "26771.053214285716": 24,
    "13340.322258064516": 23,
    "23273.762857142858": 23,
    "23332.254193548386": 23,
    "12009.35380952381": 22,
    "22529.275714285715": 22,
    "13079.77375": 21,
    "14369.774285714286": 21,
    "11780.320000000002": 20,
    "13050.427096774194": 20,
    "14044.368750000001": 19,
    "35754.43267857143": 19,
    "11646.740476190476": 17,
    "12670.218888888889": 17,
    "13193.51023809524": 17,
    "14598.928064516129": 17,
    "14762.55761904762": 17,
    "12133.912857142856": 16,
    "12927.842857142858": 16,
    "13799.562833333333": 16,
    "22878.255446428575": 16,
    "12118.076774193549": 15,
    "12901.521666666667": 15,
    "16021.518973214286": 15,
    "18055.414375": 15,
    "34357.0180952381": 15,
    "13692.90429435484": 14,
    "13766.984758064516": 14,
    "13791.12125": 14,
    "13894.7225": 14,
    "13917.745": 14,
    "14009.835000000001": 14,
    "14867.647388392857": 14,
    "15128.008156250002": 14,
    "15133.925446428573": 14,
    "15464.375833333334": 14,
    "16172.738611111114": 14,
    "16300.194717741935": 14,
    "28567.72910714286": 14,
    "15235.553286290324": 13,
    "15719.232083333334": 13,
    "29106.731875000005": 13,
    "10398.36125": 12,
    "12554.5675": 12,
    "12991.058225806451": 12,
    "14897.233839285715": 12,
    "15666.481562500001": 12,
    "28867.175089285716": 12,
    "10993.27375": 11,
    "14117.023245967743": 10,
    "14513.434112903227": 10,
    "15073.774285714286": 10,
    "15429.789955357144": 10,
    "15556.62060483871": 10,
    "12071.309910714286": 9,
    "12145.657232142858": 9,
    "12368.699196428572": 9,
    "14246.328095238096": 9,