{
  "colors": {
    "#9abdf5": 4166,
    "#89ddff": 3117,
    "#bb9af7": 1300,
    "#7aa2f7": 1133,
    "#c0caf5": 1099,
    "#a9b1d6": 604,
    "#ff9e64": 272,
    "#e0af68": 228,
    "#444b6a": 223,
    "#9d7cd8": 165,
    "#9ece6a": 115,
    "#73daca": 20,
    "#0db9d7": 15,
    "#7dcfff": 10,
    "#f7768e": 2
  },
  "cccts": {
    "13595.43": 10526,
    "0.0": 6194,
    "24048.817012987016": 1426,
    "14628.266103896103": 1273,
    "13687.52": 1269,
    "14117.780822510824": 1138,
    "13393.064805194805": 986,
    "19983.610952380954": 986,
    "13654.03272727273": 923,
    "18468.43675324675": 885,
    "16573.378571428573": 875,
    "14226.60761904762": 803,
    "16979.462467532467": 792,
    "13415.549826839828": 778,
    "20854.726536796537": 776,
    "14085.133896103895": 736,
    "22887.329567099572": 700,
    "14513.506536796538": 669,
    "16499.148614718615": 654,
    "14183.074675324675": 642,
    "13954.54619047619": 611,
    "13342.473506493508": 576,
    "14150.42774891775": 564,
    "13471.762380952381": 557,
    "23468.07329004329": 556,
    "13620.545454545454": 555,
    "17926.99155844156": 543,
    "14232.045064935064": 526,
    "26662.163766233767": 526,
    "13404.307316017317": 481,
    "13454.898614718615": 460,
    "14943.854913419915": 444,
    "13758.664632034634": 442,
    "14312.677294372295": 438,
    "14714.335779220779": 417,
    "14570.88632034632": 411,
    "24919.932597402596": 379,
    "13662.404545454547": 367,
    "13376.201038961039": 361,
    "14003.51658008658": 338,
    "14248.368528138528": 327,
    "13708.449545454545": 326,
    "14398.74696969697": 299,
    "12946.58064935065": 295,
    "17385.546363636364": 294,
    "18874.52064935065": 285,
    "21725.84212121212": 282,
    "13371.344805194805": 273,
    "13331.230995670998": 270,
    "27242.907489177494": 268,
    "13539.217445887445": 263,
    "14370.057077922078": 257,
    "13438.034848484847": 256,
    "14329.985844155846": 249,
    "19748.56333333333": 238,
    "22545.442121212123": 232,
    "19957.41103896104": 224,
    "14052.48696969697": 223,
    "14264.691991341992": 222,
    "14019.840043290045": 221,
    "13315.323506493509": 214,
    "13439.815281385281": 191,
    "30146.626103896106": 188,
    "14313.662380952383": 185,
    "13198.910952380953": 174,
    "13275.018441558443": 171,
    "14101.457359307358": 171,
    "13325.60974025974": 169,
    "14362.63277056277": 169,
    "14166.751212121213": 165,
    "27533.279350649354": 164,
    "13108.25761904762": 162,
    "21426.69060606061": 161,
    "14297.338917748917": 151,
    "14444.250086580087": 146,
    "14886.475129870132": 144,
    "13533.184112554114": 143,
    "13018.675021645022": 142,
    "12488.066623376624": 141,
    "13396.243160173162": 137,
    "26371.791904761903": 134,
    "12798.23883116883": 130,
    "13144.840173160173": 125,
    "14255.297510822511": 124,
    "13240.628441558443": 121,
    "15230.753831168831": 119,
    "12886.815627705628": 116,
    "12801.017142857143": 113,
    "14800.405454545455": 109,
    "12892.509870129868": 107,
    "16844.10116883117": 105,
    "21175.662727272727": 104,
    "15761.21077922078": 103,
    "12748.321125541126": 100,
    "14972.544805194806": 99,
    "12842.52722943723": 97,
    "13796.259242424243": 96,
    "12982.627835497835": 95,
    "23177.70142857143": 95,
    "24503.25727272727": 94,
    "23104.81787878788": 90,
    "14857.785238095239": 89,
    "14525.867402597403": 88,
    "18197.714155844158": 87,
    "22016.21398268398": 86,
    "14411.603160173161": 81,
    "13383.793982683983": 78,
    "14068.810432900433": 77,
    "13970.869653679654": 76,
    "12598.94103896104": 75,
    "13700.077727272728": 74,
    "23664.193636363638": 73,
    "18739.159350649352": 72,
    "13348.094761904762": 70,
    "13882.328917748917": 70,
    "25210.30445887446": 69,
    "13409.92857142857": 67,
    "14542.19642857143": 66,
    "13624.731363636365": 65,
    "14134.104285714286": 65,
    "12784.368311688311": 61,
    "12897.30961038961": 58,
    "13829.84090909091": 58,
    "13997.088484848487": 57,
    "14427.436861471862": 57,
    "14378.956233766234": 54,
    "23758.445151515152": 54,
    "13458.489047619049": 52,
    "13090.769393939394": 51,
    "13041.825021645021": 48,
    "16302.655974025975": 48,
    "17520.907662337664": 48,
    "26081.420043290043": 48,
    "14199.398138528137": 47,
    "25500.676320346323": 47,
    "12975.392424242424": 46,
    "13628.91727272727": 44,
    "13767.56935064935": 42,
    "28694.766796536802": 41,
    "18062.352857142858": 40,
    "19551.327142857142": 40,
    "14484.816645021645": 38,
    "12731.806233766232": 37,
    "12333.21064935065": 36,
    "13421.141515151516": 33,
    "12730.297532467534": 32,
    "15087.304372294373": 32,
    "21311.024025974028": 32,
    "24339.18887445888": 32,
    "12554.652640692642": 31,
    "14583.963333333335": 31,
    "19280.604545454546": 31,
    "14401.79961038961": 30,
    "12343.627922077922": 29,
    "12704.724675324675": 29,
    "13709.694242424242": 29,
    "13783.795909090912": 29,
    "12568.085194805195": 28,
    "13469.264848484849": 28,
    "14427.926623376625": 28,
    "25791.048181818187": 28,
    "13824.949134199134": 27,
    "14456.126753246752": 27,
    "14707.529999999999": 27,
    "13432.413593073594": 26,
    "13487.288441558441": 26,
    "14949.042987012988": 26,
    "13359.337272727273": 25,
    "14743.02567099567": 24,
    "13352.671038961038": 23,
    "17114.823766233767": 23,
    "20092.77233766234": 22,
    "14346.309307359306": 21,
    "22596.95770562771": 21,
    "12621.085238095238": 20,
    "13302.87432900433": 20,
    "14656.955995670996": 20,
    "13758.680454545452": 19,
    "13343.099696969699": 18,
    "13449.27735930736": 17,
    "13451.241255411256": 17,
    "14367.721666666666": 17,
    "12532.508441558442": 16,
    "13754.494545454547": 16,
    "14275.046666666667": 16,
    "12802.391904761906": 15,
    "13904.346666666666": 15,
    "14771.715562770563": 15,
    "21145.0983982684": 15,
    "28114.023073593075": 15,
    "13704.263636363637": 14,
    "13712.635454545454": 14,
    "13737.75090909091": 14,
    "13746.122727272726": 14,
    "14829.095346320346": 14,
    "15047.338333333335": 14,
    "15078.230000000001": 14,
    "15356.255000000001": 13,
    "12838.43909090909": 12,
    "13373.988008658009": 12,
    "14599.576212121212": 12,
    "28404.39493506494": 12,
    "13000.65142857143": 11,
    "13072.745800865801": 11,
    "13415.19406926407": 11,
    "14088.211428571429": 10,
    "14155.408896103896": 10,
    "14312.202987012988": 10,
    "14648.190324675325": 10,
    "14915.165021645022": 10,
    "12856.462683982683": 9,
    "14281.015454545455": 9,
    "12536.212857142857": 8,
    "12658.20316017316": 8,
    "12874.486277056278": 7,
    "15029.924588744589": 7,
    "15490.488181818184": 7,
    "12928.557056277057": 6,
    "13054.722207792209": 6,
    "13271.751385281385": 6,
    "13365.120216450217": 6,
    "14283.987402597402": 6,
    "12849.163376623377": 5,
    "13019.680822510823": 5,
    "13036.698614718614": 5,
    "13387.44354978355": 5,
    "13390.01857142857": 5,
    "26952.53562770563": 5,
    "12632.505324675325": 4,
    "13693.370779220779": 4,
    "14341.367186147187": 4,
    "12953.248225108226": 3,
    "13307.052510822512": 3,
    "13321.548095238097": 3,
    "13346.44645021645": 3,
    "13377.569393939395": 3,
    "13787.981818181817": 3,
    "13823.958484848485": 3,
    "14645.746666666666": 3,
    "15058.614480519482": 3,
    "15628.033030303031": 3,
    "12451.374155844156": 2,
    "12945.455844155844": 2,
    "12964.604242424242": 2,
    "13277.975974025974": 2,
    "13284.200562770564": 2,
    "13336.852251082251": 2,
    "14215.721601731602": 2,
    "14800.205": 2,
    "20028.251212121213": 2,
    "24629.560735930736": 2,
    "24782.945151515152": 2,
    "12656.57844155844": 1,
    "12676.226753246754": 1,
    "12820.415497835498": 1,
    "12864.67142857143": 1,
    "13108.792987012986": 1,