{
  "colors": {
    "#9abdf5": 4166,
    "#89ddff": 3117,
    "#bb9af7": 1300,
    "#7aa2f7": 1133,
    "#c0caf5": 1099,
    "#a9b1d6": 604,
    "#ff9e64": 272,
    "#e0af68": 228,
    "#444b6a": 223,
    "#9d7cd8": 165,
    "#9ece6a": 115,
    "#73daca": 20,
    "#0db9d7": 15,
    "#7dcfff": 10,
    "#f7768e": 2
  },
  "cccts": {
    "13595.43": 10526,
    "0.0": 6194,
    "18648.918484848487": 1663,
    "14666.519292929295": 1557,
    "24435.979494949497": 1423,
    "13385.569797979799": 1369,
    "26468.582525252525": 1310,
    "14867.348535353536": 1103,
    "13346.221010101011": 964,
    "14800.405454545453": 949,
    "14128.663131313133": 907,
    "14204.839292929293": 899,
    "25791.048181818183": 897,
    "13359.33727272727": 869,
    "14166.751212121211": 843,
    "13693.101212121212": 837,
    "13702.868333333334": 785,
    "14014.398888888889": 736,
    "13654.032727272726": 723,
    "23758.445151515156": 708,
    "18338.170404040404": 654,
    "13634.498484848484": 620,
    "14319.103535353535": 615,
    "29856.254242424242": 609,
    "22403.37646464647": 596,
    "13280.639696969696": 576,
    "19596.447575757575": 567,
    "14465.690050505053": 560,
    "14509.543939393938": 554,
    "14395.279696969696": 549,
    "14281.015454545455": 538,
    "17701.389393939397": 533,
    "19280.604545454546": 513,
    "13862.046565656565": 442,
    "14599.576212121212": 426,
    "15068.177777777779": 408,
    "24037.11080808081": 405,
    "18333.075454545455": 393,
    "28501.185555555556": 375,
    "13424.918585858588": 366,
    "13306.872222222222": 359,
    "13398.68606060606": 340,
    "13722.402575757578": 326,
    "12922.549191919194": 302,
    "13319.473232323233": 282,
    "14242.927373737375": 282,
    "12796.38404040404": 277,
    "13503.61616161616": 263,
    "25113.51383838384": 256,
    "18964.761515151517": 252,
    "25342.320909090908": 251,
    "14738.072424242426": 249,
    "33921.460303030304": 233,
    "14090.575050505053": 229,
    "13246.85303030303": 217,
    "13673.56696969697": 200,
    "12768.713232323233": 198,
    "14733.462373737373": 189,
    "20543.97666666667": 185,
    "13406.617474747476": 184,
    "12838.43909090909": 175,
    "27823.65121212121": 173,
    "15202.063939393938": 172,
    "12078.823636363637": 170,
    "14357.191616161615": 170,
    "14471.455858585858": 167,
    "23384.50575757576": 163,
    "12665.373636363636": 160,
    "14433.36777777778": 155,
    "14585.720101010102": 151,
    "13363.045353535355": 150,
    "13493.761717171716": 143,
    "13201.942121212121": 142,
    "16753.860303030302": 139,
    "13863.202323232323": 138,
    "12613.70383838384": 137,
    "29178.7198989899": 132,
    "14264.860808080808": 129,
    "15603.722424242424": 122,
    "13159.70878787879": 121,
    "14966.600909090908": 121,
    "13333.997272727273": 115,
    "12964.604242424242": 114,
    "12820.38303030303": 113,
    "16438.017272727273": 105,
    "23702.40696969697": 104,
    "12670.21888888889": 102,
    "12303.506060606062": 100,
    "13372.453535353538": 99,
    "13048.714343434345": 94,
    "15135.12085858586": 94,
    "14934.291616161618": 88,
    "18017.232424242426": 79,
    "12355.354848484847": 75,
    "25994.92595959596": 73,
    "13293.755959595961": 70,
    "14064.031565656565": 70,
    "14052.486969696969": 68,
    "12586.108787878788": 66,
    "15001.234696969696": 66,
    "27146.116868686873": 61,
    "13712.635454545454": 60,
    "12921.382727272727": 58,
    "13907.977878787879": 58,
    "14532.633131313132": 57,
    "13427.209797979798": 54,
    "13333.104747474748": 52,
    "12880.494141414141": 48,
    "17385.546363636364": 48,
    "31211.32292929293": 48,
    "13751.703939393941": 47,
    "13624.731363636363": 44,
    "13997.088484848486": 43,
    "13319.988484848483": 40,
    "20859.819696969695": 40,
    "21725.84212121212": 40,
    "13377.569393939393": 39,
    "14623.808181818184": 39,
    "12045.336060606061": 36,
    "13747.782323232323": 33,
    "14748.71888888889": 33,
    "13859.142272727275": 32,
    "23070.72090909091": 32,
    "12458.694444444445": 31,
    "13241.290909090909": 31,
    "11573.288181818181": 29,
    "12712.273939393937": 29,
    "14331.803888888888": 29,
    "14964.960555555557": 29,
    "13771.238181818182": 28,
    "14661.896262626262": 28,
    "12333.778484848486": 27,
    "12923.722626262626": 27,
    "13796.259242424243": 27,
    "14547.632020202022": 27,
    "37986.66636363637": 27,
    "15806.331212121213": 26,
    "31888.857272727273": 22,
    "12717.043434343435": 21,
    "13275.90111111111": 21,
    "12407.024646464646": 20,
    "14431.665151515152": 20,
    "14588.459242424244": 20,
    "13343.099696969699": 18,
    "13469.264848484849": 17,
    "13732.169696969697": 16,
    "15181.202222222222": 16,
    "15402.893181818183": 16,
    "23080.910808080807": 16,
    "30533.78858585859": 16,
    "12628.163838383838": 15,
    "14099.993888888888": 15,
    "14892.88": 15,
    "12415.847272727271": 14,
    "12754.32898989899": 14,
    "13761.47106060606": 14,
    "13781.005303030304": 14,
    "14130.974646464647": 14,
    "14676.638333333334": 14,
    "15335.950101010101": 14,
    "15536.779343434344": 14,
    "14532.477222222224": 13,
    "15757.846666666668": 13,
    "32566.39161616162": 13,
    "13233.741414141414": 12,
    "13301.044646464647": 11,
    "13006.659292929293": 10,
    "13304.949191919191": 10,
    "13348.521313131314": 10,
    "14379.400454545455": 10,
    "14483.92984848485": 10,
    "14745.253333333334": 10,
    "16005.380909090909": 10,
    "13290.42515151515": 9,
    "14398.74696969697": 9,
    "15269.007020202022": 9,
    "12022.653030303032": 8,
    "12459.943636363638": 7,
    "13174.879494949493": 7,
    "15490.488181818182": 7,
    "13090.769393939394": 6,
    "13132.824444444446": 6,
    "14197.917727272727": 6,
    "12081.448181818183": 5,
    "12562.034040404042": 5,
    "13203.28090909091": 5,
    "12247.335454545455": 4,
    "13072.564545454547": 4,
    "13976.310808080809": 4,
    "14820.799444444445": 4,
    "15469.836262626262": 4,
    "12640.529696969696": 3,
    "13232.32898989899": 3,
    "13261.37707070707": 3,
    "13823.958484848486": 3,
    "16305.567373737373": 3,
    "12028.57090909091": 2,
    "12359.676666666666": 2,
    "12472.01787878788": 2,
    "12544.053737373739": 2,
    "13188.75686868687": 2,
    "12375.833535353535": 1,
    "12417.888585858585": 1,
    "12501.998686868686": 1,
    "13217.804949494948": 1,
    "13392.093434343435": 1,
    "14699.984343434344": 1,
    "15737.608585858587": 1,
    "21175.662727272727": 1
  },
  "source": {
    "analyze": "dark",
    "fontface": "Consolas-Regular",
    "fontsize": 14,
    "language": "c",
    "theme": "Tokyo Night"
  },
  "average": 14447.404924244618,
  "diff65": 122.26776806530181,
  "cctbg": 13595.43
}
