{
  "colors": {
    "#89ddff": 3117,
    "#9abdf5": 2406,
    "#bb9af7": 1300,
    "#c0caf5": 1099,
    "#7aa2f7": 915,
    "#ff9e64": 272,
    "#e0af68": 228,
    "#444b6a": 223,
    "#9d7cd8": 165,
    "#a9b1d6": 133,
    "#9ece6a": 115,
    "#0db9d7": 15,
    "#7dcfff": 10,
    "#f7768e": 2
  },
  "cccts": {
    "73873.615": 1399,
    "13425.08": 1205,
    "38066.175": 988,
    "5499.205": 934,
    "3666.1366666666663": 821,
    "3558.8025": 759,
    "49249.07666666667": 750,
    "4403.514583333334": 736,
    "4697.082222222221": 736,
    "4529.385": 733,
    "8950.053333333333": 695,
    "92342.01875": 654,
    "31254.221730769234": 652,
    "5679.841538461538": 599,
    "51301.12152777778": 596,
    "10568.435": 586,
    "4758.9274038461535": 576,
    "25377.45": 563,
    "11646.99": 555,
    "26434.84375": 533,
    "34884.76263888889": 528,
    "63929.08990384616": 526,
    "16104.920192307693": 515,
    "2596.8468055555554": 481,
    "4471.260961538461": 476,
    "4270.563": 470,
    "12134.206923076923": 444,
    "13210.543749999999": 442,
    "14543.836666666666": 409,
    "6339.621111111111": 385,
    "7764.66": 381,
    "2326.5867307692306": 376,
    "3818.892361111111": 366,
    "7045.623333333333": 363,
    "5957.472083333333": 361,
    "8586.8534375": 347,
    "80029.74958333334": 338,
    "45144.98694444445": 334,
    "6551.431875": 326,
    "11449.137916666665": 324,
    "23262.662500000002": 324,
    "9322.972222222223": 304,
    "4990.649861111111": 299,
    "29607.025": 294,
    "2634.265": 286,
    "10441.728888888889": 286,
    "41238.35625": 285,
    "4970.435288461538": 270,
    "66770.38278846155": 268,
    "5359.835": 266,
    "6874.00625": 263,
    "7831.296666666667": 257,
    "4277.1594444444445": 256,
    "11327.41125": 256,
    "9150.522836538463": 252,
    "8807.029166666667": 251,
    "9145.761057692307": 249,
    "57457.25611111111": 249,
    "47603.74333333333": 232,
    "7339.190972222222": 229,
    "34405.96586538462": 224,
    "9027.204895833333": 222,
    "4638.31875": 214,
    "4040.8722058823523": 204,
    "5284.2175": 204,
    "6794.077499999999": 200,
    "8204.215555555556": 198,
    "40488.42360576924": 188,
    "3722.1076388888887": 184,
    "3360.625277777778": 181,
    "17758.080528846156": 180,
    "3013.987355769231": 171,
    "3412.7238020833333": 171,
    "9552.239326923076": 169,
    "7706.150520833333": 165,
    "43636.76472222223": 161,
    "55537.70055555556": 161,
    "4733.7781770833335": 151,
    "1756.1766666666665": 146,
    "11617.857692307693": 144,
    "6699.79375": 143,
    "6164.920416666667": 142,
    "592.6453125": 141,
    "3227.1826923076924": 131,
    "6458.488055555556": 131,
    "711.7867307692308": 128,
    "4888.182222222222": 126,
    "1682.405": 125,
    "5146.280666666667": 124,
    "2937.6018750000003": 121,
    "19033.0875": 120,
    "7357.976538461539": 119,
    "8219.893888888888": 119,
    "1114.4967307692307": 116,
    "1121.6033333333332": 115,
    "65665.43555555555": 114,
    "850.3171875": 113,
    "62508.44346153847": 110,
    "2540.4891826923076": 109,
    "2853.787083333333": 105,
    "17569.00384615385": 105,
    "20497.171153846153": 104,
    "4843.866041666666": 101,
    "2380.9702884615385": 100,
    "3573.2233333333334": 100,
    "794.4690277777778": 97,
    "1321.9242788461538": 94,
    "77356.08291666667": 94,
    "1829.3506944444443": 93,
    "9394.164444444443": 93,
    "1243.958472222222": 91,
    "33719.318194444444": 90,
    "5792.315336538461": 88,
    "17975.693750000002": 87,
    "8942.521923076922": 84,
    "60022.31218750001": 82,
    "5504.393229166667": 81,
    "11359.683076923076": 79,
    "2531.0331944444442": 77,
    "30210.067884615386": 77,
    "3574.6177205882354": 76,
    "6216.726470588235": 76,
    "1455.927403846154": 75,
    "71405.615": 73,
    "4653.173461538461": 70,
    "16781.35": 70,
    "4647.1430769230765": 69,
    "61561.34583333334": 69,
    "6385.096145833332": 68,
    "43092.94208333334": 64,
    "50788.1103125": 64,
    "7485.9747916666665": 61,
    "2696.0625": 60,
    "3882.33": 60,
    "2279.652403846154": 59,
    "747.2484375": 58,
    "4180.970769230769": 58,
    "3019.59": 55,
    "1536.6545833333334": 54,
    "1609.828611111111": 54,
    "53866.17760416667": 54,
    "1903.5709615384615": 52,
    "5407.323888888889": 49,
    "7265.799062499999": 48,
    "15332.209375000002": 48,
    "33089.22338541667": 48,
    "63100.379479166666": 47,
    "1308.5372222222222": 46,
    "11933.404444444444": 46,
    "29754.650486111113": 46,
    "9289.126666666667": 43,
    "20137.62": 42,
    "2048.8727777777776": 40,
    "3780.7034375": 40,
    "24157.38028846154": 40,
    "32209.840384615385": 40,
    "44631.97572916667": 40,
    "8146.501979166666": 39,
    "4764.297777777778": 38,
    "1822.6054166666665": 37,
    "922.0873557692308": 36,
    "20936.39625": 36,
    "1028.1363888888889": 34,
    "8519.762307692306": 33,
    "9229.7425": 33,
    "4168.760555555556": 32,
    "20863.192067307697": 32,
    "633.2367788461538": 31,
    "1520.6352884615385": 31,
    "22205.268750000003": 31,
    "46881.33259615385": 31,
    "3658.304423076923": 30,
    "11971.92": 30,
    "953.3859375000001": 29,
    "1339.89375": 29,
    "3275.4547222222227": 29,
    "3639.684375": 29,
    "1443.7798557692308": 28,
    "4335.182083333333": 28,
    "5614.48109375": 28,
    "52327.14395833334": 28,
    "1168.3368055555554": 27,
    "3489.880096153846": 27,
    "5593.783333333334": 27,
    "5966.702222222222": 27,
    "6712.54": 27,
    "13933.69": 27,
    "2214.9575694444443": 26,
    "2847.042": 26,
    "3951.3975": 26,
    "3963.163125": 26,
    "9509.431666666667": 26,
    "10907.8775": 26,
    "47582.71875": 26,
    "3207.8695833333336": 25,
    "11187.566666666668": 24,
    "33858.740208333336": 24,
    "2267.6225": 23,
    "25571.635961538464": 23,
    "27492.237500000003": 23,
    "2341.5688888888885": 22,
    "5806.487916666666": 22,
    "404.42427884615387": 21,
    "5064.041770833333": 21,
    "1423.5734615384615": 20,
    "4844.46625": 20,
    "8411.715": 19,
    "56944.24489583334": 19,
    "1317.1325": 18,
    "1495.471111111111": 17,
    "3971.6480555555554": 17,
    "6706.891442307691": 17,
    "7632.75861111111": 17,
    "23855.02151041667": 16,
    "1024.4363888888888": 15,
    "2228.9934615384614": 15,
    "11467.255833333333": 15,
    "17417.1125": 15,
    "53353.166388888894": 15,
    "1866.5048076923076": 14,
    "3285.0484615384617": 14,
    "3666.645": 14,
    "5607.8099999999995": 14,
    "6013.317083333333": 14,
    "6039.18": 14,
    "7271.918333333333": 14,
    "7304.82294117647": 14,
    "8515.032777777778": 14,
    "11746.945": 14,
    "12593.912115384615": 14,
    "38475.841145833336": 14,
    "7636.733942307694": 13,
    "9676.173611111111": 13,
    "40195.93757352941": 13,
    "911.8609615384614": 12,
    "2103.00625": 12,
    "6153.161666666666": 12,
    "9789.120833333332": 12,
    "39245.35796875": 12,
    "3292.8312499999997": 11,
    "2877.8653846153848": 10,
    "5065.043076923077": 10,
    "7981.28": 10,
    "8670.364166666666": 10,
    "10820.773846153847": 10,
    "1811.0571874999998": 9,
    "2140.3403125": 9,
    "2250.1013541666666": 9,
    "4256.730763888889": 9,
    "6432.850833333334": 9,
    "566.878125": 8,
    "5750.471985294117": 8,
    "8110.985833333333": 8,
    "1288.421875": 7,
    "2195.2208333333333": 7,
    "4354.8659375": 7,
    "14803.5125": 7,
    "18301.045673076926": 7,
    "1061.0234027777778": 6,
    "1097.6104166666667": 6,
    "1170.7844444444443": 6,
    "6196.19076923077": 6,
    "6992.229166666667": 6,
    "10348.499166666666": 6,
    "582.3709615384615": 5,
    "798.7828125000001": 5,
    "1215.0702777777778": 5,
    "1591.5351041666665": 5,
    "1855.3274999999999": 5,
    "2992.2144852941174": 5,
    "4131.539479166667": 5,
    "47710.04302083334": 5,
    "1030.6875": 4,
    "1448.84575": 4,
    "1865.9377083333334": 4,
    "2030.5792708333333": 4,
    "3349.444711538462": 4,