{
  "colors": {
    "#403f53": 5053,
    "#994cc3": 1888,
    "#4876d6": 1825,
    "#0c969b": 480,
    "#989fb1": 317,
    "#aa0982": 267,
    "#111111": 241,
    "#c96765": 115
  },
  "cccts": {
    "6503.44": 10570,
    "0.0": 6194,
    "36838.52285714286": 2360,
    "26726.82857142857": 1267,
    "6911.986428571428": 1204,
    "32190.405322580642": 1102,
    "19061.51193548387": 1030,
    "20828.34023809524": 1012,
    "36564.985": 988,
    "7687.39": 977,
    "27569.469761904762": 975,
    "50742.1025": 932,
    "7046.083749999999": 862,
    "26544.469999999998": 783,
    "39366.44642857143": 730,
    "6993.569838709676": 627,
    "18948.273145161293": 602,
    "6672.569435483871": 599,
    "8230.03375": 597,
    "6775.8042857142855": 596,
    "33332.04822580646": 552,
    "24198.905": 539,
    "7505.978306451612": 538,
    "27379.512916666667": 533,
    "25041.54619047619": 529,
    "7292.74": 507,
    "30097.393333333333": 505,
    "24874.384166666667": 485,
    "7194.077499999999": 475,
    "7062.527499999999": 473,
    "37678.375555555554": 470,
    "29884.641666666666": 455,
    "6864.761975806451": 444,
    "7325.6275": 440,
    "6996.7525": 435,
    "7029.64": 435,
    "6946.031964285714": 409,
    "6696.364702380953": 385,
    "39070.11375": 379,
    "22771.851370967743": 372,
    "7465.399375": 354,
    "7136.524375000001": 353,
    "8575.3525": 353,
    "26726.828571428574": 347,
    "7958.493092105263": 326,
    "6787.152797619047": 304,
    "19143.057857142856": 301,
    "19985.699047619048": 301,
    "6821.198333333334": 286,
    "5574.94": 283,
    "13638.70814516129": 278,
    "13574.367923387097": 262,
    "6741.75875": 257,
    "6842.103486842105": 256,
    "7490.0650000000005": 254,
    "7138.380927419354": 245,
    "33467.95809523809": 242,
    "33090.12899193548": 234,
    "7786.052499999999": 232,
    "7514.730625000001": 223,
    "7550.535564516128": 220,
    "6952.354375": 204,
    "7090.4818749999995": 204,
    "6503.439999999999": 200,
    "6753.107261904762": 198,
    "7424.29": 197,
    "7226.965000000001": 194,
    "31619.58387096774": 180,
    "20699.169583333332": 177,
    "6885.7571875": 172,
    "7366.7368750000005": 168,
    "7033.7509375": 152,
    "7786.0525": 151,
    "7555.840000000001": 148,
    "6002.467142857143": 146,
    "6849.3865725806445": 144,
    "6781.922862903225": 137,
    "6599.536270161289": 131,
    "6660.049464285714": 124,
    "22724.282916666667": 121,
    "59589.835": 121,
    "6722.5394959677415": 119,
    "6119.060967741935": 116,
    "5884.4400000000005": 114,
    "5784.652857142857": 113,
    "7483.699677419355": 105,
    "20079.621612903222": 105,
    "22342.3185483871": 105,
    "27358.809464285714": 104,
    "5682.266612903225": 100,
    "6775.804285714286": 99,
    "5497.565": 98,
    "24830.88589285714": 98,
    "5858.648333333333": 93,
    "6064.981666666667": 91,
    "21311.53438888889": 86,
    "7120.080625": 83,
    "9575.21875": 82,
    "31150.694821428573": 82,
    "6841.698870967743": 79,
    "16778.226129032257": 75,
    "18721.73726190476": 72,
    "7292.740000000001": 71,
    "7099.236875": 70,
    "6641.818629032258": 69,
    "31782.675714285717": 69,
    "7218.743125": 68,
    "7342.07125": 62,
    "5717.2101612903225": 59,
    "6900.5565625": 58,
    "6963.864999999999": 58,
    "25340.547903225804": 58,
    "7428.276612903225": 57,
    "5936.0233333333335": 54,
    "28622.77125": 54,
    "6667.993422619048": 49,
    "7317.405625": 49,
    "18611.562291666665": 48,
    "20091.02919642857": 48,
    "21116.691041666665": 48,
    "29886.733035714286": 48,
    "32414.656607142857": 47,
    "6866.592380952381": 46,
    "7416.068125": 44,
    "5961.8150000000005": 42,
    "7218.39625": 42,
    "5781.273333333333": 40,
    "6904.455322580645": 40,
    "25170.689717741934": 40,
    "31393.10629032258": 40,
    "16941.476458333334": 39,
    "22578.01614583333": 36,
    "6757.134153225806": 33,
    "6784.315669642857": 33,
    "24039.34125": 33,
    "5884.44": 32,
    "22625.155665322578": 32,
    "28412.110952380957": 32,
    "6285.0428225806445": 31,
    "7132.413437499999": 30,
    "20594.78921875": 29,
    "6005.494435483871": 28,
    "6635.366450892857": 28,
    "6947.421249999999": 28,
    "27990.790357142858": 28,
    "6673.667678571428": 27,
    "6685.01619047619": 27,
    "6715.278888888888": 27,
    "4878.565": 26,
    "6120.086857142856": 26,
    "6792.827053571427": 26,
    "6835.383973214285": 26,
    "50343.193125": 26,
    "6843.895357142857": 24,
    "20407.019642857143": 24,
    "28214.555833333332": 23,
    "5678.106666666667": 22,
    "7238.634758064516": 22,
    "7358.515": 22,
    "26544.47": 22,
    "7070.749374999999": 21,
    "7112.919910714285": 21,
    "5370.805714285713": 19,
    "16678.332375": 18,
    "22871.745124999998": 18,
    "24198.905000000002": 18,
    "6021.995555555555": 17,
    "16299.143839285713": 16,
    "5734.681935483872": 15,
    "6142.356666666667": 15,
    "6852.406741071428": 15,
    "6686.434754464285": 14,
    "6723.88484375": 14,
    "6724.735982142856": 14,
    "6874.158055555555": 14,
    "6916.313487903225": 14,
    "7230.097338709677": 14,
    "7332.332678571428": 14,
    "7771.158214285715": 14,
    "7868.674999999999": 14,
    "8258.742142857143": 14,
    "22302.96232142857": 14,
    "6980.308749999999": 13,
    "5961.815": 12,
    "6188.948064516128": 12,
    "6690.690446428571": 12,
    "6801.3384375": 12,
    "22618.952767857143": 12,
    "5149.3775": 11,
    "6767.292901785714": 10,
    "5710.3462500000005": 9,
    "5749.03375": 9,
    "5865.0962500000005": 9,
    "6699.201830357143": 9,
    "7142.2796875": 9,
    "7194.0775": 9,
    "6024.248571428571": 8,
    "6750.27013392857": 8,
    "5497.5650000000005": 7,
    "5729.6900000000005": 7,
    "18194.040833333333": 7,
    "20645.295846774196": 7,
    "6090.773333333333": 6,
    "6116.565": 6,
    "6129.460833333333": 6,
    "6687.944838709676": 6,
    "6716.224598214285": 6,
    "6818.361205357143": 6,
    "21039.000535714287": 6,
    "5828.215714285713": 5,
    "5942.47125": 5,
    "26094.847678571427": 5,
    "5632.182857142857": 4,
    "5787.7212500000005": 4,
    "5845.7525": 4,
    "6006.950416666667": 4,
    "6662.319166666666": 4,
    "6721.898854166667": 4,
    "6798.501309523809": 4,
    "17879.09607142857": 4,
    "5540.55111111111": 3,
    "6203.6118750000005": 3,
    "6720.4802901785715": 3,
    "59111.143749999996": 3,
    "5826.40875": 2,
    "5903.78375": 2,
    "5915.341428571429": 2,
    "5926.871451612903": 2,
    "6002.436874999999": 2,
    "6068.205625": 2,
    "6695.63254032258": 2,
    "6972.086875": 2,
    "7368.088833333333": 2,
    "16586.58321875": 2,
    "18511.076964285716": 2,
    "33224.81333333333": 2,
    "5653.964285714285": 1,
    "5733.762368421053": 1,
    "5776.522236842105": 1,
    "6052.0858333333335": 1,
    "6066.645645161289": 1,
    "6087.549375": 1,
    "6101.09": 1,
    "6645.296398809523": 1,
    "6718.69564516129": 1,
    "6733.247366071429": 1,
    "6894.963660714285": 1,
    "6927.1177777777775": 1,
    "6929.00919642857": 1,
    "7144.746249999999": 1,
    "31958.78052419355": 1,
    "35574.56107142857": 1,
    "38102.48464285715": 1
  },
  "source": {
    "analyze": "light",
    "fontface": "Consolas-Regular",
    "fontsize": 14,
    "language": "c",
    "theme": "Night Owl"
  },
  "average": 14311.425015740513,
  "diff65": 120.17576947293098
}
