{
  "colors": {
    "#403f53": 2937,
    "#994cc3": 1888,
    "#4876d6": 1802,
    "#0c969b": 480,
    "#989fb1": 283,
    "#aa0982": 267,
    "#111111": 241,
    "#c96765": 115
  },
  "cccts": {
    "74033.58": 2360,
    "49355.72": 1614,
    "73395.325": 1458,
    "4204.995": 1205,
    "64067.52115384616": 1102,
    "31321.89923076923": 1030,
    "34960.301666666666": 1012,
    "6014.27": 977,
    "51412.208333333336": 975,
    "92541.975": 932,
    "2756.5404166666667": 862,
    "48930.21666666666": 805,
    "80203.045": 730,
    "2803.33": 695,
    "2544.4988461538464": 627,
    "31051.868269230767": 602,
    "1779.0363461538461": 599,
    "7517.837500000001": 597,
    "4009.5133333333333": 578,
    "66914.96653846154": 552,
    "43186.255000000005": 539,
    "5204.656730769231": 538,
    "50968.97569444444": 533,
    "45242.74333333334": 529,
    "57581.67333333333": 505,
    "44852.69861111111": 485,
    "2840.0719444444444": 473,
    "57085.25277777778": 455,
    "3800.668557692308": 444,
    "4176.576388888889": 440,
    "2505.9458333333337": 435,
    "2673.008888888889": 435,
    "3508.324166666667": 426,
    "4555.411249999999": 409,
    "1985.6920833333331": 385,
    "6515.4591666666665": 383,
    "79511.60208333333": 379,
    "40576.09673076923": 372,
    "4886.594375000001": 354,
    "3307.8485000000005": 353,
    "9021.405": 353,
    "6199.38984375": 326,
    "2920.1354166666665": 304,
    "30847.325": 301,
    "32903.81333333333": 301,
    "1085.22": 286,
    "3270.5516666666667": 286,
    "17796.533653846156": 278,
    "17643.106971153848": 262,
    "2452.91375": 257,
    "3547.9645312499997": 256,
    "5011.891666666667": 254,
    "3296.2825961538465": 245,
    "65807.62666666666": 242,
    "66338.08221153847": 234,
    "5137.188958333333": 223,
    "5435.974807692308": 220,
    "2299.5738235294116": 204,
    "3007.135": 204,
    "2845.2549999999997": 200,
    "2569.7191666666668": 198,
    "4677.765555555556": 197,
    "3675.3872222222226": 194,
    "62643.79846153846": 180,
    "34658.90347222222": 177,
    "1942.1080208333335": 172,
    "4385.405208333334": 168,
    "2693.891770833334": 152,
    "5346.017777777778": 148,
    "389.17916666666673": 146,
    "723.48": 146,
    "3638.9379807692308": 144,
    "1445.737980769231": 137,
    "36697.6625": 134,
    "1010.8161057692307": 131,
    "1611.9147500000001": 124,
    "40718.469000000005": 121,
    "111050.37": 121,
    "2304.660721153846": 119,
    "459.13153846153847": 116,
    "558.3875": 113,
    "1175.655": 105,
    "5088.997692307693": 105,
    "33874.765384615384": 105,
    "39520.55961538461": 105,
    "50898.08625": 104,
    "980.8719230769232": 100,
    "44728.62125": 98,
    "753.625": 93,
    "512.465": 91,
    "3132.432291666667": 83,
    "11021.1375": 82,
    "60152.28375": 82,
    "3558.0726923076923": 79,
    "25627.008461538462": 75,
    "29819.080833333333": 72,
    "5256.24375": 70,
    "1455.5751923076923": 69,
    "61694.65": 69,
    "3633.6214583333335": 68,
    "4260.107916666667": 62,
    "939.1326923076924": 59,
    "2034.2383823529415": 58,
    "2338.882777777778": 58,
    "3537.8058823529414": 58,
    "46982.84884615384": 58,
    "3956.3057692307693": 57,
    "633.0450000000001": 54,
    "663.19": 54,
    "53982.81875": 54,
    "1693.6785416666667": 49,
    "4134.810625": 49,
    "29562.00590277778": 48,
    "33160.874375": 48,
    "57067.551250000004": 48,
    "63237.01625": 47,
    "3737.773333333333": 46,
    "1625.86": 44,
    "4635.999791666667": 44,
    "6307.4925": 42,
    "844.0600000000001": 40,
    "2081.862692307692": 40,
    "46577.80240384615": 40,
    "62103.73653846153": 40,
    "25484.48784722222": 39,
    "40367.42875": 36,
    "2668.554519230769": 33,
    "2890.9340625": 33,
    "40226.28389423077": 32,
    "53468.69666666667": 32,
    "260.8701923076923": 31,
    "42813.93958333333": 31,
    "3195.0809375000003": 30,
    "34404.05859375": 29,
    "594.7840384615386": 28,
    "1357.86296875": 28,
    "2255.35125": 28,
    "52440.45250000001": 28,
    "1752.08125": 27,
    "1868.8866666666665": 27,
    "2102.4975": 27,
    "297.8066666666667": 26,
    "1627.83": 26,
    "2978.538125": 26,
    "3416.5584375": 26,
    "91744.15625": 26,
    "3504.1625": 24,
    "33932.0575": 24,
    "53007.734722222216": 23,
    "964.64": 22,
    "3816.7482692307694": 22,
    "4343.639444444445": 22,
    "2551.189236111111": 21,
    "2881.8377083333335": 21,
    "879.8833333333333": 19,
    "542.61": 18,
    "25040.769705882354": 18,
    "40282.977352941176": 18,
    "43549.16470588236": 18,
    "23906.676875": 16,
    "422.03000000000003": 15,
    "918.2630769230769": 15,
    "3591.7665625": 15,
    "1766.2079326923078": 14,
    "1883.48734375": 14,
    "2277.7056249999996": 14,
    "2288.0119852941175": 14,
    "3108.5259615384616": 14,
    "3469.617361111111": 14,
    "3679.370625": 14,
    "5306.4736111111115": 14,
    "5714.663888888889": 14,
    "7347.425": 14,
    "38559.15625000001": 14,
    "2422.414305555556": 13,
    "375.6530769230769": 12,
    "1927.2893749999998": 12,
    "3066.1421874999996": 12,
    "39330.339375": 12,
    "1356.525": 11,
    "2715.7259375": 10,
    "746.08875": 9,
    "881.74125": 9,
    "926.95875": 9,
    "2014.8934375000001": 9,
    "3272.4704411764706": 9,
    "372.2583333333333": 8,
    "2540.5178124999998": 8,
    "904.35": 7,
    "28542.62638888889": 7,
    "35286.213942307695": 7,
    "437.1025": 6,
    "452.175": 6,
    "482.32": 6,
    "1940.7669230769231": 6,
    "2190.1015625": 6,
    "3241.3503125": 6,
    "35474.42375": 6,
    "524.5458333333333": 5,
    "655.65375": 5,
    "47813.35375": 5,
    "596.8710000000001": 4,
    "676.8333333333334": 4,
    "768.6975000000001": 4,
    "836.5237500000001": 4,
    "1635.2758333333334": 4,
    "2312.7472500000003": 4,
    "3036.940833333333": 4,
    "27762.5925": 4,
    "350.435625": 3,
    "2233.90359375": 3,
    "110092.98749999999": 3,
    "456.8625": 2,
    "508.69687500000003": 2,
    "590.4873529411765": 2,
    "688.6973076923076": 2,
    "700.87125": 2,
    "791.30625": 2,
    "2021.6322115384614": 2,
    "2380.648541666667": 2,
    "3673.7125": 2,
    "24824.889338235294": 2,
    "29304.958749999998": 2,
    "43173.720588235294": 2,
    "65240.288888888885": 2,
    "470.262": 1,
    "486.08812500000005": 1,
    "521.7403846153846": 1,
    "659.9125": 1,
    "864.7846875": 1,
    "915.6543750000001": 1,
    "1460.0677083333333": 1,
    "2264.228076923077": 1,
    "2365.3096875": 1,
    "3257.7295833333333": 1,
    "4029.7868750000002": 1,
    "4380.203125": 1,
    "63515.185096153844": 1,
    "70948.8475": 1,
    "77118.31250000001": 1
  },
  "source": {
    "analyze": "light",
    "fontface": "Consolas-Regular",
    "fontsize": 14,
    "language": "c",
    "theme": "Night Owl"
  },
  "average": 30055.452443062528,
  "diff65": 362.3915760471158
}
