{
  "colors": {
    "#403f53": 5053,
    "#994cc3": 1888,
    "#4876d6": 1825,
    "#0c969b": 480,
    "#989fb1": 317,
    "#aa0982": 267,
    "#111111": 241,
    "#c96765": 115
  },
  "cccts": {
    "6503.44": 10770,
    "0.0": 6194,
    "17534.379220779218": 2439,
    "6766.539999999999": 1933,
    "16308.719307359308": 1810,
    "13244.569523809521": 1680,
    "6652.002337662338": 1273,
    "14163.814458874458": 1253,
    "13183.783333333333": 1123,
    "20292.114025974024": 1102,
    "6886.130909090908": 1090,
    "6933.967272727273": 1045,
    "16921.549264069265": 1040,
    "17434.910909090908": 988,
    "9567.589783549785": 932,
    "14094.73924242424": 841,
    "6594.228095238094": 803,
    "16220.30303030303": 785,
    "18453.624155844154": 742,
    "6910.04909090909": 739,
    "6635.495411255411": 669,
    "6623.030909090909": 597,
    "6969.8445454545445": 586,
    "6802.417272727273": 577,
    "20904.943982683984": 552,
    "7041.5990909090915": 538,
    "15083.059393939393": 538,
    "11361.871515151515": 470,
    "15005.695151515152": 455,
    "6697.396385281384": 444,
    "6606.608290043289": 438,
    "10793.249696969695": 437,
    "6862.212727272727": 435,
    "6664.382532467532": 417,
    "6643.7488744588745": 411,
    "18345.866818181814": 379,
    "23969.093766233767": 372,
    "6575.194545454545": 353,
    "21211.35896103896": 347,
    "6982.158766233766": 326,
    "6981.803636363636": 312,
    "6838.294545454545": 302,
    "15695.889350649348": 301,
    "6618.988484848485": 299,
    "6165.803636363636": 295,
    "6670.867272727272": 289,
    "6614.861753246753": 257,
    "7185.108181818181": 245,
    "20775.082575757573": 234,
    "6814.376363636364": 226,
    "6993.762727272727": 223,
    "7065.517272727272": 220,
    "7029.639999999999": 208,
    "19985.69904761905": 204,
    "16827.606969696968": 177,
    "6297.106666666667": 174,
    "6874.171818181818": 172,
    "15389.474372294373": 170,
    "6922.008181818182": 168,
    "16615.134285714284": 162,
    "7017.680909090909": 152,
    "7125.312727272727": 152,
    "6017.648138528139": 146,
    "6689.142922077922": 144,
    "6203.318787878788": 142,
    "6268.970303030303": 125,
    "6598.354826839826": 124,
    "8341.929870129869": 121,
    "6738.663701298701": 119,
    "6154.937142857143": 113,
    "6676.762727272727": 109,
    "6137.667272727273": 107,
    "13791.08727272727": 105,
    "23507.950303030302": 105,
    "6062.63696969697": 100,
    "6701.523116883116": 99,
    "6532.327121212121": 96,
    "6184.561212121212": 95,
    "6685.016190476191": 89,
    "18760.039134199134": 87,
    "18042.214848484848": 86,
    "7101.394545454545": 83,
    "6609.821948051947": 82,
    "6587.153636363635": 81,
    "6850.253636363636": 81,
    "6898.089999999999": 71,
    "7077.476363636363": 71,
    "6544.707316017316": 70,
    "22437.018874458878": 70,
    "6639.6221428571425": 66,
    "17840.794199134198": 66,
    "6081.394545454545": 61,
    "6778.49909090909": 58,
    "6561.214242424241": 57,
    "6623.115216450216": 57,
    "7496.3381818181815": 57,
    "17227.964242424245": 54,
    "6945.926363636364": 53,
    "19372.86909090909": 53,
    "6240.833939393939": 51,
    "12576.479393939395": 48,
    "15309.34712121212": 48,
    "19679.28406926407": 48,
    "19066.454112554115": 47,
    "6528.200389610389": 42,
    "16523.954999999998": 40,
    "19864.126666666667": 40,
    "6631.368679653679": 38,
    "6946.698116883116": 35,
    "6053.258181818182": 32,
    "6718.030043290043": 32,
    "14470.229437229436": 32,
    "23811.602272727272": 32,
    "19256.822727272727": 31,
    "7113.353636363636": 30,
    "20167.778636363637": 30,
    "5968.849090909091": 28,
    "6437.788484848485": 28,
    "6536.453852813852": 27,
    "6627.2419480519475": 27,
    "6271.10476190476": 26,
    "6447.167272727273": 26,
    "9539.959696969696": 26,
    "6668.509264069264": 24,
    "14398.391212121212": 23,
    "21078.734545454543": 22,
    "7053.558181818182": 21,
    "16002.304329004328": 21,
    "6091.572987012986": 20,
    "6656.129069264069": 20,
    "6372.13696969697": 18,
    "13550.984502164501": 18,
    "6428.409696969697": 17,
    "8648.344848484849": 16,
    "6090.773333333333": 15,
    "6672.635995670995": 15,
    "21824.188917748917": 15,
    "6680.889458874458": 14,
    "6893.507142857143": 14,
    "6964.428441558442": 14,
    "6999.889090909091": 14,
    "7106.271038961038": 14,
    "7141.731688311688": 14,
    "6109.530909090909": 12,
    "6647.875606060606": 12,
    "22130.603896103898": 12,
    "6193.94": 11,
    "6231.455151515151": 11,
    "6409.652121212121": 11,
    "6693.269653679654": 10,
    "6118.909696969697": 9,
    "7005.721818181818": 9,
    "6015.74303030303": 8,
    "6038.769523809524": 8,
    "6128.288484848485": 7,
    "6709.77658008658": 7,
    "10754.567575757575": 7,
    "20598.529004329004": 7,
    "6156.424848484848": 6,
    "6222.076363636364": 6,
    "6602.481558441557": 6,
    "6176.058528138527": 5,
    "6212.697575757576": 5,
    "6081.012294372294": 4,
    "6610.735021645022": 4,
    "6353.379393939394": 3,
    "6713.903311688312": 3,
    "8325.351818181818": 3,
    "6175.182424242424": 2,
    "6218.301298701298": 2,
    "6957.885454545455": 2,
    "7177.192337662338": 2,
    "13487.435303030301": 2,
    "18147.209177489178": 2,
    "18649.518787878787": 2,
    "6025.121818181818": 1,
    "6100.152121212121": 1,
    "6250.212727272727": 1,
    "6315.864242424242": 1,
    "6569.467705627705": 1,
    "6734.536969696969": 1
  },
  "source": {
    "analyze": "light",
    "fontface": "Consolas-Regular",
    "fontsize": 14,
    "language": "c",
    "theme": "Night Owl"
  },
  "average": 9361.175247125559,
  "diff65": 44.018080725008595
}
