{
  "colors": {
    "#403f53": 5053,
    "#994cc3": 1888,
    "#4876d6": 1825,
    "#0c969b": 480,
    "#989fb1": 317,
    "#aa0982": 267,
    "#111111": 241,
    "#c96765": 115
  },
  "cccts": {
    "6503.44": 10770,
    "0.0": 6194,
    "17942.932525252523": 2861,
    "20087.837373737373": 2303,
    "17839.7802020202": 2088,
    "19372.86909090909": 1781,
    "6657.504646464646": 1557,
    "6949.9127272727255": 1211,
    "6810.389999999999": 1194,
    "23662.678787878784": 1185,
    "6686.391767676768": 1103,
    "17227.96424242424": 1062,
    "7033.626363636364": 1034,
    "6922.0081818181825": 995,
    "15798.027676767677": 975,
    "6676.762727272728": 949,
    "11508.21797979798": 932,
    "7173.14909090909": 846,
    "7005.721818181818": 813,
    "19256.822727272724": 764,
    "22232.742222222223": 750,
    "19965.343989898993": 660,
    "6894.103636363637": 607,
    "6698.771818181818": 597,
    "17131.258939393938": 566,
    "6628.617525252525": 560,
    "7089.435454545454": 558,
    "15714.216414141412": 533,
    "13588.652626262625": 506,
    "6866.199090909091": 440,
    "10793.249696969697": 437,
    "6615.058181818181": 434,
    "6647.8756060606065": 426,
    "6715.278888888889": 408,
    "7340.576363636363": 406,
    "27952.488484848483": 388,
    "18657.90080808081": 359,
    "6782.485454545454": 353,
    "7041.259848484849": 326,
    "16512.99595959596": 317,
    "6977.817272727272": 313,
    "6153.298585858585": 302,
    "14368.09111111111": 301,
    "6670.867272727272": 289,
    "6087.647070707071": 277,
    "18548.30146464646": 262,
    "21517.77393939394": 213,
    "7117.339999999999": 207,
    "22947.710505050505": 202,
    "22090.90777777778": 195,
    "7145.244545454545": 190,
    "6667.133686868687": 189,
    "7061.530909090909": 185,
    "6109.530909090909": 175,
    "6734.536969696969": 172,
    "7228.958181818181": 152,
    "5838.1163636363635": 146,
    "6541.956161616161": 138,
    "9363.31313131313": 137,
    "6599.730404040403": 129,
    "7508.003636363637": 125,
    "6792.311212121212": 122,
    "13653.12282828283": 121,
    "6175.1824242424245": 114,
    "20802.805656565655": 113,
    "12880.131363636363": 105,
    "29176.120404040405": 105,
    "6021.995555555555": 102,
    "5936.682828282828": 100,
    "15083.059393939393": 98,
    "6218.9501010101": 94,
    "6724.907929292929": 94,
    "16422.737676767676": 93,
    "6696.020808080808": 88,
    "15005.69515151515": 87,
    "6668.923030303029": 82,
    "25807.583636363637": 82,
    "6570.843282828283": 70,
    "6838.294545454544": 68,
    "5978.227878787879": 66,
    "6705.649848484848": 66,
    "6638.246565656566": 57,
    "7827.304242424242": 57,
    "32242.298181818183": 56,
    "6415.904646464646": 54,
    "6131.414747474747": 48,
    "25092.61535353535": 48,
    "7256.862727272727": 44,
    "6561.214242424242": 43,
    "22799.429040404037": 40,
    "27759.077878787877": 32,
    "7201.053636363636": 30,
    "7284.767272727272": 30,
    "6043.879393939394": 29,
    "6609.359444444444": 29,
    "25633.51409090909": 29,
    "7165.372121212121": 28,
    "7248.113636363636": 28,
    "5846.924848484848": 27,
    "6532.32712121212": 27,
    "6232.382222222222": 26,
    "11463.088838383837": 26,
    "6999.88909090909": 21,
    "6109.17414141414": 19,
    "6372.136969696969": 18,
    "6437.788484848485": 17,
    "6763.42409090909": 16,
    "24377.647070707073": 16,
    "6000.111717171718": 15,
    "5985.96606060606": 14,
    "6065.763232323232": 14,
    "6580.472323232322": 14,
    "6753.79505050505": 14,
    "6782.682171717171": 14,
    "7206.742878787878": 14,
    "7289.484393939395": 14,
    "26522.55191919192": 13,
    "6350.253131313132": 11,
    "6197.066262626262": 10,
    "6850.085454545454": 10,
    "6618.9884848484835": 9,
    "6744.166010101009": 9,
    "5813.474747474747": 8,
    "5912.5763636363645": 7,
    "6284.601616161615": 7,
    "10754.567575757575": 7,
    "6240.833939393939": 6,
    "6262.717777777779": 6,
    "6590.101363636363": 6,
    "5715.6218181818185": 5,
    "5912.041212121212": 4,
    "6773.053131313131": 4,
    "6084.532525252525": 3,
    "9337.52505050505": 3,
    "5956.34404040404": 2,
    "5961.324444444444": 2,
    "6010.607676767676": 2,
    "7082.630606060606": 2,
    "5868.808686868686": 1,
    "5890.692525252526": 1,
    "5934.460202020201": 1,
    "6811.569292929293": 1,
    "7312.671818181819": 1,
    "23507.9503030303": 1
  },
  "source": {
    "analyze": "light",
    "fontface": "Consolas-Regular",
    "fontsize": 14,
    "language": "c",
    "theme": "Night Owl"
  },
  "average": 10224.35158745023,
  "diff65": 57.29771673000354,
  "cctbg": 6503.44
}
