{
  "colors": {
    "#89ddff": 5411,
    "#f07178": 3879,
    "#eeffff": 3009,
    "#c792ea": 609,
    "#82aaff": 424,
    "#f78c6c": 243,
    "#546e7a": 223,
    "#ffcb6b": 161,
    "#c3e88d": 102
  },
  "cccts": {
    "10212.72": 10526,
    "0.0": 6194,
    "9969.038961038961": 1804,
    "10465.891428571429": 1705,
    "10063.803809523808": 1505,
    "9996.114632034632": 1352,
    "10244.902597402597": 1273,
    "20911.907532467532": 1101,
    "9982.576796536798": 1020,
    "9908.1187012987": 971,
    "10373.829090909088": 930,
    "10580.96935064935": 885,
    "10043.497056277056": 824,
    "10232.387142857142": 803,
    "10557.953766233766": 736,
    "16751.11238095238": 689,
    "10241.326753246753": 669,
    "10683.904285714285": 661,
    "10898.07896103896": 636,
    "10500.414805194805": 626,
    "17642.71134199134": 601,
    "9948.732207792207": 593,
    "13184.716536796535": 578,
    "10627.00051948052": 573,
    "10281.766753246751": 555,
    "19723.10891774892": 508,
    "9894.580865800865": 479,
    "10396.844675324675": 470,
    "9518.124090909088": 464,
    "10254.736168831167": 444,
    "10023.190303030304": 441,
    "10145.03082251082": 440,
    "10235.069025974026": 438,
    "10983.74883116883": 429,
    "10247.58448051948": 417,
    "10243.114675324676": 411,
    "23586.70441558441": 396,
    "10812.40909090909": 362,
    "10034.618484848483": 347,
    "9678.351428571428": 333,
    "20317.508225108228": 332,
    "10523.430389610387": 326,
    "10237.75090909091": 299,
    "9823.983896103895": 297,
    "9500.31393939394": 294,
    "9826.891688311689": 286,
    "9887.811948051949": 257,
    "10236.856948051947": 257,
    "21803.506493506495": 257,
    "9482.503787878788": 253,
    "10603.984935064935": 250,
    "10748.156688311688": 250,
    "9571.554545454546": 244,
    "11048.001233766232": 236,
    "24181.103722943717": 225,
    "9841.630714285713": 224,
    "9544.759285714284": 223,
    "9914.887619047619": 223,
    "10511.922597402598": 218,
    "9589.364696969695": 191,
    "18534.310303030303": 191,
    "9446.883484848484": 188,
    "9660.605303030301": 188,
    "9737.725714285712": 186,
    "9767.466212121211": 181,
    "9975.159047619047": 175,
    "11219.340974025972": 169,
    "9286.592121212121": 164,
    "10064.284285714286": 164,
    "9714.035757575757": 162,
    "10857.156363636364": 162,
    "9607.174848484849": 148,
    "10940.913896103897": 145,
    "10252.948246753245": 144,
    "9423.7045021645": 143,
    "10661.523896103894": 143,
    "9867.176796536796": 142,
    "9366.636428571426": 139,
    "9429.073333333334": 139,
    "24478.30337662338": 137,
    "9820.896666666666": 132,
    "27153.100259740255": 128,
    "9942.764372294372": 125,
    "10233.281103896104": 124,
    "10263.675779220779": 119,
    "9642.79515151515": 118,
    "9646.687142857143": 113,
    "9705.20341991342": 109,
    "10250.266363636363": 109,
    "9791.58922077922": 107,
    "10534.938181818181": 107,
    "10488.90701298701": 105,
    "10255.630129870131": 99,
    "10218.977727272728": 96,
    "9845.580346320347": 95,
    "9696.225606060605": 93,
    "9322.212424242423": 89,
    "10252.054285714286": 89,
    "9989.345714285713": 88,
    "10650.016103896103": 88,
    "9886.16142857143": 83,
    "10477.399220779222": 76,
    "10673.031688311688": 76,
    "9708.038571428571": 75,
    "20020.30857142857": 75,
    "10221.659610389608": 70,
    "9910.369696969696": 67,
    "10242.220714285713": 66,
    "9624.985": 65,
    "10293.274545454546": 65,
    "10753.586233766233": 65,
    "9726.799870129867": 63,
    "10016.421385281385": 62,
    "10546.445974025974": 58,
    "9597.221168831169": 57,
    "10225.235454545453": 57,
    "10238.644870129869": 57,
    "9553.744393939394": 53,
    "9411.26318181818": 48,
    "10442.875844155844": 48,
    "10833.826558441559": 48,
    "23289.504761904762": 48,
    "10304.782337662336": 44,
    "10218.083766233765": 42,
    "10036.728138528139": 40,
    "10592.477142857142": 40,
    "10719.062857142857": 40,
    "10240.43279220779": 38,
    "9304.402272727271": 37,
    "9515.072142857143": 36,
    "18831.509956709957": 36,
    "9197.541363636363": 35,
    "9928.425454545453": 34,
    "9633.820714285714": 33,
    "9694.405194805195": 32,
    "10088.048939393939": 32,
    "10259.205974025974": 32,
    "10696.047272727272": 31,
    "9797.099999999999": 30,
    "10638.50831168831": 29,
    "10730.570649350648": 29,
    "10811.125194805194": 29,
    "10137.132424242423": 28,
    "20614.707878787878": 28,
    "10219.871688311689": 27,
    "10239.538831168831": 27,
    "10147.930649350646": 26,
    "10426.894675324675": 26,
    "11433.515649350647": 26,
    "22100.706147186145": 26,
    "21209.107186147186": 25,
    "10248.478441558442": 24,
    "9375.642878787878": 23,
    "9393.45303030303": 23,
    "10769.574155844155": 23,
    "22695.105454545454": 23,
    "25667.10199134199": 23,
    "11240.758441558442": 22,
    "10245.796558441558": 20,
    "10061.544848484848": 18,
    "10126.334199134199": 17,
    "22397.905800865803": 16,
    "9500.22857142857": 15,
    "9737.598095238096": 15,
    "10249.372402597402": 15,
    "10251.160324675324": 14,
    "9856.37857142857": 13,
    "9759.194545454544": 12,
    "10244.008636363635": 12,
    "9749.65606060606": 11,
    "9899.57147186147": 11,
    "10104.737748917749": 11,
    "22992.305108225108": 11,
    "9962.270043290042": 10,
    "10253.842207792208": 10,
    "9357.832727272727": 9,
    "9769.99277056277": 9,
    "9458.009523809525": 8,
    "9651.212294372295": 8,
    "9780.790995670994": 7,
    "10257.41805194805": 7,
    "25072.702683982687": 7,
    "9813.185670995672": 6,
    "9860.736277056278": 6,
    "9888.773246753248": 6,
    "10234.175064935063": 6,
    "10868.664155844155": 6,
    "9464.693636363634": 5,
    "9680.992164502162": 5,
    "9877.97502164502": 5,
    "9526.619567099568": 4,
    "10105.859090909089": 4,
    "10235.962987012988": 4,
    "19425.90926406926": 4,
    "9722.882142857143": 3,
    "9901.349783549782": 3,
    "9941.96329004329": 3,
    "9963.377878787876": 3,
    "9975.807878787877": 3,
    "10039.948398268398": 3,
    "10258.312012987013": 3,
    "17939.910995670994": 3,
    "23883.90406926407": 3,
    "25369.902337662334": 3,
    "9535.93424242424": 2,
    "9559.602857142856": 2,
    "9663.507857142857": 2,
    "9716.001645021644": 2,
    "9749.602207792204": 2,
    "9782.256428571429": 2,
    "9834.782121212122": 2,
    "9867.505194805195": 2,
    "9874.274112554112": 2,
    "10705.321753246753": 2,
    "11069.4187012987": 2,
    "21506.306839826837": 2,
    "9543.772077922076": 1,
    "9662.01051948052": 1,
    "9748.396320346319": 1,
    "9921.16792207792": 1,
    "9921.656536796536": 1,
    "9935.194372294372": 1,
    "9996.755497835496": 1,
    "10002.883549783548": 1,
    "10227.023376623376": 1,
    "10262.781818181818": 1,
    "11176.506038961037": 1
  },
  "source": {
    "analyze": "dark",
    "fontface": "Consolas-Regular",
    "fontsize": 14,
    "language": "c",
    "theme": "Material"
  },
  "average": 9983.811663545139,
  "diff65": 53.59710251607906
}
