{
  "colors": {
    "#89ddff": 5411,
    "#f07178": 3879,
    "#eeffff": 3009,
    "#c792ea": 609,
    "#82aaff": 424,
    "#f78c6c": 243,
    "#546e7a": 223,
    "#ffcb6b": 161,
    "#c3e88d": 102
  },
  "cccts": {
    "10212.72": 10526,
    "0.0": 6194,
    "9960.013737373736": 2397,
    "9912.631313131313": 1800,
    "9928.425454545453": 1717,
    "10246.094545454544": 1557,
    "10508.086666666666": 1495,
    "11012.305454545454": 1377,
    "10252.352272727272": 1103,
    "9975.807878787877": 1042,
    "21308.173737373734": 1037,
    "23388.57131313131": 1006,
    "10481.235151515151": 976,
    "9833.660606060605": 974,
    "10250.266363636363": 949,
    "10642.34424242424": 891,
    "10588.641212121212": 831,
    "10373.82909090909": 730,
    "9340.022575757575": 640,
    "10320.12606060606": 620,
    "10561.789696969696": 609,
    "11112.253636363635": 608,
    "10007.396161616161": 592,
    "22695.105454545454": 589,
    "15066.981010101008": 578,
    "9865.24888888889": 563,
    "10239.836818181819": 560,
    "10615.492727272725": 555,
    "19227.77616161616": 482,
    "20614.707878787878": 482,
    "10102.16101010101": 440,
    "10722.898787878788": 433,
    "10244.008636363635": 426,
    "26855.900606060608": 426,
    "10962.331363636364": 419,
    "10258.61": 408,
    "9215.351515151515": 406,
    "9554.654999999999": 348,
    "9921.820858585857": 347,
    "25468.96888888889": 320,
    "9809.586262626262": 304,
    "9738.895757575758": 286,
    "9733.998686868686": 277,
    "9547.807676767676": 276,
    "10669.195757575757": 276,
    "9506.250656565657": 259,
    "10862.383181818182": 250,
    "11162.227727272726": 241,
    "9944.219595959594": 239,
    "9658.56": 227,
    "9381.48": 223,
    "9849.454747474747": 223,
    "8966.009393939394": 217,
    "9762.464999999998": 206,
    "10427.53212121212": 200,
    "9759.194545454544": 191,
    "10248.180454545452": 189,
    "9132.237474747473": 188,
    "9630.921717171717": 185,
    "10696.047272727272": 184,
    "9423.136616161615": 183,
    "10262.781818181817": 172,
    "9381.579595959596": 168,
    "10534.938181818181": 166,
    "9970.274999999998": 164,
    "11071.968484848483": 162,
    "22001.639595959594": 154,
    "31016.695757575755": 152,
    "9464.693636363636": 151,
    "9132.111818181818": 143,
    "8716.667272727273": 139,
    "9173.67": 139,
    "10221.063636363635": 138,
    "9672.478737373738": 135,
    "10233.57909090909": 129,
    "10275.297272727272": 122,
    "9589.289999999999": 121,
    "9256.908535353536": 117,
    "9834.78212121212": 115,
    "9658.41111111111": 111,
    "10454.383636363636": 105,
    "10803.453333333333": 105,
    "9292.201919191919": 100,
    "9885.173838383838": 94,
    "10260.69590909091": 94,
    "9714.035757575757": 90,
    "11312.150000000001": 90,
    "10254.438181818181": 88,
    "9896.83717171717": 86,
    "24775.50303030303": 82,
    "10227.321363636363": 70,
    "9589.364696969695": 68,
    "9608.019393939394": 68,
    "10256.524090909092": 66,
    "10937.710909090907": 58,
    "10241.922727272728": 57,
    "9693.195": 56,
    "10111.936565656566": 54,
    "26162.43474747475": 50,
    "9784.390404040403": 48,
    "9881.04303030303": 47,
    "10293.274545454546": 44,
    "10225.235454545453": 43,
    "9090.680454545454": 40,
    "10830.304848484848": 40,
    "9450.75": 38,
    "9532.431818181816": 38,
    "24082.03717171717": 38,
    "9049.123434343433": 37,
    "10046.491919191918": 36,
    "9683.60696969697": 31,
    "10235.664999999999": 29,
    "11179.374545454546": 29,
    "9173.794494949494": 28,
    "9298.465555555555": 27,
    "9456.844242424242": 27,
    "10218.977727272726": 27,
    "10038.984444444444": 26,
    "10562.538636363635": 26,
    "11711.942727272728": 26,
    "28936.298181818183": 21,
    "9623.925": 20,
    "10061.544848484848": 18,
    "18534.310303030303": 18,
    "10137.132424242423": 17,
    "10269.039545454545": 16,
    "9633.215252525253": 15,
    "27549.366464646464": 15,
    "9372.24696969697": 14,
    "9708.802828282827": 14,
    "10229.407272727272": 14,
    "10266.953636363636": 14,
    "10273.211363636363": 14,
    "10036.348989898988": 11,
    "28242.832323232324": 11,
    "9859.977979797979": 10,
    "10287.812727272727": 10,
    "10237.750909090908": 9,
    "10264.867727272727": 9,
    "35177.490909090906": 9,
    "9092.089292929293": 8,
    "9786.278181818181": 8,
    "9960.761414141412": 7,
    "9520.02": 6,
    "9910.369696969698": 6,
    "9935.565555555555": 6,
    "10231.493181818181": 6,
    "11018.265454545455": 6,
    "9305.66909090909": 5,
    "9252.179393939392": 4,
    "9644.130909090909": 4,
    "9797.149797979797": 4,
    "10271.125454545454": 4,
    "29629.764040404036": 4,
    "9532.33707070707": 3,
    "9817.866464646464": 3,
    "9963.377878787878": 3,
    "9332.224444444444": 2,
    "9412.269494949494": 2,
    "9416.115": 2,
    "9582.823535353535": 2,
    "9770.484040404039": 2,
    "19921.24202020202": 2,
    "9007.566414141414": 1,
    "9482.040101010101": 1,
    "9507.235959595959": 1,
    "9557.627676767675": 1,
    "9802.072323232322": 1,
    "9991.60202020202": 1,
    "10279.46909090909": 1,
    "11412.09818181818": 1
  },
  "source": {
    "analyze": "dark",
    "fontface": "Consolas-Regular",
    "fontsize": 14,
    "language": "c",
    "theme": "Material"
  },
  "average": 10204.664428416569,
  "diff65": 56.9948373602549,
  "cctbg": 10212.72
}
