{
  "colors": {
    "#000000": 4751,
    "#001080": 1327,
    "#0000ff": 671,
    "#af00db": 543,
    "#795e26": 413,
    "#098658": 243,
    "#008000": 223,
    "#a31515": 174,
    "#ee0000": 24,
    "#267f99": 15
  },
  "cccts": {
    "6503.44": 10526,
    "0.0": 6194,
    "6409.263571428572": 1204,
    "6503.6285714285705": 1177,
    "5804.467857142857": 1074,
    "36852.35071428571": 1059,
    "6503.55": 965,
    "26736.047142857144": 936,
    "6503.526428571428": 874,
    "6503.518571428571": 736,
    "6503.523809523809": 736,
    "6503.518064516129": 732,
    "6440.655714285714": 695,
    "6503.565714285714": 666,
    "6503.715": 664,
    "26736.75428571429": 656,
    "32202.114395161287": 651,
    "6464.452983870967": 599,
    "6503.599677419354": 596,
    "6503.529047619047": 587,
    "20834.870059523808": 578,
    "6503.7699999999995": 559,
    "36765.485714285714": 559,
    "5484.105625": 551,
    "6037.458571428571": 547,
    "6503.570952380952": 527,
    "6503.5408333333335": 510,
    "19067.23637096774": 504,
    "6018.042678571428": 482,
    "6503.635555555555": 470,
    "6420.149556451613": 444,
    "36853.41142857143": 443,
    "6503.644285714285": 433,
    "6214.080564516129": 419,
    "25050.644761904765": 410,
    "6503.593214285714": 407,
    "39381.42660714286": 398,
    "5911.568427419354": 393,
    "27579.07244047619": 393,
    "6401.4155357142845": 391,
    "6458.967797619047": 385,
    "30108.973333333335": 376,
    "19031.27612903226": 351,
    "6503.596315789474": 326,
    "6173.3698214285705": 317,
    "6438.039702380952": 304,
    "30108.148333333334": 302,
    "33344.2777016129": 301,
    "6503.597142857143": 297,
    "6430.191666666667": 286,
    "5344.640714285713": 283,
    "27518.74952380952": 283,
    "50762.268124999995": 275,
    "39382.57571428572": 273,
    "6076.290357142857": 270,
    "6503.541129032257": 269,
    "19067.675483870968": 265,
    "13621.52870967742": 262,
    "6425.3726973684215": 256,
    "6503.601071428572": 254,
    "27579.80904761905": 250,
    "5746.220178571428": 243,
    "6503.6067741935485": 235,
    "6503.586666666667": 226,
    "6503.555238095239": 224,
    "5885.2630241935485": 222,
    "25049.99654761905": 215,
    "22779.267116935484": 207,
    "6503.5115": 204,
    "6503.5335": 204,
    "5451.936944444444": 200,
    "6445.887738095237": 198,
    "6503.577499999999": 194,
    "6503.524464285714": 189,
    "6503.500892857142": 186,
    "6503.484354838709": 177,
    "5959.795": 174,
    "33345.21580645162": 169,
    "6503.539354838709": 162,
    "6503.5961290322575": 159,
    "20835.370952380956": 159,
    "6503.60761904762": 156,
    "26678.137142857147": 149,
    "6448.503750000001": 148,
    "6423.69383064516": 144,
    "6631.817991071429": 143,
    "33480.24952380952": 143,
    "39287.322857142855": 143,
    "6481.2882862903225": 131,
    "6128.588004032258": 128,
    "6467.339035714285": 124,
    "6339.031229838709": 119,
    "6452.934092741934": 119,
    "6023.722016129032": 116,
    "13641.960665322582": 115,
    "5730.907142857142": 114,
    "6687.634508928572": 113,
    "6448.503749999999": 109,
    "5248.0741071428565": 105,
    "6503.525161290321": 105,
    "5478.587943548388": 100,
    "5698.718273809523": 93,
    "30040.586666666662": 93,
    "5956.229226190476": 91,
    "6503.538214285713": 91,
    "6503.553928571428": 90,
    "31631.032741935484": 90,
    "5882.131428571428": 89,
    "6503.532888888889": 88,
    "6425.465967741936": 79,
    "6503.573571428571": 78,
    "6503.50325": 76,
    "24996.91238095238": 75,
    "6366.099375": 70,
    "6471.541532258065": 69,
    "24839.881071428572": 67,
    "6503.513333333333": 65,
    "33267.4535483871": 65,
    "6503.569642857144": 63,
    "5902.581111111111": 61,
    "6503.505476190476": 60,
    "5522.198669354838": 59,
    "16782.909758064518": 57,
    "5795.284880952381": 54,
    "50763.815": 50,
    "6465.507827380952": 49,
    "6503.531666666666": 48,
    "18727.73404761905": 48,
    "6419.727619047619": 46,
    "6503.585357142858": 45,
    "5827.473749999999": 42,
    "6338.631249999999": 42,
    "5602.151666666667": 40,
    "6022.896651785714": 40,
    "25295.19419354839": 40,
    "27368.31611607143": 40,
    "31559.112258064517": 40,
    "6503.503870967742": 39,
    "6503.5401785714275": 39,
    "6503.515952380952": 38,
    "28422.863809523817": 37,
    "5924.721129032258": 36,
    "29898.209642857146": 35,
    "6438.693705357144": 33,
    "6444.959475806451": 33,
    "5730.907142857143": 32,
    "20793.850476190477": 32,
    "6230.872963709677": 31,
    "24156.300000000003": 31,
    "6503.510714285714": 30,
    "6503.576190476191": 29,
    "9968.70857142857": 29,
    "18727.30681547619": 29,
    "20688.77392857143": 29,
    "5881.987157258064": 28,
    "6473.028861607143": 28,
    "25349.134556451612": 28,
    "6454.607777777777": 27,
    "6461.583809523809": 27,
    "6464.19982142857": 27,
    "6503.557096774193": 27,
    "11701.342857142858": 27,
    "4475.541249999999": 26,
    "6068.774999999999": 26,
    "6426.921651785714": 26,
    "6436.731696428571": 26,
    "22779.835967741936": 26,
    "6069.400846774193": 25,
    "24206.97125": 25,
    "6424.959642857143": 24,
    "6095.706249999999": 23,
    "6503.530357142857": 23,
    "5473.39619047619": 22,
    "28422.09773809524": 22,
    "31162.791785714293": 21,
    "5219.202499999999": 19,
    "6266.691370967742": 19,
    "6221.909553571428": 18,
    "6401.415535714285": 18,
    "31795.08285714286": 18,
    "5544.004032258064": 15,
    "6052.795833333333": 15,
    "6422.997633928571": 15,
    "6503.541749999999": 15,
    "14083.715": 15,
    "28633.627500000002": 15,
    "32427.37392857143": 15,
    "6417.983611111111": 14,
    "6452.4277678571425": 14,
    "6452.623968749999": 14,
    "6461.256808035714": 14,
    "6503.549999999999": 14,
    "9679.93619047619": 14,
    "9968.708571428571": 14,
    "11100.51": 14,
    "13642.210161290323": 14,
    "5993.772812499999": 13,
    "9291.025": 13,
    "10113.094761904762": 13,
    "5827.47375": 12,
    "5964.648973214286": 12,
    "6110.943467741936": 12,
    "6434.769687499999": 12,
    "6460.275803571428": 12,
    "4813.524375": 11,
    "24207.59": 11,
    "6442.617723214285": 10,
    "27369.04535714286": 10,
    "5513.632276785715": 9,
    "5561.915580357142": 9,
    "5706.765491071428": 9,
    "6081.144330357142": 9,
    "6458.313794642857": 9,
    "28001.33642857143": 9,
    "5920.9632142857145": 8,
    "5935.5251339285705": 8,
    "6183.077767857142": 8,
    "6446.541741071428": 8,
    "6626.236339285714": 8,
    "5537.773928571428": 7,
    "6126.28628125": 7,
    "6503.528709677419": 7,
    "20097.698035714286": 7,
    "5988.418095238095": 6,
    "6020.606964285714": 6,
    "6036.701398809523": 6,
    "6430.845669642857": 6,
    "6454.389776785713": 6,
    "6460.908709677419": 6,
    "22732.682258064517": 6,
    "5803.332098214285": 5,
    "6676.471205357142": 5,
    "22879.20640625": 5,
    "5610.198883928571": 4,
    "5682.623839285713": 4,
    "5883.804270833334": 4,
    "6190.358727678571": 4,
    "6435.42369047619": 4,
    "6453.081770833333": 4,
    "6466.815833333332": 4,
    "6726.706071428571": 4,
    "7726.065": 4,
    "20413.84357142857": 4,
    "5301.722222222222": 3,
    "5935.411875": 3,
    "5998.626785714286": 3,
    "6008.334732142857": 3,
    "6095.70625": 3,
    "6129.244397321428": 3,
    "6139.39200892857": 3,
    "6453.408772321428": 3,
    "6503.561785714285": 3,
    "8958.005238095237": 3,
    "22310.71678571429": 3,
    "22626.862321428573": 3,
    "5658.4821875": 2,
    "5755.048794642857": 2,
    "5783.863024193548": 2,
    "5878.17121875": 2,
    "5960.252834821428": 2,
    "6241.325446428571": 2,
    "6459.1365725806445": 2,
    "6503.514642857143": 2,
    "6654.144598214285": 2,
    "8655.26": 2,
    "11123.798095238095": 2,
    "12134.501428571428": 2,
    "16303.951607142857": 2,
    "16683.326250000002": 2,
    "18516.970357142858": 2,
    "21045.626383928575": 2,