{
  "colors": {
    "#000000": 3366,
    "#001080": 1327,
    "#0000ff": 660,
    "#af00db": 543,
    "#795e26": 413,
    "#098658": 243,
    "#008000": 223,
    "#a31515": 174,
    "#ee0000": 24,
    "#267f99": 15
  },
  "cccts": {
    "3252.16": 1647,
    "3031.975": 1205,
    "1620.785": 1074,
    "74065.845": 1059,
    "49377.229999999996": 936,
    "1897.0933333333335": 903,
    "1490.5733333333333": 874,
    "1355.0666666666666": 736,
    "1445.4044444444444": 736,
    "1375.9138461538462": 732,
    "2021.3166666666666": 695,
    "2168.1066666666666": 666,
    "4065.2": 664,
    "49378.880000000005": 656,
    "64095.44278846154": 651,
    "1282.7586538461537": 599,
    "2814.369230769231": 596,
    "1535.7422222222222": 587,
    "34975.53791666667": 578,
    "4878.24": 559,
    "73863.16": 559,
    "2025.98125": 551,
    "1080.5233333333333": 547,
    "2258.4444444444443": 527,
    "1788.688": 510,
    "31335.549807692307": 504,
    "1125.545138888889": 482,
    "2740.4389423076923": 444,
    "74068.32": 443,
    "3523.1733333333327": 433,
    "685.7167307692308": 419,
    "45263.97333333334": 410,
    "3284.639583333333": 409,
    "2642.38": 407,
    "80237.99875": 398,
    "1402.602403846154": 393,
    "51434.614583333336": 393,
    "1431.7659722222222": 385,
    "57608.693333333336": 376,
    "31249.798461538463": 351,
    "1626.08": 340,
    "2744.0099999999998": 326,
    "765.3706944444444": 317,
    "2105.5381944444443": 304,
    "57606.76833333333": 302,
    "66944.12913461539": 301,
    "2710.133333333333": 297,
    "547.855": 286,
    "2358.2027777777776": 286,
    "51293.86111111111": 283,
    "92582.30625": 275,
    "80240.68000000001": 273,
    "990.4797222222223": 270,
    "1782.4338461538462": 269,
    "31336.596923076926": 265,
    "17755.56730769231": 262,
    "1768.6520833333334": 257,
    "2558.22890625": 256,
    "2777.8866666666663": 254,
    "51436.333333333336": 250,
    "1755.8504166666667": 243,
    "2939.4523076923074": 235,
    "2529.4577777777777": 226,
    "1987.4311111111112": 224,
    "1464.9402884615386": 222,
    "45262.46083333334": 215,
    "40593.780432692314": 207,
    "1243.4729411764704": 204,
    "479.373125": 200,
    "1852.8736111111111": 198,
    "2371.3666666666663": 194,
    "1456.6966666666667": 189,
    "1050.1766666666667": 186,
    "781.7692307692307": 177,
    "1260.6105555555557": 174,
    "66946.36615384616": 169,
    "1751.1630769230767": 162,
    "2751.8276923076924": 159,
    "34976.70666666667": 159,
    "2890.8088888888888": 156,
    "49242.10666666667": 149,
    "365.2366666666667": 146,
    "2623.824519230769": 144,
    "1857.6644791666665": 143,
    "65836.30666666667": 143,
    "80018.42333333332": 143,
    "728.8401442307693": 131,
    "888.3148557692309": 128,
    "1162.2570833333334": 124,
    "389.61177884615387": 119,
    "1661.755528846154": 119,
    "231.7848076923077": 116,
    "17804.28966346154": 115,
    "2665.3446875": 113,
    "593.5095833333334": 105,
    "1500.9969230769232": 105,
    "495.1766346153846": 100,
    "380.4548611111111": 93,
    "57449.124444444446": 93,
    "258.70930555555555": 91,
    "1693.8333333333335": 91,
    "1964.8466666666664": 90,
    "62671.09961538461": 90,
    "1440.6977777777777": 89,
    "2565.5173076923074": 79,
    "2303.6133333333332": 78,
    "1099.995294117647": 76,
    "1913.035294117647": 76,
    "45138.59777777778": 75,
    "3789.96875": 70,
    "1049.5298076923077": 69,
    "44749.61": 67,
    "1264.7288888888888": 65,
    "66760.93307692309": 65,
    "2235.8599999999997": 63,
    "273.9275": 62,
    "1129.2222222222222": 60,
    "474.1052884615385": 59,
    "25638.177115384617": 57,
    "319.58208333333334": 54,
    "334.8002777777778": 54,
    "92585.40000000001": 50,
    "1221.2121527777779": 49,
    "29833.073333333337": 48,
    "2695.0888888888885": 46,
    "2506.8733333333334": 45,
    "10253.439999999999": 43,
    "4547.9625": 42,
    "426.1094444444445": 40,
    "1114.2896875000001": 40,
    "46874.697692307695": 40,
    "50920.2684375": 40,
    "62499.596923076926": 40,
    "1125.7476923076922": 39,
    "1727.71": 39,
    "1309.8977777777777": 38,
    "53493.786666666674": 37,
    "1371.4334615384616": 36,
    "57094.33000000001": 35,
    "1924.1379807692306": 33,
    "2084.4828125": 33,
    "34879.82555555556": 32,
    "131.69591346153848": 31,
    "43086.84333333334": 31,
    "1219.56": 30,
    "2348.782222222222": 29,
    "29832.076458333333": 29,
    "34623.356250000004": 29,
    "300.2666826923077": 28,
    "979.0752604166667": 28,
    "47003.32471153846": 28,
    "1263.3229166666667": 27,
    "1347.5444444444443": 27,
    "1515.9875": 27,
    "2063.870769230769": 27,
    "15380.16": 27,
    "178.07899999999998": 26,
    "821.7825": 26,
    "945.4579166666667": 26,
    "2147.648958333333": 26,
    "2463.4796874999997": 26,
    "40595.136923076934": 26,
    "1028.575096153846": 25,
    "43205.076250000006": 25,
    "2526.6458333333335": 24,
    "1558.3266666666666": 23,
    "486.9822222222222": 22,
    "53491.99916666667": 22,
    "60180.51000000001": 21,
    "526.1424999999999": 19,
    "561.0409615384616": 19,
    "652.8161805555557": 18,
    "61723.600000000006": 18,
    "213.05472222222224": 15,
    "463.5696153846154": 15,
    "1769.5576470588232": 15,
    "2589.8119791666663": 15,
    "19225.2": 15,
    "54008.15": 15,
    "63266.69": 15,
    "1358.0721354166667": 14,
    "1642.3197916666666": 14,
    "1649.7511029411762": 14,
    "2652.978125": 14,
    "9398.986666666668": 14,
    "13901.298461538461": 14,
    "17804.884615384617": 14,
    "1181.8223958333333": 13,
    "8429.51076923077": 13,
    "10680.666666666666": 13,
    "189.64211538461538": 12,
    "1249.3551041666667": 12,
    "1389.6552083333333": 12,
    "2210.8151041666665": 12,
    "684.81875": 11,
    "43206.520000000004": 11,
    "1958.1505208333333": 10,
    "50921.97": 10,
    "376.65031250000004": 9,
    "445.1321875": 9,
    "467.95947916666665": 9,
    "979.2242708333333": 9,
    "1452.8213541666667": 9,
    "52465.060000000005": 9,
    "742.8597916666666": 8,
    "1316.8878125": 8,
    "1350.6541666666667": 8,
    "1776.8964583333332": 8,
    "1831.8182291666665": 8,
    "456.54583333333335": 7,
    "881.8977205882353": 7,
    "1563.5384615384614": 7,
    "33176.435000000005": 7,
    "220.66381944444447": 6,
    "228.27291666666667": 6,
    "243.4911111111111": 6,
    "1399.373076923077": 6,
    "1579.1536458333335": 6,
    "2337.1473958333336": 6,
    "40482.69346153847": 6,
    "330.99572916666665": 5,
    "2503.8086458333332": 5,
    "40300.53330882353": 5,
    "301.32025000000004": 4,
    "388.06395833333335": 4,
    "422.3048958333334": 4,
    "725.9766145833333": 4,
    "1179.1013888888888": 4,
    "1667.58625": 4,
    "2189.759722222222": 4,
    "3230.7208333333333": 4,
    "3697.153846153846": 4,
    "33947.98": 4,
    "176.9115104166667": 3,
    "232.71687500000002": 3,
    "844.1588541666667": 3,
    "1148.0560416666667": 3,
    "1170.5669444444445": 3,
    "1610.73671875": 3,
    "2100.3533333333335": 3,
    "7262.8533333333335": 3,
    "38577.25000000001": 3,
    "39348.795000000006": 3,
    "256.80703125": 2,
    "298.09757352941176": 2,
    "347.6772115384615": 2,
    "353.8230208333334": 2,
    "399.47760416666665": 2,
    "607.7943750000001": 2,
    "1287.3133333333333": 2,
    "1457.6802884615386": 2,
    "2180.7365624999998": 2,
    "6506.990769230769": 2,
    "13671.253333333332": 2,
    "16661.84": 2,
    "23917.895000000004": 2,
    "25052.520000000004": 2,
    "29318.710000000003": 2,
    "35489.8840625": 2,
    "35491.07000000001": 2,
    "43569.600000000006": 2,
    "47835.79000000001": 2,
    "65838.50666666667": 2,
    "237.40383333333335": 1,
    "245.3933854166667": 1,
    "263.39182692307696": 1,
    "436.571953125": 1,
    "462.25265625000003": 1,
    "1052.7690972222222": 1,
    "1384.4205208333333": 1,
    "1553.252291666667": 1,
    "1632.601923076923": 1,
    "1688.3177083333335": 1,