{
  "colors": {
    "#bfc7d5": 5101,
    "#c792ea": 1828,
    "#ffcb6b": 1085,
    "#82aaff": 973,
    "#89ddff": 511,
    "#697098": 317,
    "#f78c6c": 267,
    "#d9f5dd": 241,
    "#7986e7": 228,
    "#c3e88d": 115,
    "#ffeb95": 2
  },
  "cccts": {
    "16765.74": 10526,
    "0.0": 6194,
    "16334.76523809524": 1771,
    "26954.3025974026": 1428,
    "16959.434025974027": 1273,
    "16924.875714285714": 1123,
    "22992.08380952381": 1108,
    "15720.746493506493": 1011,
    "25822.240086580092": 1001,
    "17026.1438961039": 988,
    "16138.86761904762": 974,
    "16060.50857142857": 915,
    "15836.856883116885": 809,
    "16884.108571428573": 803,
    "16946.57603896104": 800,
    "16997.21012987013": 785,
    "23841.130692640694": 776,
    "16937.91246753247": 669,
    "19595.896277056276": 654,
    "16099.688095238096": 642,
    "16569.84238095238": 585,
    "15459.498116883118": 574,
    "16127.132857142858": 572,
    "26388.27134199134": 556,
    "16001.739285714288": 549,
    "16275.995952380954": 529,
    "29501.44324675325": 528,
    "15778.80168831169": 484,
    "16040.050064935067": 477,
    "16881.475064935068": 470,
    "15884.200714285716": 463,
    "16968.276363636367": 455,
    "17018.61831168831": 444,
    "16900.249740259744": 438,
    "20727.95878787879": 437,
    "16178.047142857144": 435,
    "16975.575194805195": 417,
    "16948.67324675325": 411,
    "17047.84422077922": 379,
    "27803.349480519482": 379,
    "15633.663701298703": 363,
    "16648.20142857143": 353,
    "16693.481688311687": 326,
    "15982.149523809523": 312,
    "25256.20883116883": 301,
    "16916.39090909091": 299,
    "24690.177575757578": 298,
    "15866.378961038961": 295,
    "16491.483333333334": 289,
    "16475.464025974026": 278,
    "30067.4745021645": 277,
    "15401.442922077924": 275,
    "16911.010519480522": 257,
    "16217.226666666667": 256,
    "15952.967272727274": 240,
    "17105.711753246753": 234,
    "15962.559761904764": 223,
    "16256.406190476191": 221,
    "32897.63077922077": 217,
    "15649.12357142857": 209,
    "16455.028484848484": 200,
    "15845.021190476193": 189,
    "15903.790476190477": 188,
    "15372.415324675325": 183,
    "17011.677012987016": 177,
    "16216.130476190478": 174,
    "16158.457380952383": 172,
    "16080.098333333335": 168,
    "30350.490129870133": 164,
    "23009.67380952381": 162,
    "15111.166948051949": 155,
    "15747.072380952382": 152,
    "15923.38023809524": 152,
    "15324.259307359309": 144,
    "17007.857532467533": 144,
    "24973.19320346321": 144,
    "15966.307965367969": 142,
    "29218.427619047616": 134,
    "26983.086233766233": 130,
    "16141.183722943724": 125,
    "16889.488961038962": 124,
    "18463.83376623377": 121,
    "17072.42220779221": 119,
    "25847.825541125545": 116,
    "15731.634285714288": 113,
    "16991.716363636366": 109,
    "15791.43220779221": 107,
    "16939.3425974026": 105,
    "17170.81272727273": 105,
    "15591.5741991342": 100,
    "17023.9987012987": 99,
    "26105.255714285715": 97,
    "26415.45588744589": 97,
    "16803.40272727273": 96,
    "15916.343463203464": 95,
    "17002.477142857144": 89,
    "28086.36510822511": 87,
    "17040.61077922078": 86,
    "15786.251904761906": 83,
    "16749.6825974026": 82,
    "16628.611666666668": 81,
    "16197.636904761906": 78,
    "16698.834155844157": 76,
    "29537.422792207795": 75,
    "15488.525714285714": 70,
    "16119.277857142859": 70,
    "16819.543896103896": 70,
    "31482.55264069264": 70,
    "16943.29285714286": 66,
    "15807.829285714288": 65,
    "15641.538701298703": 61,
    "27237.318225108225": 61,
    "16315.175476190478": 58,
    "16615.87090909091": 57,
    "16841.065454545456": 57,
    "16921.7712987013": 57,
    "15825.43142857143": 55,
    "26671.28696969697": 54,
    "16040.918809523811": 53,
    "16066.236969696973": 51,
    "16910.408831168832": 48,
    "16975.509805194808": 48,
    "23861.11932900433": 48,
    "28935.411991341993": 48,
    "28369.380735930736": 47,
    "24712.56484848485": 46,
    "16588.190562770564": 44,
    "16798.02233766234": 42,
    "17004.443571428572": 40,
    "17084.01142857143": 40,
    "16932.53207792208": 38,
    "27834.531753246756": 37,
    "32943.20487012988": 36,
    "15566.59194805195": 32,
    "17045.52025974026": 32,
    "17178.04616883117": 32,
    "17069.544545454548": 31,
    "30105.05313852814": 31,
    "15766.662142857143": 30,
    "17091.24487012987": 30,
    "15341.75168831169": 28,
    "16590.864242424246": 28,
    "28652.396363636366": 28,
    "16808.783116883118": 27,
    "16927.15168831169": 27,
    "15923.939675324677": 26,
    "16076.336190476191": 26,
    "16615.846493506495": 26,
    "16838.07441558442": 26,
    "15546.580909090912": 25,
    "16980.955584415584": 24,
    "16953.80948051948": 23,
    "17112.945194805197": 22,
    "15864.610952380954": 21,
    "25539.224458874458": 21,
    "15543.615064935066": 20,
    "16964.814415584417": 20,
    "29253.60761904762": 20,
    "16415.988484848487": 18,
    "23275.099437229437": 18,
    "16011.02246753247": 17,
    "16565.881991341994": 17,
    "18746.8493939394": 16,
    "30388.86831168831": 16,
    "15666.520952380954": 15,
    "16986.335974025977": 15,
    "24124.146320346325": 15,
    "30916.521385281387": 15,
    "16669.395584415583": 14,
    "16674.748051948052": 14,
    "16690.805454545458": 14,
    "16696.157922077924": 14,
    "16706.86285714286": 14,
    "16997.096753246755": 14,
    "15716.485454545456": 12,
    "16954.05363636364": 12,
    "19603.891731601732": 12,
    "31199.537012987017": 12,
    "15941.325714285715": 11,
    "16041.25471861472": 11,
    "16515.91748917749": 11,
    "17013.237922077922": 10,
    "15741.467705627709": 9,
    "15942.970000000001": 9,
    "15386.932380952383": 8,
    "15466.662943722944": 8,
    "15766.449956709956": 7,
    "16728.272727272728": 7,
    "17034.759480519482": 7,
    "29784.458874458873": 7,
    "15841.396709956713": 6,
    "16016.27246753247": 6,
    "16894.86935064935": 6,
    "15691.718896103897": 5,
    "15794.307359307359": 5,
    "15991.290216450217": 5,
    "24144.934502164502": 5,
    "15512.27852813853": 4,
    "16905.630129870133": 4,
    "16366.023982683984": 3,
    "16809.14064935065": 3,
    "17040.13987012987": 3,
    "24996.38002164502": 3,
    "15513.669783549785": 2,
    "15891.361212121214": 2,
    "15919.653506493507": 2,
    "16021.329047619049": 2,
    "16664.04311688312": 2,
    "16932.10915584416": 2,
    "17055.077662337662": 2,
    "27520.333852813852": 2,
    "15491.645194805196": 1,
    "15691.503203463204": 1,
    "16091.219220779221": 1,
    "16266.09497835498": 1,
    "16851.826233766235": 1,
    "17067.04181818182": 1,
    "26131.640714285717": 1
  },
  "source": {
    "analyze": "dark",
    "fontface": "Consolas-Regular",
    "fontsize": 14,
    "language": "c",
    "theme": "Palenight"
  },
  "average": 16295.758318635235,
  "diff65": 150.70397413284977
}
