{
  "colors": {
    "#bfc7d5": 2954,
    "#c792ea": 1828,
    "#ffcb6b": 1085,
    "#82aaff": 930,
    "#89ddff": 511,
    "#697098": 283,
    "#f78c6c": 267,
    "#d9f5dd": 241,
    "#7986e7": 228,
    "#c3e88d": 115,
    "#ffeb95": 2
  },
  "cccts": {
    "10053.795": 1458,
    "73759.48": 1401,
    "9625.74": 1205,
    "1677.495": 959,
    "1118.33": 864,
    "1768.0827083333334": 862,
    "3857.635": 852,
    "6702.53": 805,
    "49172.986666666664": 750,
    "6417.16": 695,
    "92199.34999999999": 654,
    "31205.933846153843": 653,
    "4253.528653846154": 602,
    "4072.4284615384613": 599,
    "51221.86111111111": 596,
    "4822.043750000001": 585,
    "1451.6783653846153": 574,
    "6981.802083333333": 533,
    "34830.86555555555": 528,
    "63830.31923076923": 528,
    "43026.363333333335": 514,
    "1632.0763461538463": 499,
    "6143.985833333334": 485,
    "792.1504166666666": 484,
    "2571.7566666666667": 463,
    "3338.3379807692313": 463,
    "7819.618333333334": 455,
    "8700.188076923077": 444,
    "1607.3479166666668": 435,
    "1714.5044444444445": 435,
    "2250.2870833333336": 426,
    "2678.9131944444443": 413,
    "10427.884999999998": 409,
    "4545.488333333333": 385,
    "1164.9270833333333": 379,
    "10891.61125": 379,
    "709.709423076923": 377,
    "1821.6609722222222": 376,
    "79906.10333333332": 367,
    "1817.2862499999997": 363,
    "3134.3284375000003": 354,
    "2121.69925": 353,
    "5786.4525": 353,
    "4179.104583333334": 346,
    "45075.23777777778": 334,
    "6551.431875": 326,
    "6684.541666666666": 304,
    "30733.116666666665": 301,
    "32781.99111111111": 301,
    "2611.97": 286,
    "7486.6866666666665": 286,
    "2096.8687499999996": 278,
    "66667.22230769231": 277,
    "1516.1974038461537": 275,
    "57368.48444444444": 265,
    "2416.7776442307695": 262,
    "5615.015": 257,
    "8121.718124999999": 256,
    "3214.6958333333337": 254,
    "1304.7183333333332": 240,
    "9087.083942307692": 234,
    "3295.0632291666666": 223,
    "40425.86884615385": 217,
    "2114.2807211538466": 209,
    "1474.978088235294": 204,
    "1928.8175": 204,
    "2849.11375": 200,
    "5882.396666666667": 198,
    "1025.1358333333333": 195,
    "3486.7085576923077": 189,
    "17730.64423076923": 180,
    "4747.625416666667": 177,
    "1245.6946354166669": 172,
    "2812.858854166667": 168,
    "2357.4436111111113": 160,
    "919.3962980769231": 155,
    "1727.899010416667": 152,
    "3000.382777777778": 151,
    "1741.313333333333": 146,
    "548.2289583333334": 144,
    "8329.967307692308": 144,
    "5026.8975": 134,
    "2313.8798076923076": 131,
    "3429.008888888889": 131,
    "1491.1066666666666": 128,
    "31284.07403846154": 128,
    "73944.175": 125,
    "3689.867": 124,
    "40567.714": 121,
    "110639.22": 121,
    "5275.645961538462": 119,
    "927.3161057692308": 116,
    "1105.0642307692306": 116,
    "49296.11666666667": 115,
    "65563.98222222221": 114,
    "786.589375": 113,
    "62411.867692307686": 110,
    "2829.6341666666663": 105,
    "4640.213076923077": 105,
    "5413.581923076923": 105,
    "2360.819038461538": 100,
    "403.24399038461536": 98,
    "44563.01916666666": 98,
    "34918.08263888889": 97,
    "1813.8680555555554": 93,
    "1233.4302777777777": 91,
    "3264.1526923076926": 85,
    "2009.1848958333335": 83,
    "11646.99": 82,
    "59929.5775": 82,
    "8144.856923076923": 79,
    "63990.151442307695": 75,
    "1419.418846153846": 70,
    "12032.175": 70,
    "3331.9869230769227": 69,
    "61466.23333333333": 69,
    "2330.6544791666665": 68,
    "50709.642499999994": 66,
    "2732.4914583333334": 62,
    "2260.3586538461536": 59,
    "1304.7883088235296": 58,
    "1500.191388888889": 58,
    "2269.1970588235295": 58,
    "4180.970769230769": 57,
    "2696.0625": 55,
    "1523.6491666666666": 54,
    "1596.203888888889": 54,
    "53782.95416666666": 54,
    "580.6713461538461": 52,
    "2652.1240625": 49,
    "3877.034166666667": 49,
    "4049.4452083333335": 48,
    "33038.10041666667": 48,
    "56856.26583333333": 48,
    "63002.88916666666": 47,
    "8556.213333333333": 46,
    "29708.679444444442": 46,
    "57512.13611111111": 46,
    "1628.065": 44,
    "2973.5936458333335": 44,
    "14438.61": 42,
    "2031.5322222222221": 40,
    "6380.292980769231": 40,
    "8507.057307692308": 40,
    "1153.2778125": 38,
    "80106.18958333333": 37,
    "5529.5872500000005": 36,
    "40527.09591346154": 36,
    "1335.3351923076923": 35,
    "45188.10694444445": 34,
    "6108.6426923076915": 33,
    "6617.69625": 33,
    "5510.253028846155": 32,
    "627.8774038461538": 31,
    "5864.713750000001": 31,
    "46808.900769230764": 31,
    "66834.15817307692": 31,
    "2049.36859375": 30,
    "4712.71640625": 29,
    "1431.5604807692307": 28,
    "1446.613125": 28,
    "3108.3118750000003": 28,
    "52246.29833333333": 28,
    "1064.5641346153845": 27,
    "4010.725": 27,
    "4278.106666666667": 27,
    "4812.87": 27,
    "51350.12152777778": 27,
    "419.51433333333335": 26,
    "675.6577083333333": 26,
    "3917.955": 26,
    "6818.2325": 26,
    "7820.91375": 26,
    "12567.24375": 26,
    "978.53875": 25,
    "8021.45": 24,
    "33806.42833333333": 24,
    "7261.074166666666": 23,
    "25532.12769230769": 23,
    "2321.7511111111107": 22,
    "1848.4501041666667": 21,
    "2448.114519230769": 21,
    "17775.042067307695": 21,
    "62568.14807692308": 20,
    "1239.4741666666666": 19,
    "1305.985": 18,
    "24948.059411764705": 18,
    "43387.92941176471": 18,
    "1211.5241666666666": 17,
    "2786.0697222222225": 17,
    "65728.15555555555": 17,
    "23818.165416666667": 16,
    "1015.7661111111111": 15,
    "2210.128461538461": 15,
    "8221.98625": 15,
    "53270.735555555555": 15,
    "1866.5048076923076": 14,
    "3285.0484615384617": 14,
    "3666.645": 14,
    "4311.529375": 14,
    "5213.942499999999": 14,
    "5237.535": 14,
    "5607.8099999999995": 14,
    "6039.18": 14,
    "7764.66": 14,
    "8422.5225": 14,
    "38416.395833333336": 14,
    "40133.83470588235": 13,
    "904.1434615384615": 12,
    "4411.7975": 12,
    "7018.768749999999": 12,
    "39184.72375": 12,
    "92430.21875": 12,
    "3264.9624999999996": 11,
    "1553.769652777778": 10,
    "6216.623750000001": 10,
    "1795.729375": 9,
    "2099.0072794117646": 9,
    "2122.225625": 9,
    "2231.0577083333333": 9,
    "4612.33375": 9,
    "524.3929166666667": 8,
    "5815.5512499999995": 8,
    "2176.6416666666664": 7,
    "3019.59": 7,
    "3733.0096153846152": 7,
    "1052.0434722222221": 6,
    "1088.3208333333332": 6,
    "1160.8755555555554": 6,
    "4442.649230769231": 6,
    "5013.40625": 6,
    "7419.84125": 6,
    "35343.08416666667": 6,
    "738.9172916666668": 5,
    "912.754632352941": 5,
    "1578.0652083333332": 5,
    "3490.9010416666665": 5,
    "25596.06057692308": 5,
    "47636.33083333333": 5,
    "53404.12638888889": 5,
    "953.4416666666668": 4,
    "1436.5835": 4,
    "1850.1454166666667": 4,
    "2013.3935416666666": 4,
    "3743.3433333333332": 4,
    "5294.157": 4,
    "6951.923333333333": 4,
    "27659.805": 4,
    "843.4486458333333": 3,
    "5113.674375": 3,
    "15080.692500000001": 3,
    "29783.07048611111": 3,
    "643.5731250000001": 2,
    "1003.9979166666668": 2,
    "1224.3609374999999": 2,
    "1421.2189705882352": 2,
    "1526.9805208333335": 2,
    "1657.5963461538458": 2,
    "1686.8972916666667": 2,
    "1904.5614583333331": 2,
    "3400.5483088235296": 2,
    "3882.33": 2,
    "4627.759615384615": 2,
    "5913.99705882353": 2,
    "8936.706666666667": 2,
    "29196.46083333333": 2,
    "929.6056250000001": 1,
    "1131.8536666666666": 1,
    "1169.9448958333332": 1,
    "1255.7548076923076": 1,
    "2081.41359375": 1,
    "2089.552291666667": 1,
    "2203.8496874999996": 1,
    "3342.270833333333": 1,
    "5183.090769230769": 1,
    "5414.47875": 1,
    "8700.39951923077": 1,
    "9224.6675": 1,
    "10026.8125": 1,
    "46926.11105769231": 1,