{
  "colors": {
    "#bfc7d5": 5101,
    "#c792ea": 1828,
    "#ffcb6b": 1085,
    "#82aaff": 973,
    "#89ddff": 511,
    "#697098": 317,
    "#f78c6c": 267,
    "#d9f5dd": 241,
    "#7986e7": 228,
    "#c3e88d": 115,
    "#ffeb95": 2
  },
  "cccts": {
    "16765.74": 10526,
    "0.0": 6194,
    "17035.788484848486": 2088,
    "16966.60787878788": 1557,
    "27331.656767676766": 1461,
    "15682.04303030303": 1400,
    "29312.766161616164": 1310,
    "16262.936111111114": 1194,
    "17004.27060606061": 1103,
    "16034.388888888889": 1013,
    "15478.849848484851": 993,
    "16991.716363636366": 949,
    "28652.396363636366": 913,
    "15897.260555555556": 897,
    "16080.098333333335": 882,
    "15546.58090909091": 868,
    "15668.713333333335": 771,
    "17069.544545454548": 764,
    "26671.286969696972": 709,
    "17086.422575757577": 660,
    "21388.328585858588": 654,
    "15942.970000000001": 653,
    "32614.615151515154": 611,
    "16125.807777777778": 607,
    "25350.54737373738": 596,
    "16445.773888888893": 585,
    "15140.194545454546": 574,
    "17018.910454545457": 566,
    "16928.945151515156": 560,
    "15805.841666666669": 558,
    "16985.154393939396": 533,
    "16934.520303030302": 506,
    "20727.958787878786": 437,
    "16582.902222222227": 434,
    "16954.05363636364": 426,
    "16171.517222222223": 413,
    "17041.933333333334": 408,
    "31293.87555555555": 384,
    "15885.236212121215": 379,
    "15394.456666666669": 370,
    "15275.656666666668": 366,
    "15749.774090909094": 353,
    "16308.645555555557": 353,
    "16684.560909090913": 326,
    "26010.91717171717": 317,
    "15833.069292929295": 302,
    "24029.80777777778": 301,
    "15988.679444444446": 292,
    "16491.483333333334": 289,
    "16291.622575757578": 278,
    "15658.193535353537": 277,
    "17052.66651515152": 262,
    "27992.026565656564": 256,
    "36576.83393939394": 233,
    "16351.45797979798": 200,
    "27361.506464646467": 198,
    "17137.056666666667": 195,
    "16979.162121212124": 189,
    "15851.551111111112": 180,
    "15760.132222222222": 176,
    "15716.485454545455": 175,
    "30633.50575757576": 175,
    "17067.04181818182": 172,
    "15714.42277777778": 170,
    "28685.977272727272": 160,
    "14733.808181818184": 155,
    "15577.294444444446": 152,
    "14791.538181818185": 144,
    "16815.95696969697": 138,
    "19407.219191919194": 137,
    "29348.21267676768": 137,
    "31954.245353535352": 132,
    "16891.282424242425": 129,
    "15120.200000000003": 125,
    "17142.367272727275": 122,
    "23369.43797979798": 121,
    "15891.361212121215": 114,
    "26699.27106060606": 113,
    "16917.642272727273": 105,
    "17305.83696969697": 105,
    "15614.311969696972": 103,
    "15483.31777777778": 102,
    "15084.012525252527": 100,
    "24690.177575757578": 98,
    "16007.945050505054": 94,
    "17054.48757575758": 94,
    "17016.82484848485": 88,
    "17002.032424242425": 86,
    "16740.76181818182": 82,
    "34595.72454545455": 82,
    "32659.389696969698": 75,
    "15207.925606060608": 70,
    "16853.619696969698": 70,
    "16217.22666666667": 68,
    "15366.73393939394": 66,
    "17029.379090909093": 66,
    "29973.13595959596": 61,
    "16565.914545454547": 57,
    "16941.499393939393": 57,
    "40539.05272727273": 56,
    "16690.805454545454": 55,
    "16532.572323232325": 54,
    "16968.276363636363": 53,
    "15411.118787878788": 52,
    "15774.777373737375": 48,
    "33935.35474747475": 48,
    "15531.585000000003": 44,
    "16610.384242424243": 44,
    "16841.065454545453": 43,
    "17153.9346969697": 40,
    "15343.38772727273": 38,
    "36632.802121212124": 36,
    "17272.080909090913": 32,
    "31334.91888888889": 31,
    "15485.875555555558": 30,
    "15623.003888888892": 30,
    "15541.609696969701": 29,
    "16903.836666666666": 29,
    "17221.446818181823": 29,
    "16653.33818181818": 28,
    "16665.827272727274": 28,
    "15016.982424242427": 27,
    "16803.40272727273": 27,
    "25374.800252525252": 27,
    "15961.435555555558": 26,
    "16883.88621212121": 26,
    "28023.741868686873": 21,
    "31997.154292929295": 20,
    "15595.842626262627": 19,
    "16415.988484848487": 18,
    "16590.864242424243": 17,
    "17104.704545454548": 16,
    "33274.98494949495": 16,
    "15425.025858585861": 15,
    "15230.249696969699": 14,
    "15599.901616161616": 14,
    "16647.09363636364": 14,
    "16659.58272727273": 14,
    "16866.17393939394": 14,
    "17092.150303030303": 14,
    "17129.81303030303": 14,
    "35256.09434343434": 13,
    "21401.38782828283": 12,
    "16357.696565656568": 11,
    "15949.653131313133": 10,
    "17217.69272727273": 10,
    "16678.316363636364": 9,
    "16916.39090909091": 9,
    "17079.59606060606": 9,
    "14718.419595959596": 8,
    "15191.858181818185": 7,
    "16182.820808080809": 7,
    "16728.272727272728": 7,
    "16066.236969696969": 6,
    "16124.52888888889": 6,
    "16878.728181818184": 6,
    "14667.23090909091": 5,
    "30010.448080808084": 5,
    "15010.893939393942": 4,
    "17117.25878787879": 4,
    "15522.724040404042": 3,
    "16833.252121212125": 3,
    "15050.948181818185": 2,
    "15157.131111111114": 2,
    "15303.368282828285": 2,
    "15308.442020202023": 2,
    "15075.274343434343": 1,
    "15133.566262626264": 1,
    "15250.150101010102": 1,
    "15440.166111111112": 1,
    "17167.475757575758": 1,
    "17170.81272727273": 1
  },
  "source": {
    "analyze": "dark",
    "fontface": "Consolas-Regular",
    "fontsize": 14,
    "language": "c",
    "theme": "Palenight"
  },
  "average_cct": 16618.653937764746,
  "average_cct_without_background": 4544.454861794768,
  "diff65": 155.67159904253455,
  "background_cct": 16765.74
}
