{
  "colors": {
    "#bfc7d5": 5101,
    "#c792ea": 1828,
    "#ffcb6b": 1085,
    "#82aaff": 973,
    "#89ddff": 511,
    "#697098": 317,
    "#f78c6c": 267,
    "#d9f5dd": 241,
    "#7986e7": 228,
    "#c3e88d": 115,
    "#ffeb95": 2
  },
  "cccts": {
    "16765.74": 10526,
    "0.0": 6194,
    "44784.287142857145": 1401,
    "17298.39857142857": 1204,
    "17481.850714285712": 988,
    "13892.007857142858": 959,
    "15876.854553571431": 862,
    "14826.353571428574": 852,
    "17243.147142857142": 783,
    "35444.771428571425": 750,
    "17120.845714285715": 695,
    "14849.918571428572": 681,
    "57626.12125": 654,
    "28364.81596774193": 653,
    "17062.194435483874": 602,
    "16986.249193548385": 599,
    "36223.064404761906": 596,
    "13937.468125000001": 585,
    "14332.337782258064": 574,
    "17263.03910714286": 533,
    "29996.720595238097": 528,
    "40491.12266129032": 528,
    "33109.8925": 504,
    "15962.875725806452": 499,
    "17203.363214285713": 485,
    "15408.699821428574": 484,
    "17508.373333333337": 470,
    "15123.517620967743": 463,
    "15472.815714285714": 463,
    "17322.715": 455,
    "17236.827822580646": 444,
    "15903.790476190477": 435,
    "15957.662321428572": 435,
    "15634.431250000003": 417,
    "15418.94386904762": 413,
    "17342.78678571429": 409,
    "17017.273214285717": 385,
    "14770.092678571431": 379,
    "17541.52660714286": 379,
    "15576.076693548388": 377,
    "15849.918630952381": 376,
    "13652.530178571431": 363,
    "15189.988526785717": 354,
    "13371.813750000001": 353,
    "15728.706979166667": 353,
    "14664.738035714287": 346,
    "33888.185476190476": 334,
    "16546.112763157897": 326,
    "17135.641785714288": 304,
    "28440.134642857145": 301,
    "29218.42761904762": 301,
    "47119.166071428575": 297,
    "17180.03": 286,
    "14292.497142857143": 283,
    "12574.880625000002": 278,
    "41545.58411290323": 277,
    "14224.186572580646": 275,
    "38557.943333333336": 265,
    "16934.180020161293": 262,
    "17076.4575": 257,
    "17207.285921052633": 256,
    "15149.584642857142": 254,
    "14530.615000000002": 240,
    "17399.074475806454": 234,
    "15109.180758928573": 223,
    "31791.815685483867": 217,
    "15725.665826612903": 209,
    "15804.127562500002": 204,
    "16030.3893125": 204,
    "14772.007777777779": 200,
    "17091.253571428573": 198,
    "15009.570357142857": 195,
    "15050.52995967742": 189,
    "14849.91857142857": 183,
    "23356.124072580646": 180,
    "17103.903392857144": 177,
    "16139.479799107145": 172,
    "15351.604062500002": 168,
    "15580.559404761905": 160,
    "15224.585262096774": 155,
    "15897.056495535715": 152,
    "15257.328333333335": 151,
    "15116.91142857143": 146,
    "15279.213035714287": 144,
    "17216.781532258065": 144,
    "15041.840952380953": 131,
    "16891.02931451613": 131,
    "14211.311428571431": 128,
    "28397.584435483874": 128,
    "44863.44214285715": 125,
    "16969.925785714287": 124,
    "31747.879791666666": 121,
    "65798.19750000001": 121,
    "17051.399637096776": 119,
    "15741.870645161292": 116,
    "16309.567116935486": 116,
    "41671.11523809523": 114,
    "14632.896964285716": 113,
    "39963.891935483865": 110,
    "17089.14483870968": 105,
    "17143.04564516129": 105,
    "14578.382741935486": 100,
    "35497.54142857143": 99,
    "14086.393571428574": 98,
    "16089.79493951613": 98,
    "33693.61223214286": 98,
    "30034.099345238097": 97,
    "15048.21023809524": 93,
    "15597.819761904762": 91,
    "17118.490833333333": 86,
    "15160.011451612905": 85,
    "15755.642901785715": 83,
    "16302.0825": 82,
    "39530.80955357143": 82,
    "17206.758387096776": 79,
    "40558.14907258065": 75,
    "14386.413387096776": 70,
    "17542.533750000002": 70,
    "47119.16607142857": 70,
    "16946.156612903225": 69,
    "40114.52928571428": 69,
    "15594.02736607143": 68,
    "36028.491160714286": 66,
    "15392.007946428572": 62,
    "14671.461774193549": 59,
    "15634.43125": 58,
    "16011.534166666668": 58,
    "16115.237468750001": 58,
    "16626.14419354839": 57,
    "16673.744464285715": 55,
    "15254.31380952381": 54,
    "37195.930625": 54,
    "15792.379112903225": 52,
    "15432.411830357145": 49,
    "16980.28303571429": 49,
    "17054.17348214286": 48,
    "17113.849375": 48,
    "29315.71424107143": 48,
    "38363.370089285716": 48,
    "40698.24901785714": 47,
    "17239.214285714286": 46,
    "28050.988154761904": 46,
    "38619.50833333334": 46,
    "15270.796294642858": 44,
    "15626.464444444448": 44,
    "15323.015000000001": 42,
    "17697.8925": 42,
    "14842.106666666667": 40,
    "17210.421653225807": 40,
    "17358.648870967743": 40,
    "14790.049151785715": 38,
    "47204.91732142858": 37,
    "17148.6603125": 36,
    "31834.265745967747": 36,
    "16108.851048387098": 35,
    "33936.55797619048": 34,
    "17096.503790322582": 33,
    "17131.942767857145": 33,
    "17149.78324596774": 32,
    "16183.996048387098": 31,
    "17183.471250000002": 31,
    "34164.35395161291": 31,
    "41615.58947580646": 31,
    "15735.44095982143": 30,
    "17101.41689732143": 29,
    "15439.36379032258": 28,
    "16038.470089285716": 28,
    "16937.744330357145": 28,
    "33109.892499999994": 28,
    "36612.21089285715": 28,
    "14981.245040322583": 27,
    "16987.681071428575": 27,
    "17002.477142857148": 27,
    "17041.933333333334": 27,
    "36278.033154761906": 27,
    "12437.565000000002": 26,
    "15608.264553571431": 26,
    "15628.223714285716": 26,
    "17143.03982142857": 26,
    "17198.525089285715": 26,
    "17810.068125": 26,
    "15089.396250000002": 25,
    "17209.622142857144": 24,
    "29607.574107142857": 24,
    "17282.93107142857": 23,
    "26255.89306451613": 23,
    "14567.301904761905": 22,
    "17243.147142857146": 22,
    "15561.44358870968": 21,
    "15836.450669642858": 21,
    "23374.742520161293": 21,
    "40029.42887096775": 20,
    "13404.896428571432": 19,
    "26163.627687499997": 18,
    "14690.266785714288": 17,
    "15365.072023809524": 17,
    "15483.31777777778": 17,
    "41741.475238095234": 17,
    "25813.395848214284": 16,
    "35497.541428571436": 16,
    "14718.001290322582": 15,
    "15803.923333333336": 15,
    "17220.719196428574": 15,
    "37001.35738095238": 15,
    "16500.792857142857": 14,
    "16559.670000000002": 14,
    "16574.389285714286": 14,
    "16640.62607142857": 14,
    "16656.057580645163": 14,
    "16703.420443548388": 14,
    "17004.326651785716": 14,
    "17053.153687500002": 14,
    "17054.263392857145": 14,
    "17249.078333333335": 14,
    "31358.73330357143": 14,
    "31884.081062500005": 13,
    "15323.015000000003": 12,
    "15928.02870967742": 12,
    "17009.87517857143": 12,
    "17154.136875": 12,
    "31650.593169642856": 12,
    "57741.555625": 12,
    "13158.927500000002": 11,
    "15984.598244047622": 10,
    "17109.748660714286": 10,
    "14653.178392857144": 9,
    "14756.230178571432": 9,
    "15065.385535714287": 9,
    "15634.431250000001": 9,
    "15719.279406250003": 9,
    "17020.97223214286": 9,
    "15343.844642857146": 8,
    "17087.55455357143": 8,
    "14086.393571428573": 7,
    "14704.704285714286": 7,
    "16641.100887096774": 7,
    "16662.705": 7,
    "15666.520952380955": 6,
    "15735.222142857145": 6,
    "15769.57273809524": 6,
    "17006.29548387097": 6,
    "17043.166339285715": 6,
    "17176.33098214286": 6,
    "30191.293839285714": 6,
    "14762.16017857143": 5,
    "15215.122031250003": 5,
    "15271.489107142857": 5,
    "17014.38955357143": 5,
    "26282.703629032258": 5,
    "34861.05169642857": 5,
    "37058.52488095238": 5,
    "14180.475714285714": 4,
    "14859.281964285716": 4,
    "15013.859642857144": 4,
    "15443.242083333336": 4,
    "16972.885000000002": 4,
    "17050.564375": 4,
    "17150.437857142857": 4,
    "27272.69517857143": 4,
    "14200.895555555557": 3,
    "15967.088660714287": 3,
    "17048.714866071427": 3,