{
  "colors": {
    "#236ebf": 5616,
    "#7b30d0": 1161,
    "#0991b6": 1154,
    "#2f86d2": 1070,
    "#b1108e": 649,
    "#174781": 243,
    "#d86db6": 241,
    "#357b42": 223,
    "#a44185": 115,
    "#2970c7": 81,
    "#dc3eb7": 15
  },
  "cccts": {
    "6503.44": 10526,
    "0.0": 6194,
    "15055.786666666665": 2088,
    "6501.362424242423": 1557,
    "14356.231666666667": 1495,
    "17925.682424242426": 1450,
    "17874.63676767677": 1367,
    "6116.787878787877": 1220,
    "20067.35287878788": 1201,
    "6044.2906060606065": 1143,
    "17211.792272727274": 1108,
    "6500.9728787878785": 1103,
    "19353.462727272727": 967,
    "20006.73616161616": 964,
    "23636.80363636364": 957,
    "6501.102727272727": 949,
    "16497.902121212122": 922,
    "19296.036363636365": 853,
    "16124.83": 764,
    "6068.456363636363": 743,
    "10786.78090909091": 726,
    "11500.67106060606": 664,
    "16659.351666666666": 660,
    "21495.133181818182": 649,
    "6140.953636363637": 595,
    "6334.279696969697": 587,
    "23560.23515151515": 574,
    "9359.000606060605": 571,
    "14521.265": 566,
    "6501.751969696969": 560,
    "13452.221666666665": 533,
    "15784.01196969697": 527,
    "6189.2851515151515": 509,
    "13649.061212121213": 506,
    "5923.461818181817": 498,
    "13642.341515151516": 474,
    "27920.144545454546": 451,
    "6501.492272727272": 426,
    "6500.583333333333": 408,
    "18639.572575757575": 394,
    "15742.537373737374": 366,
    "22138.835555555554": 350,
    "5971.793333333332": 348,
    "17163.93696969697": 339,
    "15792.747575757574": 326,
    "6174.507474747474": 302,
    "6112.832626262627": 277,
    "11478.338585858586": 263,
    "15590.308333333332": 262,
    "22922.913484848486": 252,
    "22209.023333333334": 234,
    "20781.243030303027": 203,
    "6368.969292929292": 200,
    "18262.916666666668": 195,
    "6501.2325757575745": 189,
    "25064.58393939394": 189,
    "5778.467272727273": 188,
    "6092.622121212121": 175,
    "6133.390909090908": 175,
    "6500.323636363635": 172,
    "29369.427878787876": 162,
    "32203.485454545455": 143,
    "27824.43393939394": 142,
    "25787.74": 141,
    "6502.920606060605": 138,
    "6502.141515151515": 129,
    "6499.544545454544": 122,
    "6195.065757575758": 114,
    "15078.185454545453": 108,
    "12934.49909090909": 105,
    "6051.1577777777775": 102,
    "22930.80666666667": 100,
    "18585.336565656566": 99,
    "16507.309696969696": 95,
    "6236.182323232322": 94,
    "6500.4534848484855": 94,
    "15070.121818181819": 90,
    "6500.84303030303": 88,
    "9361.688484848484": 85,
    "5995.95909090909": 82,
    "5947.627575757576": 70,
    "6502.531060606061": 70,
    "22849.535353535353": 70,
    "6010.041212121212": 66,
    "6500.7131818181815": 66,
    "25789.425454545457": 63,
    "15074.98909090909": 58,
    "6501.622121212121": 57,
    "6421.206868686869": 54,
    "20717.435959595958": 52,
    "6153.949191919191": 48,
    "25778.47409090909": 45,
    "6453.013484848484": 44,
    "6020.1248484848475": 43,
    "6502.660909090909": 43,
    "18797.438333333335": 40,
    "26492.364242424243": 39,
    "21428.135757575757": 38,
    "6144.0202020202005": 33,
    "22539.09": 32,
    "20935.525": 31,
    "24350.693787878787": 31,
    "6071.71606060606": 29,
    "6076.62898989899": 29,
    "6502.011666666667": 29,
    "32218.087272727273": 29,
    "17936.43393939394": 28,
    "19365.558181818178": 28,
    "5886.691515151515": 27,
    "6503.050454545453": 27,
    "10245.091666666665": 26,
    "14360.693333333335": 26,
    "5850.964545454545": 21,
    "17932.172121212123": 21,
    "6213.450909090908": 18,
    "6380.0903030303025": 18,
    "6441.76515151515": 17,
    "6009.237777777777": 16,
    "6499.934090909091": 16,
    "19360.763636363637": 16,
    "5899.29606060606": 15,
    "6030.599494949494": 15,
    "6099.092727272727": 15,
    "6346.193838383839": 15,
    "6092.274343434343": 14,
    "6166.48393939394": 14,
    "6499.674393939393": 14,
    "6500.063939393939": 14,
    "6502.401212121212": 14,
    "18650.99606060606": 14,
    "20080.1203030303": 14,
    "21502.34": 14,
    "5829.527878787879": 13,
    "6211.411414141414": 13,
    "5875.1303030303025": 11,
    "6359.53202020202": 11,
    "6215.624040404041": 10,
    "6498.765454545455": 10,
    "5633.472727272728": 9,
    "6500.193787878788": 9,
    "6501.881818181818": 9,
    "22217.946666666663": 9,
    "26501.973333333335": 8,
    "5948.3663636363635": 7,
    "6297.857171717172": 7,
    "10790.812727272727": 7,
    "6256.740606060605": 6,
    "6277.2988888888885": 6,
    "6502.271363636363": 6,
    "5763.341818181818": 5,
    "5826.798787878789": 4,
    "6121.5564646464645": 4,
    "6499.804242424242": 4,
    "23645.04": 4,
    "18645.40666666667": 3,
    "5989.482929292929": 2,
    "6165.119393939393": 2,
    "20788.106666666667": 2,
    "21503.65090909091": 2,
    "22216.57333333333": 2,
    "23646.53818181818": 2,
    "5907.249797979798": 1,
    "5927.80808080808": 1,
    "5968.924646464646": 1,
    "6499.284848484848": 1,
    "17217.876363636362": 1,
    "19331.96": 1,
    "27206.25439393939": 1
  },
  "source": {
    "analyze": "light",
    "fontface": "Consolas-Regular",
    "fontsize": 14,
    "language": "c",
    "theme": "Winter is Coming"
  },
  "average_cct": 10862.131790926796,
  "average_cct_without_background": 7334.117825455205,
  "diff65": 67.10971986041226,
  "background_cct": 6503.44
}
