{
  "colors": {
    "#236ebf": 5616,
    "#7b30d0": 1161,
    "#0991b6": 1154,
    "#2f86d2": 1070,
    "#b1108e": 649,
    "#174781": 243,
    "#d86db6": 241,
    "#357b42": 223,
    "#a44185": 115,
    "#2970c7": 81,
    "#dc3eb7": 15
  },
  "cccts": {
    "6503.44": 10526,
    "0.0": 6194,
    "6497.930714285713": 1204,
    "5478.121428571428": 1199,
    "36792.779285714285": 1177,
    "29182.43071428571": 988,
    "36657.41714285714": 932,
    "24172.221250000002": 889,
    "20386.053839285716": 874,
    "26606.09142857143": 821,
    "21622.76714285714": 805,
    "19123.998035714285": 736,
    "19965.36857142857": 736,
    "19042.57508064516": 732,
    "6499.767142857142": 695,
    "50675.393124999995": 664,
    "5819.894285714286": 662,
    "15892.054435483871": 602,
    "6501.159274193548": 599,
    "32151.670846774192": 596,
    "5008.18375": 587,
    "20806.739107142857": 587,
    "26696.33285714286": 584,
    "32037.049677419356": 574,
    "6078.980161290322": 547,
    "22252.739107142857": 533,
    "27537.703392857144": 527,
    "5791.413214285714": 509,
    "20362.823214285712": 485,
    "20742.818095238094": 481,
    "22699.822812500002": 474,
    "59509.78375": 474,
    "37944.17333333333": 470,
    "5635.226693548386": 468,
    "24142.655": 455,
    "6498.5675403225805": 444,
    "6019.261785714286": 414,
    "31113.52816964286": 407,
    "6497.4716071428575": 391,
    "6500.838392857142": 385,
    "31072.346607142856": 379,
    "18986.538064516128": 375,
    "27443.701904761903": 366,
    "39170.24857142857": 361,
    "31635.341973684208": 326,
    "5876.856428571428": 304,
    "6499.6141071428565": 304,
    "31744.55607142857": 297,
    "5392.678214285714": 288,
    "6499.155000000001": 286,
    "5631.181428571428": 283,
    "22747.319536290324": 269,
    "39316.89089285714": 264,
    "50477.99": 263,
    "11837.88002016129": 262,
    "33171.876774193544": 261,
    "6500.22625": 257,
    "6498.873092105263": 256,
    "32375.58397321429": 254,
    "5596.63943548387": 253,
    "29956.533333333333": 240,
    "33291.592217741934": 235,
    "26560.93447580645": 234,
    "30061.815": 226,
    "25013.591785714285": 224,
    "5705.969999999999": 220,
    "17988.1478125": 204,
    "21521.904062499998": 204,
    "5856.299722222222": 200,
    "6500.073214285714": 198,
    "28589.416562500002": 194,
    "20070.539888392854": 189,
    "16284.37247767857": 186,
    "24930.870476190477": 181,
    "13627.948568548387": 177,
    "17212.963392857142": 177,
    "39316.89089285715": 169,
    "5953.571572580644": 164,
    "22477.360967741934": 162,
    "31581.710161290324": 159,
    "33427.29714285714": 156,
    "5921.934285714286": 146,
    "6498.774879032258": 144,
    "22674.726129032257": 142,
    "21024.05875": 141,
    "6262.269637096773": 140,
    "6502.144133064516": 131,
    "33306.975238095234": 126,
    "6501.328107142856": 124,
    "6500.485423387096": 119,
    "6142.34370967742": 116,
    "27337.37125": 113,
    "5592.045714285714": 106,
    "20195.372258064515": 105,
    "5732.007016129032": 100,
    "5558.493214285713": 98,
    "13596.10935483871": 94,
    "5897.70488095238": 93,
    "6091.540119047619": 91,
    "22279.137544642854": 91,
    "24172.22125": 90,
    "24803.249151785712": 90,
    "21437.78833333333": 88,
    "59559.6775": 85,
    "26696.332857142857": 82,
    "6498.878548387096": 79,
    "27958.388660714285": 78,
    "16662.98921875": 76,
    "6495.405624999999": 70,
    "31469.636129032257": 70,
    "6501.573951612902": 69,
    "27327.360758928575": 63,
    "17030.47125": 60,
    "5764.833951612903": 59,
    "18282.6275": 58,
    "24813.64642857143": 58,
    "5654.520322580645": 56,
    "5970.393095238095": 54,
    "5994.6224999999995": 54,
    "16716.883870967744": 52,
    "5798.533482142857": 50,
    "6501.220982142857": 49,
    "15638.033482142857": 48,
    "21241.28375": 48,
    "39335.53428571428": 48,
    "6498.5428571428565": 46,
    "29851.47236607143": 45,
    "6133.645555555555": 44,
    "6493.79875": 42,
    "5825.016666666666": 40,
    "20586.361653225806": 40,
    "25280.66887096774": 40,
    "16762.732338709677": 39,
    "22594.651495535716": 39,
    "18703.312767857144": 38,
    "27234.299285714285": 38,
    "22715.068125": 36,
    "6499.652366071429": 33,
    "6500.018911290323": 33,
    "19732.85125": 33,
    "18665.96324596774": 32,
    "6298.271653225806": 31,
    "17861.942232142854": 30,
    "5670.368660714285": 29,
    "5868.037142857143": 29,
    "17134.21689732143": 29,
    "22756.54870967742": 29,
    "28379.07392857143": 29,
    "29864.73785714286": 29,
    "5755.811874999999": 28,
    "6035.656169354837": 28,
    "6501.660959821428": 28,
    "5550.335714285714": 27,
    "6500.583333333333": 27,
    "6500.991428571428": 27,
    "6501.144464285714": 27,
    "25228.08709677419": 27,
    "25312.14262096774": 27,
    "4976.987499999999": 26,
    "5649.007857142858": 26,
    "5866.750241935483": 26,
    "6498.963705357142": 26,
    "6499.537589285714": 26,
    "17615.84114285714": 26,
    "18648.791904761903": 26,
    "39576.968125": 26,
    "24093.26": 25,
    "6156.154677419354": 24,
    "6498.848928571429": 24,
    "5905.3375": 23,
    "21017.08174107143": 23,
    "22882.71107142857": 23,
    "5728.099047619047": 22,
    "6090.464464285714": 21,
    "5713.090267857143": 18,
    "5883.976696428571": 18,
    "6497.471607142857": 18,
    "6051.1577777777775": 17,
    "28281.312380952382": 17,
    "5627.647053571428": 16,
    "30075.199999999997": 16,
    "5113.49625": 15,
    "5781.247419354839": 15,
    "6164.228333333333": 15,
    "6498.734151785714": 15,
    "22847.06265625": 15,
    "5660.5063709677415": 14,
    "5868.0371428571425": 14,
    "5905.337500000001": 14,
    "5920.987380952381": 14,
    "6498.440833333333": 14,
    "6500.455803571428": 14,
    "6500.467281249999": 14,
    "6500.972299107142": 14,
    "13634.654717741936": 14,
    "19054.377903225806": 14,
    "20820.2025": 14,
    "28399.664999999997": 14,
    "30083.989999999998": 14,
    "36821.29": 14,
    "5841.562023809523": 13,
    "5992.29939516129": 13,
    "5777.172678571428": 12,
    "6033.50232142857": 12,
    "6207.997580645161": 12,
    "6499.4228125": 12,
    "6500.914910714286": 12,
    "5231.39625": 11,
    "6044.182723214285": 11,
    "6499.881919642857": 10,
    "5758.385803571428": 9,
    "5794.729910714285": 9,
    "5903.762232142857": 9,
    "6500.800133928571": 9,
    "33306.812258064514": 9,
    "5762.932142857143": 8,
    "6500.111473214284": 8,
    "20392.7275": 8,
    "5558.493214285714": 7,
    "5776.557857142857": 7,
    "5950.1951874999995": 7,
    "18293.714999999997": 7,
    "20765.86943548387": 7,
    "5969.419910714285": 6,
    "6115.769523809523": 6,
    "6139.998928571428": 6,
    "6152.113630952381": 6,
    "6499.193258928572": 6,
    "6500.570580357142": 6,
    "6500.95193548387": 6,
    "5976.450446428571": 5,
    "21025.327857142856": 5,
    "22774.0235": 5,
    "26074.70875": 5,
    "5831.074017857143": 4,
    "5885.590178571429": 4,
    "6037.023958333334": 4,
    "6279.255524193548": 4,
    "6499.461071428571": 4,
    "6500.494062500001": 4,
    "6501.2975": 4,
    "31756.690000000002": 4,
    "5598.875555555555": 3,
    "5958.739508928571": 3,
    "6053.362976190476": 3,
    "6221.773169642857": 3,
    "6500.513191964285": 3,
    "26065.30495535714": 3,
    "5470.910357142857": 2,
    "5656.23619047619": 2,
    "5841.255089285713": 2,
    "5867.418124999999": 2,
    "5940.106339285713": 2,
    "5961.795564516128": 2,
    "6012.141517857142": 2,
    "6032.7838125": 2,
    "6094.568794642857": 2,
    "6097.584732142857": 2,
    "6108.875322580645": 2,
    "6118.945535714285": 2,
    "6172.347544642857": 2,
    "6500.848266129032": 2,
    "14110.35146875": 2,
    "17370.456383928573": 2,
    "18492.97013392857": 2,
    "23549.38375": 2,
    "26662.542857142857": 2,
    "27339.192142857144": 2,
    "32166.243225806455": 2,
    "36809.98857142857": 2,
    "5435.39982142857": 1,