{
  "colors": {
    "#236ebf": 5616,
    "#7b30d0": 1161,
    "#0991b6": 1154,
    "#2f86d2": 1070,
    "#b1108e": 649,
    "#174781": 243,
    "#d86db6": 241,
    "#357b42": 223,
    "#a44185": 115,
    "#2970c7": 81,
    "#dc3eb7": 15
  },
  "cccts": {
    "6503.44": 10526,
    "0.0": 6194,
    "13234.404285714285": 2189,
    "16293.933506493506": 1476,
    "6501.436623376623": 1273,
    "17517.745194805193": 1246,
    "6130.596883116883": 1225,
    "11543.215714285714": 1087,
    "14750.345714285713": 988,
    "17468.522597402596": 984,
    "16905.83935064935": 869,
    "6275.591428571428": 851,
    "6502.215714285713": 803,
    "12230.457857142856": 795,
    "13834.022857142856": 785,
    "16250.180086580085": 778,
    "15682.027662337661": 736,
    "10786.780909090907": 726,
    "14152.26305194805": 704,
    "18435.60396103896": 671,
    "6501.65922077922": 669,
    "9562.96922077922": 664,
    "6244.521168831168": 649,
    "6172.023896103895": 615,
    "20271.321493506493": 596,
    "6399.872467532467": 587,
    "20209.79324675325": 574,
    "13204.323809523808": 556,
    "16859.351341991343": 481,
    "8339.157532467532": 474,
    "11403.294545454546": 470,
    "6037.386103896104": 468,
    "14118.080692640691": 460,
    "12917.7": 455,
    "6500.82448051948": 444,
    "6502.0487662337655": 438,
    "6151.310389610389": 426,
    "6501.269675324675": 417,
    "6501.547922077922": 411,
    "15437.587857142857": 379,
    "18741.556883116882": 373,
    "18382.27948051948": 361,
    "15070.121818181819": 350,
    "14771.944545454544": 326,
    "6501.881818181818": 299,
    "6186.255064935064": 295,
    "6099.526623376623": 294,
    "19965.368571428575": 274,
    "23942.756558441557": 269,
    "9549.296277056277": 263,
    "20818.9645021645": 261,
    "6501.937467532467": 257,
    "19047.509805194804": 254,
    "6016.672597402597": 253,
    "15031.837575757576": 240,
    "20883.227337662338": 235,
    "6213.450909090909": 234,
    "17270.23357142857": 234,
    "14458.215974025972": 233,
    "6402.586969696969": 200,
    "17211.792272727274": 194,
    "15987.980584415584": 189,
    "19659.41564935065": 189,
    "14292.184285714286": 177,
    "6309.60476190476": 174,
    "22412.991948051946": 170,
    "21123.55012987013": 169,
    "5913.105064935064": 164,
    "23652.930909090905": 162,
    "6006.315844155843": 153,
    "6500.935779220779": 144,
    "6221.497835497835": 142,
    "23864.820779220776": 142,
    "20584.04": 141,
    "15376.074740259739": 128,
    "6283.172683982683": 125,
    "6502.160064935064": 124,
    "6500.267987012986": 119,
    "16604.739999999998": 113,
    "6501.102727272727": 109,
    "6159.822987012986": 107,
    "13853.221818181817": 105,
    "6089.337445887445": 100,
    "6500.768831168831": 99,
    "8645.110454545455": 97,
    "6503.050454545453": 96,
    "6203.87645021645": 95,
    "21801.0861038961": 91,
    "16599.88642857143": 90,
    "6500.9914285714285": 89,
    "18140.594545454544": 88,
    "8340.885454545454": 85,
    "21189.180259740257": 82,
    "14159.462727272727": 81,
    "6161.667142857143": 76,
    "13540.357207792207": 76,
    "6502.883506493506": 70,
    "19905.20761904762": 70,
    "6047.742857142856": 68,
    "6501.603571428571": 66,
    "16554.765714285713": 65,
    "6106.958831168831": 61,
    "17823.69811688312": 60,
    "15381.115844155844": 58,
    "6501.826168831169": 57,
    "6502.660909090909": 57,
    "6256.740606060606": 51,
    "13240.739999999998": 50,
    "12628.25818181818": 48,
    "13146.780714285713": 48,
    "6445.809696969696": 44,
    "6503.106103896103": 42,
    "14063.10357142857": 40,
    "16582.99142857143": 40,
    "6203.0941558441555": 39,
    "22107.039025974027": 39,
    "6501.714870129869": 38,
    "6080.526753246753": 32,
    "6500.546233766234": 32,
    "19561.04071428571": 32,
    "6195.365887445886": 31,
    "16124.83": 31,
    "16812.07214285714": 30,
    "17830.12987012987": 29,
    "22422.03116883117": 29,
    "23952.664935064935": 29,
    "6001.2305194805185": 28,
    "6140.953636363636": 28,
    "6441.76515151515": 28,
    "6156.856623376623": 27,
    "6501.7705194805185": 27,
    "6502.994805194804": 27,
    "13238.22857142857": 27,
    "6089.169870129869": 26,
    "6450.575844155843": 26,
    "8794.247142857143": 26,
    "15336.423203463202": 26,
    "6120.24012987013": 25,
    "19296.036363636365": 25,
    "6501.214025974025": 24,
    "5964.888831168831": 23,
    "6068.456363636364": 23,
    "12459.538571428571": 23,
    "20577.27441558442": 23,
    "17499.314285714285": 22,
    "6501.380974025974": 20,
    "18442.383376623377": 19,
    "6380.0903030303025": 18,
    "6262.757099567099": 17,
    "6432.954458874458": 17,
    "14422.66632034632": 17,
    "6078.813116883116": 16,
    "6291.639047619047": 16,
    "15074.98909090909": 16,
    "6115.769523809524": 15,
    "6407.16683982684": 15,
    "6501.158376623376": 15,
    "6041.32883116883": 14,
    "6050.956147186147": 14,
    "6501.047077922078": 14,
    "14465.703636363636": 14,
    "15078.185454545453": 14,
    "16915.63090909091": 14,
    "17528.112727272728": 14,
    "19353.46272727273": 14,
    "5954.682987012986": 13,
    "6133.390909090908": 12,
    "6501.492272727272": 12,
    "6058.0996103896105": 11,
    "6212.687142857143": 11,
    "6247.929913419914": 11,
    "6415.333073593073": 11,
    "6500.88012987013": 10,
    "6142.201601731601": 9,
    "20891.397402597402": 9,
    "6045.283982683982": 8,
    "6234.164415584415": 8,
    "19971.84": 8,
    "5985.602337662337": 7,
    "6151.012294372294": 7,
    "6500.657532467532": 7,
    "10790.812727272727": 7,
    "6177.4443722943715": 6,
    "6239.11922077922": 6,
    "6502.104415584415": 6,
    "6230.308528138527": 5,
    "15992.54": 5,
    "17773.108225108226": 5,
    "20585.27064935065": 5,
    "6182.380649350649": 4,
    "6501.993116883116": 4,
    "18747.440000000002": 4,
    "5975.245584415585": 3,
    "6027.029350649351": 3,
    "6176.111255411255": 3,
    "6362.468917748917": 3,
    "6500.601883116883": 3,
    "6109.8833766233765": 2,
    "6127.9746753246745": 2,
    "6195.065757575758": 2,
    "11772.296428571426": 2,
    "14768.14": 2,
    "15666.66857142857": 2,
    "16605.62285714286": 2,
    "17041.152857142857": 2,
    "17524.003116883116": 2,
    "18129.651038961038": 2,
    "20279.1438961039": 2,
    "6054.094675324674": 1,
    "6124.5802164502165": 1,
    "6265.551298701298": 1,
    "6327.2261471861475": 1,
    "6500.323636363635": 1,
    "6502.54961038961": 1,
    "18441.34": 1
  },
  "source": {
    "analyze": "light",
    "fontface": "Consolas-Regular",
    "fontsize": 14,
    "language": "c",
    "theme": "Winter is Coming"
  },
  "average": 9888.615864011119,
  "diff65": 52.132551754017214
}
