{
  "colors": {
    "#236ebf": 3436,
    "#7b30d0": 1161,
    "#0991b6": 1154,
    "#2f86d2": 1070,
    "#b1108e": 649,
    "#174781": 243,
    "#d86db6": 241,
    "#357b42": 223,
    "#a44185": 115,
    "#2970c7": 81,
    "#dc3eb7": 15
  },
  "cccts": {
    "3238.865": 1205,
    "859.31": 1199,
    "73926.845": 1177,
    "56169.365": 988,
    "73611.0": 932,
    "43123.99291666667": 903,
    "33883.137291666666": 874,
    "49074.0": 821,
    "37446.24333333333": 805,
    "30802.852083333335": 736,
    "32856.375555555554": 736,
    "31276.742115384615": 732,
    "2159.243333333333": 695,
    "49284.56333333333": 666,
    "92408.55625": 664,
    "572.8733333333332": 662,
    "23763.962115384613": 602,
    "1370.2890384615384": 599,
    "63975.15432692308": 596,
    "1074.1374999999998": 587,
    "34909.89902777778": 587,
    "63701.82692307692": 574,
    "363.55423076923074": 547,
    "39006.50347222222": 533,
    "51338.086805555555": 527,
    "596.7430555555555": 509,
    "34325.72305555556": 485,
    "73993.37": 484,
    "34760.75": 481,
    "40659.76475": 474,
    "110890.2675": 474,
    "743.6336538461538": 468,
    "43687.28388888889": 455,
    "2927.4356730769227": 444,
    "80087.41541666666": 433,
    "405.78527777777776": 414,
    "3508.7704166666663": 409,
    "60065.5615625": 407,
    "1529.4640277777776": 385,
    "60850.14541666666": 379,
    "31143.115384615383": 375,
    "51118.75": 366,
    "79745.25": 361,
    "62431.90593749999": 326,
    "525.1338888888889": 304,
    "2249.211805555555": 304,
    "61605.70416666667": 297,
    "930.9191666666666": 288,
    "1216.45": 286,
    "2519.117222222222": 286,
    "40517.59774038462": 269,
    "92013.75": 263,
    "13502.251201923076": 262,
    "66533.01923076923": 261,
    "1889.3379166666666": 257,
    "2732.79234375": 256,
    "63145.846770833334": 254,
    "776.6840384615384": 253,
    "57253.0": 240,
    "66818.49451923076": 235,
    "50768.464519230765": 234,
    "57498.657222222224": 226,
    "45177.51638888889": 224,
    "668.3522222222222": 220,
    "28266.146617647057": 204,
    "36963.4225": 204,
    "1389.189375": 200,
    "1979.306388888889": 198,
    "53904.99114583333": 194,
    "33113.06598958334": 189,
    "23872.210364583334": 186,
    "44984.5": 181,
    "17770.876201923078": 177,
    "26524.42236111111": 177,
    "470.9679807692308": 164,
    "39842.583846153844": 162,
    "62553.48423076923": 159,
    "65712.75111111111": 156,
    "810.9666666666667": 146,
    "2802.863942307692": 144,
    "40344.49038461539": 142,
    "35439.559583333335": 141,
    "206.56490384615384": 140,
    "36996.685": 136,
    "778.5733173076923": 131,
    "65432.0": 126,
    "1241.5649166666667": 124,
    "1775.1471634615384": 119,
    "514.6519230769231": 116,
    "50848.06375": 113,
    "763.831111111111": 106,
    "1317.8208333333332": 105,
    "34150.78615384615": 105,
    "1099.4836538461539": 100,
    "17694.951923076922": 94,
    "844.7569444444445": 93,
    "574.4347222222223": 91,
    "38503.56510416667": 91,
    "44664.13552083333": 90,
    "110990.055": 85,
    "2740.578076923077": 79,
    "52364.84854166667": 78,
    "25004.66816176471": 76,
    "43486.379411764705": 76,
    "4048.5812499999997": 70,
    "62286.230769230766": 70,
    "1121.1455769230768": 69,
    "50824.7059375": 63,
    "25692.14236111111": 60,
    "1052.6971153846155": 59,
    "28749.328611111112": 58,
    "44688.39583333333": 58,
    "727.1084615384615": 56,
    "709.5958333333334": 54,
    "743.3861111111112": 54,
    "25480.73076923077": 52,
    "590.775625": 50,
    "1304.5428472222222": 49,
    "22623.772013888887": 48,
    "80130.91666666666": 48,
    "2878.991111111111": 46,
    "56985.27635416667": 45,
    "793.8225": 44,
    "685.2066666666666": 43,
    "4858.2975": 42,
    "946.1277777777779": 40,
    "35645.94317307692": 40,
    "47527.924230769226": 40,
    "25590.06173076923": 39,
    "39273.63640625": 39,
    "29776.090347222223": 38,
    "50607.5625": 38,
    "501.26416666666665": 37,
    "40696.3535": 36,
    "2055.4335576923077": 33,
    "2226.7196875": 33,
    "30785.13274038462": 32,
    "292.4158653846154": 31,
    "32765.462916666667": 31,
    "27722.566875": 30,
    "698.1893749999999": 29,
    "26329.38984375": 29,
    "40539.60576923077": 29,
    "53391.61027777778": 29,
    "57016.22916666667": 29,
    "626.5802083333333": 28,
    "666.7081730769231": 28,
    "1045.8834895833334": 28,
    "1027.81": 27,
    "1349.5270833333334": 27,
    "1439.4955555555555": 27,
    "1619.4325": 27,
    "46714.67307692308": 27,
    "46915.11317307692": 27,
    "545.3313461538461": 26,
    "716.0916666666667": 26,
    "1824.6750000000002": 26,
    "2294.1960416666666": 26,
    "2631.5778124999997": 26,
    "27121.23333333333": 26,
    "29648.875": 26,
    "70211.70625": 26,
    "42939.75": 25,
    "297.4534615384615": 24,
    "2699.054166666667": 24,
    "35423.27989583334": 23,
    "40566.763611111106": 23,
    "1081.2888888888888": 22,
    "346.1109722222222": 21,
    "519.1664583333333": 18,
    "608.225": 18,
    "662.3847916666666": 18,
    "53163.5": 17,
    "733.9939583333332": 16,
    "57529.88888888889": 16,
    "473.0638888888889": 15,
    "1029.3038461538463": 15,
    "1284.7624999999998": 15,
    "2766.530520833333": 15,
    "40224.90095588235": 15,
    "628.1061111111111": 14,
    "928.9821153846153": 14,
    "1450.7416145833333": 14,
    "1754.3852083333331": 14,
    "1762.3236029411762": 14,
    "2834.006875": 14,
    "17786.86778846154": 14,
    "31304.887307692305": 14,
    "34941.31361111111": 14,
    "53439.65611111111": 14,
    "57550.398888888885": 14,
    "563.3189423076923": 13,
    "713.7569444444443": 13,
    "393.8504166666666": 12,
    "421.07884615384614": 12,
    "608.6779166666666": 12,
    "1484.4797916666664": 12,
    "2361.672395833333": 12,
    "384.89927083333333": 11,
    "1520.5625": 11,
    "2091.7669791666667": 10,
    "836.309375": 9,
    "988.365625": 9,
    "1039.0510416666666": 9,
    "1551.9561458333333": 9,
    "66854.78846153847": 9,
    "620.6127777777778": 8,
    "1956.814270833333": 8,
    "33898.70916666667": 8,
    "467.5657352941176": 7,
    "1013.7083333333334": 7,
    "28775.199444444443": 7,
    "35573.73557692308": 7,
    "447.5572916666667": 6,
    "489.9590277777778": 6,
    "506.8541666666667": 6,
    "540.6444444444444": 6,
    "1494.8607692307692": 6,
    "1686.9088541666667": 6,
    "2496.6251041666665": 6,
    "734.9385416666667": 5,
    "35442.520833333336": 5,
    "40053.044117647056": 5,
    "47766.36291666667": 5,
    "247.06971153846152": 4,
    "669.0475000000001": 4,
    "861.6520833333334": 4,
    "937.6802083333334": 4,
    "1259.558611111111": 4,
    "1781.37575": 4,
    "2339.1802777777775": 4,
    "61634.01666666668": 4,
    "392.81197916666673": 3,
    "456.50843749999996": 3,
    "485.35472222222216": 3,
    "1720.6470312499998": 3,
    "47744.42072916667": 3,
    "277.48552083333334": 2,
    "322.24125": 2,
    "340.14354166666664": 2,
    "411.7527083333333": 2,
    "434.8426923076923": 2,
    "554.9710416666667": 2,
    "570.2109375": 2,
    "661.8919117647058": 2,
    "771.9778846153846": 2,
    "785.6239583333335": 2,
    "886.9947916666666": 2,
    "913.6088888888888": 2,
    "1113.460833333333": 2,
    "1557.1466346153845": 2,
    "18998.46169117647": 2,
    "26914.487395833334": 2,
    "29262.709479166664": 2,
    "33040.80294117647": 2,
    "41602.96125000001": 2,
    "49928.32444444444": 2,
    "50852.3125": 2,
    "64009.90384615385": 2,
    "73967.0": 2,
    "527.1283333333333": 1,
    "544.8682291666668": 1,
    "584.8317307692308": 1,
    "823.5054166666666": 1,
    "895.1145833333334": 1,
    "969.3585937500001": 1,
    "1026.3796875": 1,
    "1124.6059027777776": 1,
    "1744.0042307692306": 1,
    "1821.8615624999998": 1,
    "3103.9122916666665": 1,
    "3373.8177083333335": 1,
    "31293.73076923077": 1,
    "40043.70770833333": 1,
    "48608.10432692308": 1,
    "60093.16625000001": 1
  },