{
  "colors": {
    "#d6deeb": 5101,
    "#c792ea": 1888,
    "#82aaff": 1271,
    "#c5e478": 1085,
    "#7fdbca": 480,
    "#637777": 317,
    "#f78c6c": 267,
    "#d9f5dd": 241,
    "#d7dbe0": 228,
    "#ecc48d": 115,
    "#ffeb95": 2
  },
  "cccts": {
    "146772.23": 10526,
    "0.0": 6194,
    "136536.70353535356": 2088,
    "135551.84212121213": 1557,
    "146832.57181818184": 1461,
    "135308.12575757576": 1400,
    "146843.8859090909": 1310,
    "139035.71833333332": 1194,
    "133448.0193939394": 1103,
    "135519.12212121213": 1013,
    "133158.60621212123": 993,
    "134149.29363636364": 949,
    "146840.11454545456": 913,
    "133409.1643939394": 897,
    "136222.44136363638": 882,
    "133875.11272727276": 868,
    "129892.5681818182": 771,
    "135257.26272727276": 764,
    "146828.80045454548": 709,
    "134617.54232323234": 660,
    "146798.62954545455": 654,
    "134112.48363636364": 653,
    "146862.74272727274": 611,
    "136925.76060606062": 607,
    "146821.25772727272": 596,
    "141848.99530303033": 585,
    "129576.07363636365": 574,
    "137176.42393939398": 566,
    "137655.66484848486": 560,
    "132002.5259090909": 558,
    "138455.86474747476": 533,
    "140375.02595959595": 506,
    "146794.8581818182": 437,
    "143958.95303030303": 434,
    "136253.11636363636": 426,
    "137629.07984848486": 413,
    "131344.19666666668": 408,
    "146855.2": 384,
    "137457.6453030303": 379,
    "125672.65272727274": 370,
    "131009.08666666667": 366,
    "136024.6322727273": 353,
    "139739.0375757576": 353,
    "137720.9031818182": 326,
    "146825.0290909091": 317,
    "135224.28737373737": 302,
    "146813.715": 301,
    "134815.8028787879": 292,
    "142552.31454545457": 289,
    "141756.68439393942": 278,
    "133059.04813131315": 277,
    "135896.98313131314": 262,
    "146836.3431818182": 256,
    "146885.3709090909": 233,
    "141105.1605050505": 200,
    "135469.5471717172": 198,
    "132698.3811111111": 195,
    "134850.56787878787": 189,
    "132705.84515151515": 180,
    "131299.20666666667": 176,
    "133780.79454545456": 175,
    "146851.42863636365": 175,
    "129941.6481818182": 172,
    "130595.88742424244": 170,
    "134056.71181818182": 160,
    "125277.03454545455": 155,
    "128485.9296969697": 152,
    "127069.87045454547": 144,
    "143967.13303030303": 138,
    "133350.29414141414": 137,
    "146787.31545454546": 137,
    "146858.97136363634": 132,
    "139759.48757575758": 129,
    "121452.73727272727": 125,
    "125734.00272727272": 122,
    "146809.94363636366": 121,
    "135946.0337878788": 114,
    "136175.96484848487": 113,
    "126301.17707070708": 105,
    "141014.74636363637": 105,
    "134591.61924242426": 103,
    "130893.80888888889": 102,
    "129988.73853535354": 100,
    "146817.48636363636": 98,
    "130642.92242424242": 94,
    "137389.5266161616": 94,
    "137816.14434343437": 93,
    "132746.74515151518": 88,
    "139095.58515151514": 87,
    "143987.20636363636": 82,
    "146874.05681818182": 82,
    "129818.20575757576": 75,
    "130292.58015151515": 70,
    "141863.31030303033": 70,
    "138332.39909090908": 68,
    "129450.31606060607": 66,
    "132045.47090909092": 66,
    "146847.6572727273": 61,
    "124492.04090909094": 57,
    "136954.3906060606": 57,
    "146907.99909090908": 56,
    "143885.24434343434": 54,
    "132442.0996969697": 52,
    "134502.54095959596": 48,
    "146870.28545454546": 48,
    "127782.61045454546": 44,
    "144647.07893939395": 44,
    "142564.58454545456": 43,
    "132058.6607070707": 40,
    "131725.59318181817": 38,
    "125579.69969696969": 36,
    "127580.61787878787": 32,
    "131231.04111111112": 31,
    "127079.29121212121": 30,
    "129189.24893939395": 30,
    "129499.7790909091": 29,
    "131615.5553030303": 29,
    "139058.21333333335": 29,
    "134239.62363636363": 28,
    "135632.13545454547": 28,
    "125119.83757575757": 27,
    "137588.8002020202": 27,
    "144668.4072727273": 27,
    "138745.34277777778": 26,
    "142294.18717171717": 26,
    "134763.1294949495": 21,
    "138417.1590909091": 21,
    "130524.62343434345": 20,
    "135096.75767676768": 19,
    "142441.75151515153": 18,
    "144606.99075757575": 17,
    "127837.82545454545": 16,
    "146866.5140909091": 16,
    "130172.06247474748": 15,
    "126435.27696969696": 14,
    "128539.0996969697": 14,
    "131448.17257575758": 14,
    "132337.30171717174": 14,
    "133543.36772727274": 14,
    "134935.87954545455": 14,
    "141162.03606060607": 14,
    "146877.8281818182": 13,
    "141827.30626262628": 12,
    "141720.00510101012": 11,
    "121526.35727272728": 10,
    "136667.7802020202": 10,
    "129240.37393939395": 9,
    "138356.9390909091": 9,
    "126340.15343434345": 8,
    "127285.07681818183": 7,
    "139554.76585858586": 7,
    "142933.9075757576": 7,
    "138111.27303030304": 6,
    "138833.01944444445": 6,
    "140460.76181818184": 6,
    "120789.3590909091": 5,
    "132643.87646464648": 5,
    "127136.55121212121": 4,
    "129259.02151515153": 4,
    "134367.0406565657": 3,
    "144213.3483838384": 3,
    "127329.28045454546": 2,
    "128728.56964646466": 2,
    "130718.45555555556": 2,
    "132177.8895959596": 2,
    "137024.64727272728": 2,
    "124331.45424242427": 1,
    "125841.58398989901": 1,
    "126375.97196969697": 1,
    "126563.33040404042": 1,
    "128006.82323232325": 1,
    "131418.9403030303": 1
  },
  "source": {
    "analyze": "dark",
    "fontface": "Consolas-Regular",
    "fontsize": 14,
    "language": "c",
    "theme": "Night Owl"
  },
  "average": 124592.16269360183,
  "diff65": 1816.8025029784897
}
