{
  "colors": {
    "#d6deeb": 2954,
    "#c792ea": 1888,
    "#82aaff": 1226,
    "#c5e478": 1085,
    "#7fdbca": 480,
    "#637777": 283,
    "#f78c6c": 267,
    "#d9f5dd": 241,
    "#d7dbe0": 228,
    "#ecc48d": 115,
    "#ffeb95": 2
  },
  "cccts": {
    "10053.795": 1458,
    "73759.48": 1401,
    "3959.965": 1205,
    "2451.97": 959,
    "1634.6466666666665": 864,
    "1722.1920833333334": 862,
    "3757.51": 852,
    "6702.53": 805,
    "49172.986666666664": 750,
    "2639.9766666666665": 695,
    "92199.34999999999": 654,
    "31205.933846153843": 653,
    "4253.528653846154": 602,
    "1675.3698076923076": 599,
    "51221.86111111111": 596,
    "4696.887500000001": 585,
    "2121.8971153846155": 574,
    "6981.802083333333": 533,
    "34830.86555555555": 528,
    "63830.31923076923": 528,
    "43026.363333333335": 514,
    "1589.7157692307694": 499,
    "6143.985833333334": 485,
    "1157.874722222222": 484,
    "2505.0066666666667": 463,
    "3251.6913461538466": 463,
    "7819.618333333334": 455,
    "3579.199134615385": 444,
    "1565.6291666666668": 435,
    "1670.0044444444445": 435,
    "2191.8808333333336": 426,
    "2609.3819444444443": 413,
    "4289.962083333333": 409,
    "1869.9834722222222": 385,
    "1702.7569444444443": 379,
    "10891.61125": 379,
    "1037.371923076923": 377,
    "1774.3797222222222": 376,
    "79906.10333333332": 367,
    "2656.300833333333": 363,
    "3052.9768750000003": 354,
    "2066.6305": 353,
    "5636.265": 353,
    "4070.6358333333333": 346,
    "45075.23777777778": 334,
    "3760.408125": 326,
    "2749.9756944444443": 304,
    "30733.116666666665": 301,
    "32781.99111111111": 301,
    "1933.22": 286,
    "3079.972777777778": 286,
    "3064.9624999999996": 278,
    "66667.22230769231": 277,
    "2216.203653846154": 275,
    "57368.48444444444": 265,
    "2416.7776442307695": 262,
    "2309.9795833333337": 257,
    "3341.2204687500002": 256,
    "3131.2583333333337": 254,
    "1907.0877777777775": 240,
    "9087.083942307692": 234,
    "3209.5397916666666": 223,
    "40425.86884615385": 217,
    "2059.4045192307694": 209,
    "1436.695": 204,
    "1878.755": 204,
    "2849.11375": 200,
    "2419.9786111111116": 198,
    "1498.4261111111111": 195,
    "3396.2109615384616": 189,
    "17730.64423076923": 180,
    "4747.625416666667": 177,
    "1213.3626041666669": 172,
    "2739.851041666667": 168,
    "2296.2561111111113": 160,
    "1343.868173076923": 155,
    "1683.051354166667": 152,
    "2922.507777777778": 151,
    "1288.8133333333333": 146,
    "548.2289583333334": 144,
    "3426.8927884615387": 144,
    "5026.8975": 134,
    "951.9146634615386": 131,
    "3340.008888888889": 131,
    "1459.9390384615383": 128,
    "2179.5288888888886": 128,
    "3450.765": 125,
    "1517.9865833333336": 124,
    "40567.714": 121,
    "110639.22": 121,
    "2170.365432692308": 119,
    "817.9007692307692": 116,
    "903.2475961538462": 116,
    "2300.5099999999998": 115,
    "65563.98222222221": 114,
    "786.589375": 113,
    "62411.867692307686": 110,
    "2094.3216666666667": 105,
    "4640.213076923077": 105,
    "5413.581923076923": 105,
    "1747.3334615384615": 100,
    "589.4158653846154": 98,
    "44563.01916666666": 98,
    "1629.5279166666667": 97,
    "1342.513888888889": 93,
    "912.9094444444445": 91,
    "3179.431538461539": 85,
    "1957.0364583333335": 83,
    "6685.17": 82,
    "59929.5775": 82,
    "3350.7396153846153": 79,
    "2986.2389423076925": 75,
    "2074.743846153846": 70,
    "4949.95625": 70,
    "1370.7571153846154": 69,
    "61466.23333333333": 69,
    "2270.1622916666665": 68,
    "50709.642499999994": 66,
    "2661.5695833333334": 62,
    "1672.9788461538462": 59,
    "1270.9225000000001": 58,
    "1461.253888888889": 58,
    "2210.3": 58,
    "2399.8046153846153": 57,
    "1127.7116666666668": 54,
    "1181.4122222222222": 54,
    "53782.95416666666": 54,
    "848.7588461538461": 52,
    "1594.985902777778": 49,
    "2583.288125": 49,
    "4049.4452083333335": 48,
    "33038.10041666667": 48,
    "56856.26583333333": 48,
    "63002.88916666666": 47,
    "2683.9283333333333": 46,
    "3519.9688888888886": 46,
    "29708.679444444442": 46,
    "1628.065": 44,
    "2896.4139583333335": 44,
    "5939.9475": 42,
    "1503.6155555555556": 40,
    "6380.292980769231": 40,
    "8507.057307692308": 40,
    "3490.9010416666665": 39,
    "1685.729375": 38,
    "3738.3287499999997": 37,
    "1891.2846634615385": 36,
    "5529.5872500000005": 36,
    "1300.6765384615385": 35,
    "2108.8008333333332": 34,
    "2513.0547115384616": 33,
    "2722.4759375000003": 33,
    "5510.253028846155": 32,
    "464.7163461538462": 31,
    "3118.960673076923": 31,
    "5864.713750000001": 31,
    "46808.900769230764": 31,
    "1996.1771875000002": 30,
    "4712.71640625": 29,
    "1059.5532692307693": 28,
    "1278.7386979166668": 28,
    "1409.06625": 28,
    "52246.29833333333": 28,
    "1556.0578846153844": 27,
    "1649.9854166666669": 27,
    "1759.9844444444443": 27,
    "1979.9825": 27,
    "2396.364583333333": 27,
    "419.51433333333335": 26,
    "987.5990277777777": 26,
    "2804.9752083333337": 26,
    "2899.83": 26,
    "3217.4715625": 26,
    "12567.24375": 26,
    "1430.3158333333333": 25,
    "3299.9708333333338": 24,
    "33806.42833333333": 24,
    "7261.074166666666": 23,
    "25532.12769230769": 23,
    "1718.4177777777777": 22,
    "829.5108173076923": 21,
    "1547.4930555555554": 21,
    "1800.4735416666667": 21,
    "2384.573653846154": 21,
    "2919.8780769230766": 20,
    "1239.4741666666666": 19,
    "966.61": 18,
    "24948.059411764705": 18,
    "43387.92941176471": 18,
    "1770.8672222222222": 17,
    "2713.7572222222225": 17,
    "3067.3466666666664": 17,
    "23818.165416666667": 16,
    "751.8077777777778": 15,
    "1635.8015384615385": 15,
    "3382.4701041666667": 15,
    "53270.735555555555": 15,
    "1071.3413461538462": 14,
    "1773.7343229166668": 14,
    "1885.5607692307692": 14,
    "2104.5905555555555": 14,
    "2144.9810416666664": 14,
    "2154.686838235294": 14,
    "3218.785555555555": 14,
    "3464.969375": 14,
    "3466.3844444444444": 14,
    "4456.78": 14,
    "38416.395833333336": 14,
    "40133.83470588235": 13,
    "669.1915384615385": 12,
    "1814.9839583333332": 12,
    "2887.4744791666667": 12,
    "4313.45625": 12,
    "39184.72375": 12,
    "2416.525": 11,
    "1513.441527777778": 10,
    "2557.4773958333335": 10,
    "1329.0887500000001": 9,
    "1570.74125": 9,
    "1651.2920833333333": 9,
    "1897.483229166667": 9,
    "2044.5275": 9,
    "524.3929166666667": 8,
    "2392.4788541666667": 8,
    "1611.0166666666667": 7,
    "3909.809166666667": 7,
    "4833.555288461539": 7,
    "778.6580555555556": 6,
    "805.5083333333333": 6,
    "859.2088888888889": 6,
    "1827.676153846154": 6,
    "2062.4817708333335": 6,
    "3052.4730208333335": 6,
    "35343.08416666667": 6,
    "738.9172916666668": 5,
    "1167.9870833333332": 5,
    "1194.495576923077": 5,
    "1334.1601470588232": 5,
    "2492.2191666666668": 5,
    "47636.33083333333": 5,
    "953.4416666666668": 4,
    "1063.2710000000002": 4,
    "1369.3641666666667": 4,
    "1490.1904166666668": 4,
    "1539.986388888889": 4,
    "2177.98075": 4,
    "2859.974722222222": 4,
    "27659.805": 4,
    "624.2689583333333": 3,
    "1389.8914583333333": 3,
    "2103.73140625": 3,
    "15080.692500000001": 3,
    "643.5731250000001": 2,
    "906.196875": 2,
    "1003.9979166666668": 2,
    "1051.8991176470588": 2,
    "1226.8511538461537": 2,
    "1248.5379166666667": 2,
    "1409.6395833333333": 2,
    "1487.3477083333335": 2,
    "1903.8293269230771": 2,
    "2228.39": 2,
    "3400.5483088235296": 2,
    "5913.99705882353": 2,
    "8936.706666666667": 2,
    "29196.46083333333": 2,
    "837.7286666666668": 1,
    "865.9214583333334": 1,
    "929.4326923076924": 1,
    "929.6056250000001": 1,
    "1374.9878472222222": 1,
    "1540.5346875": 1,
    "1631.154375": 1,
    "2035.3179166666666": 1,