{
  "colors": {
    "#d6deeb": 5101,
    "#c792ea": 1888,
    "#82aaff": 1271,
    "#c5e478": 1085,
    "#7fdbca": 480,
    "#637777": 317,
    "#f78c6c": 267,
    "#d9f5dd": 241,
    "#d7dbe0": 228,
    "#ecc48d": 115,
    "#ffeb95": 2
  },
  "cccts": {
    "146772.23": 10526,
    "0.0": 6194,
    "146932.24357142858": 1401,
    "117018.16571428573": 1204,
    "119629.80714285716": 988,
    "116371.88214285715": 959,
    "133095.18258928572": 862,
    "116931.3992857143": 852,
    "128677.28142857144": 805,
    "126505.33142857144": 681,
    "147005.583125": 654,
    "146838.47217741937": 653,
    "135535.8506451613": 602,
    "134454.68725806454": 599,
    "126936.18714285716": 596,
    "146883.3505357143": 596,
    "146878.90571428573": 586,
    "103254.35187500001": 585,
    "121029.99995967743": 574,
    "127923.32523809525": 533,
    "146865.57125": 532,
    "146847.79196428572": 528,
    "146907.72536290323": 528,
    "134418.76782258067": 499,
    "130185.19380952383": 485,
    "132416.51017857142": 484,
    "118624.53222222223": 470,
    "121503.78463709677": 463,
    "125661.45666666668": 455,
    "120457.4795967742": 444,
    "133509.63857142857": 435,
    "134338.5505357143": 435,
    "129365.07875": 417,
    "126049.43089285714": 413,
    "114538.66035714287": 409,
    "126878.34285714288": 408,
    "132721.69964285713": 385,
    "117367.93857142859": 379,
    "125660.87732142858": 379,
    "134187.13975806453": 377,
    "132680.72660714286": 376,
    "113838.51982142858": 363,
    "122526.55504464287": 354,
    "94550.77625000001": 353,
    "130815.67468750001": 353,
    "114444.66339285715": 346,
    "146870.0160714286": 334,
    "122284.1767763158": 326,
    "126109.68535714287": 304,
    "146838.90232142858": 301,
    "146843.34714285715": 301,
    "146945.57803571428": 297,
    "123630.18000000001": 286,
    "116149.56071428573": 283,
    "102438.389375": 278,
    "146913.74737903225": 277,
    "119885.9008467742": 275,
    "146896.685": 265,
    "140387.9235483871": 262,
    "122107.67671052631": 256,
    "121904.87107142857": 254,
    "123127.51500000001": 240,
    "122767.23774193549": 234,
    "121283.1870982143": 223,
    "146858.0437298387": 217,
    "130768.8812701613": 209,
    "131976.1514375": 204,
    "135457.58168750003": 204,
    "119499.45805555556": 200,
    "128589.19071428574": 198,
    "128194.23964285715": 195,
    "120380.74262096775": 189,
    "126505.33142857143": 183,
    "146809.86760080644": 180,
    "133954.97476190477": 177,
    "137136.12841517857": 172,
    "125013.2909375": 168,
    "146878.9057142857": 164,
    "128536.1667857143": 160,
    "130468.81764112905": 155,
    "133406.02457589286": 152,
    "123562.695": 151,
    "129415.6925": 148,
    "121577.25620967743": 144,
    "131936.82236607143": 144,
    "120247.04714285715": 131,
    "139773.62616935483": 131,
    "119749.69857142857": 128,
    "134364.34532258066": 128,
    "116799.93714285715": 125,
    "135366.50535714286": 124,
    "146857.7928125": 121,
    "147052.25375": 121,
    "130815.41326612904": 119,
    "134095.10346774195": 116,
    "139753.21739919356": 116,
    "126357.11714285715": 114,
    "146914.4642857143": 114,
    "125486.64513392858": 113,
    "146904.71435483874": 110,
    "129415.69250000002": 109,
    "113597.67160714287": 105,
    "132471.3835483871": 105,
    "134514.36161290325": 105,
    "119689.27786290323": 100,
    "126790.70142857145": 99,
    "126936.18714285715": 99,
    "139621.61054435483": 98,
    "146868.90486607145": 98,
    "132618.64726190479": 97,
    "125506.4874404762": 93,
    "132311.52505952382": 91,
    "133402.07355555557": 86,
    "122065.3056451613": 85,
    "131230.13066964288": 83,
    "95075.22875000001": 82,
    "146902.24102678572": 82,
    "122137.14451612905": 79,
    "121392.46588709678": 75,
    "103380.88625": 70,
    "121602.04951612903": 70,
    "146945.5780357143": 70,
    "136694.240483871": 69,
    "146905.57464285713": 69,
    "128743.39477678572": 68,
    "146882.23933035714": 66,
    "125634.9749107143": 62,
    "120841.74391129034": 59,
    "129365.07875000002": 58,
    "135167.46250000002": 58,
    "136763.11803125002": 58,
    "131207.5414516129": 57,
    "126878.34285714287": 55,
    "128058.37654761906": 54,
    "128909.00625": 54,
    "146888.9065625": 54,
    "136475.337983871": 52,
    "126256.65888392858": 49,
    "134787.95410714287": 49,
    "133577.99666666667": 48,
    "135839.86523809526": 48,
    "146843.90274553574": 48,
    "146895.57379464287": 48,
    "146908.9082589286": 47,
    "120324.17285714287": 46,
    "123460.44666666668": 46,
    "146836.6799107143": 46,
    "123769.92299107143": 44,
    "131187.7888888889": 44,
    "94702.61750000001": 42,
    "122954.59833333336": 40,
    "124299.47129032259": 40,
    "129917.66096774195": 40,
    "137347.7776190476": 39,
    "125871.9908482143": 38,
    "114302.2460714286": 37,
    "130698.3793951613": 36,
    "132258.57333333333": 36,
    "136664.85185483872": 35,
    "128455.82880952382": 34,
    "126316.31080357145": 33,
    "128295.9158870968": 33,
    "130939.15000000002": 33,
    "126357.11714285714": 32,
    "132216.0112903226": 32,
    "120264.47637096775": 31,
    "139569.31719758065": 31,
    "146871.59326612906": 31,
    "130919.28868303573": 30,
    "134049.2192857143": 29,
    "130349.58881048388": 28,
    "135581.91848214288": 28,
    "137164.14674107142": 28,
    "146885.57294642858": 28,
    "125958.13773809525": 27,
    "127894.59463709679": 27,
    "131344.19666666666": 27,
    "133548.20142857142": 27,
    "134374.70321428572": 27,
    "93182.55875": 26,
    "107189.53": 26,
    "122597.05276785714": 26,
    "125696.43446428573": 26,
    "134527.6454464286": 26,
    "135419.91807142858": 26,
    "129038.69375": 25,
    "121977.17642857143": 24,
    "146845.56955357143": 24,
    "127169.36904761905": 23,
    "146826.4281451613": 23,
    "119552.07952380952": 22,
    "128242.03673387098": 21,
    "132473.49861607145": 21,
    "136514.88848214285": 21,
    "139722.29552419356": 21,
    "121956.46064516129": 20,
    "113231.30839285716": 19,
    "146825.90121875": 18,
    "120130.19190476192": 17,
    "124816.42321428572": 17,
    "125220.51892857143": 17,
    "130893.80888888889": 17,
    "126790.70142857142": 16,
    "146823.90104910714": 16,
    "121357.30008928572": 15,
    "121417.97693548388": 15,
    "134863.41416666668": 15,
    "146887.79535714287": 15,
    "117231.08642857145": 14,
    "119773.17166666666": 14,
    "123795.78500000002": 14,
    "125436.95964285714": 14,
    "130655.44517857143": 14,
    "130717.4328125": 14,
    "132822.2455357143": 14,
    "133444.88870535715": 14,
    "134542.83185483873": 14,
    "139823.7083266129": 14,
    "146855.57040178572": 14,
    "146858.57065625": 13,
    "103062.63625": 12,
    "125076.55812500001": 12,
    "133134.9505357143": 12,
    "136400.03556451615": 12,
    "146857.23720982144": 12,
    "102114.170625": 11,
    "127556.06348214285": 10,
    "134753.00651785717": 10,
    "120615.36665178572": 9,
    "121891.31120535715": 9,
    "125719.14486607144": 9,
    "129365.07875000003": 9,
    "130670.61509375002": 9,
    "132515.07419642858": 9,
    "128795.81616071428": 8,
    "132581.84008928572": 8,
    "121253.33892857144": 7,
    "134003.6170967742": 7,
    "136216.84333333335": 7,
    "123836.80544642858": 6,
    "131275.32151785717": 6,
    "133162.15476190476": 6,
    "133334.91064516132": 6,
    "134012.78446428574": 6,
    "134438.0993154762": 6,
    "146848.90316964284": 6,
    "125125.57404761905": 5,
    "126776.68058035713": 5,
    "128271.0339732143": 5,
    "130368.70896875001": 5,
    "136620.32435483873": 5,
    "146875.57209821427": 5,
    "120971.52107142856": 4,
    "123167.25575892859": 4,
    "125081.17258928574": 4,
    "125283.18357142857": 4,
    "130397.60822916667": 4,
    "130862.07062500001": 4,
    "135201.20500000002": 4,
    "146832.23508928574": 4,
    "99272.99": 3,
    "115015.3877777778": 3,