{
  "colors": {
    "#d6deeb": 5101,
    "#c792ea": 1888,
    "#82aaff": 1271,
    "#c5e478": 1085,
    "#7fdbca": 480,
    "#637777": 317,
    "#f78c6c": 267,
    "#d9f5dd": 241,
    "#d7dbe0": 228,
    "#ecc48d": 115,
    "#ffeb95": 2
  },
  "cccts": {
    "146772.23": 10526,
    "0.0": 6194,
    "140140.9342857143": 1771,
    "146830.41675324677": 1428,
    "135952.57025974026": 1273,
    "140740.5804761905": 1123,
    "146807.7885714286": 1108,
    "135717.55805194806": 1011,
    "146823.95155844156": 1001,
    "136902.25805194807": 988,
    "137126.70896103897": 974,
    "135921.01883116883": 915,
    "139918.08281385282": 841,
    "136945.85493506494": 809,
    "140160.21571428573": 803,
    "137998.92160173162": 785,
    "146812.63746753248": 776,
    "137154.7546753247": 669,
    "146788.39298701298": 654,
    "136523.8638961039": 642,
    "143758.0046753247": 585,
    "132953.89006493505": 574,
    "140016.59714285715": 572,
    "146827.18415584415": 556,
    "135016.75123376626": 549,
    "139236.6666883117": 529,
    "146844.96344155844": 528,
    "136331.7064935065": 484,
    "139095.3744805195": 477,
    "142385.5758008658": 470,
    "133208.21603896105": 463,
    "139095.58515151517": 455,
    "132646.56311688313": 444,
    "139258.5774025974": 438,
    "146794.85818181818": 437,
    "137729.55402597404": 435,
    "135050.93194805196": 417,
    "136553.66246753247": 411,
    "136079.7603896104": 379,
    "146835.26564935065": 379,
    "134796.3353896104": 363,
    "144963.6948051948": 353,
    "138715.5544805195": 326,
    "134715.3287012987": 312,
    "146820.71896103898": 301,
    "138356.93909090912": 299,
    "146817.48636363636": 298,
    "135636.7138961039": 295,
    "142552.31454545457": 289,
    "143701.4877922078": 278,
    "146848.19603896106": 277,
    "132339.74162337664": 275,
    "138657.4851948052": 257,
    "138332.3990909091": 256,
    "138174.15181818182": 240,
    "133886.4332900433": 234,
    "134413.9061688312": 223,
    "138935.24415584418": 221,
    "146864.35902597403": 217,
    "129591.14564935067": 209,
    "142521.9278787879": 200,
    "132605.37097402598": 189,
    "133509.6385714286": 188,
    "132032.6674025974": 183,
    "137450.58982683983": 177,
    "139967.1923809524": 174,
    "137428.1314935065": 172,
    "136222.44136363638": 168,
    "146849.81233766236": 164,
    "140111.72047619047": 162,
    "129268.99941558442": 155,
    "131098.25831168832": 152,
    "133811.06110389612": 152,
    "132386.3801731602": 144,
    "133247.65532467535": 144,
    "146819.10266233768": 144,
    "136873.9934632035": 142,
    "146843.34714285718": 134,
    "135873.21441558443": 130,
    "139039.2327056277": 125,
    "139859.66961038962": 124,
    "146781.9277922078": 121,
    "129641.10207792209": 119,
    "137084.21614718618": 116,
    "136451.94642857142": 113,
    "134149.29363636364": 109,
    "134708.75422077923": 107,
    "131418.9403030303": 105,
    "140192.2487012987": 105,
    "132234.1950865801": 100,
    "132346.01701298702": 99,
    "136478.7152813853": 97,
    "146825.56785714286": 97,
    "144668.4072727273": 96,
    "136255.3536796537": 95,
    "133548.20142857145": 89,
    "146836.88194805197": 87,
    "136353.92627705628": 86,
    "131701.1033766234": 83,
    "144981.85766233766": 82,
    "144662.27227272728": 81,
    "138030.97655844156": 78,
    "133148.46051948052": 75,
    "133260.9642857143": 70,
    "136825.28642857142": 70,
    "143766.76896103896": 70,
    "146856.27753246753": 70,
    "136854.20857142858": 66,
    "136638.78071428573": 65,
    "132852.83487012988": 61,
    "146832.03305194806": 61,
    "139839.51175324677": 58,
    "130062.08818181818": 57,
    "138056.39298701298": 57,
    "142564.58454545456": 57,
    "132303.94844155846": 55,
    "146828.80045454545": 54,
    "135619.59629870133": 53,
    "138111.27303030304": 51,
    "138821.41926406926": 48,
    "139203.4691774892": 48,
    "141288.91225108225": 48,
    "146841.73084415586": 48,
    "146838.49824675324": 47,
    "138295.2178787879": 46,
    "144343.48593073594": 44,
    "144968.95337662337": 42,
    "134708.93095238096": 40,
    "137724.7557142857": 40,
    "137455.3007792208": 38,
    "134964.96311688313": 37,
    "129515.45532467533": 36,
    "139312.34525974028": 35,
    "131143.8325974026": 32,
    "131144.77441558443": 32,
    "131924.8751948052": 32,
    "132542.95965367966": 31,
    "135257.26272727273": 31,
    "131399.68084415587": 30,
    "134434.76506493505": 30,
    "129140.99616883117": 28,
    "144606.99075757575": 28,
    "146840.11454545456": 28,
    "137755.8468831169": 27,
    "144367.86116883118": 27,
    "137867.0775974026": 26,
    "139892.04095238095": 26,
    "144030.57112554114": 26,
    "144916.31064935066": 26,
    "133875.11272727273": 25,
    "134750.38584415586": 24,
    "139643.91692640694": 23,
    "133612.2674025974": 22,
    "132906.79350649353": 21,
    "146822.33525974027": 21,
    "133451.21095238096": 20,
    "134575.53123376626": 20,
    "135652.02415584418": 20,
    "142441.75151515153": 18,
    "146809.4048701299": 18,
    "138788.30025974027": 17,
    "144297.67086580087": 17,
    "132240.20922077922": 16,
    "146783.5440909091": 16,
    "133162.1547619048": 15,
    "134449.83974025975": 15,
    "146814.25376623374": 15,
    "146853.04493506494": 15,
    "133848.74753246756": 14,
    "136029.99597402598": 14,
    "136626.78675324676": 14,
    "138417.15909090912": 14,
    "139013.94987012987": 14,
    "140207.53142857144": 14,
    "133780.79454545456": 12,
    "136253.11636363636": 12,
    "143744.7256709957": 12,
    "146854.6612337662": 12,
    "136564.67357142858": 11,
    "137801.95313852813": 11,
    "143679.0310822511": 11,
    "132947.10922077924": 10,
    "134090.11443722944": 9,
    "134112.48363636364": 9,
    "130687.59562770564": 8,
    "133011.85190476192": 8,
    "131744.9248051948": 7,
    "134399.43432900435": 7,
    "142933.9075757576": 7,
    "146846.57974025974": 7,
    "135327.39400432902": 6,
    "137492.63324675328": 6,
    "139559.12350649352": 6,
    "135410.48383116885": 5,
    "137077.41816017317": 5,
    "137183.31335497837": 5,
    "138900.71874458875": 5,
    "134262.79536796536": 4,
    "138958.0312987013": 4,
    "131444.3787012987": 3,
    "137992.46744588745": 3,
    "141823.11173160173": 3,
    "145127.23467532467": 3,
    "132575.79064935067": 2,
    "135318.17376623375": 2,
    "135433.2051948052": 2,
    "135805.59450216452": 2,
    "135946.03378787878": 2,
    "138328.36162337664": 2,
    "140466.4145887446": 2,
    "146833.64935064936": 2,
    "129941.64818181818": 1,
    "130996.91551948052": 1,
    "133471.47465367967": 1,
    "136781.46571428573": 1,
    "138420.59292207795": 1,
    "140585.83216450218": 1,
    "141963.49233766235": 1
  },
  "source": {
    "analyze": "dark",
    "fontface": "Consolas-Regular",
    "fontsize": 14,
    "language": "c",
    "theme": "Night Owl"
  },
  "average": 125825.83692136407,
  "diff65": 1835.7821064825241
}
