{
  "colors": {
    "#9effff": 4822,
    "#e1efff": 3354,
    "#ff9d00": 2313,
    "#fad000": 421,
    "#ff628c": 324,
    "#92fc79": 241,
    "#b362ff": 223,
    "#ffffff": 170,
    "#a5ff90": 115,
    "#80ffbb": 15
  },
  "cccts": {
    "147514.42": 10526,
    "0.0": 6194,
    "135778.74": 2116,
    "136402.33515151517": 1764,
    "147508.71171717174": 1557,
    "139756.88166666668": 1495,
    "135013.32454545455": 1414,
    "134318.81924242427": 1368,
    "130846.29272727272": 1351,
    "136230.72787878787": 1239,
    "147507.64141414143": 1103,
    "135858.5105050505": 1022,
    "133673.0274747475": 1006,
    "147507.9981818182": 949,
    "134115.03560606064": 877,
    "137979.18000000002": 859,
    "137096.84045454548": 838,
    "134311.78": 792,
    "137641.1893939394": 736,
    "143283.03545454546": 723,
    "136935.95863636365": 715,
    "133578.30000000002": 674,
    "142652.8828787879": 654,
    "132929.80863636365": 648,
    "134401.52181818182": 583,
    "142414.9595959596": 575,
    "136512.22": 566,
    "147509.78202020205": 560,
    "134820.2663636364": 554,
    "126679.26090909092": 545,
    "138485.85106060607": 537,
    "144693.496969697": 535,
    "140179.62": 506,
    "136587.00484848488": 482,
    "138043.99353535354": 482,
    "140462.11242424243": 470,
    "147509.0684848485": 426,
    "130030.55575757577": 423,
    "135707.82984848486": 416,
    "147506.57111111112": 408,
    "138346.42015151517": 347,
    "131487.54444444444": 317,
    "131999.34333333332": 306,
    "132235.30333333334": 304,
    "136068.90404040404": 302,
    "131540.79803030306": 279,
    "133922.8697979798": 277,
    "135045.26": 276,
    "142577.80469696972": 261,
    "130588.88181818182": 217,
    "133624.31393939393": 212,
    "127639.38045454548": 204,
    "141790.40464646465": 200,
    "131377.86000000002": 195,
    "147508.35494949497": 189,
    "129457.28212121213": 188,
    "137791.34575757576": 185,
    "134638.21454545454": 175,
    "147505.85757575757": 172,
    "124043.06000000001": 162,
    "135130.01616161616": 154,
    "125659.5896969697": 152,
    "122512.22909090911": 141,
    "147512.99292929296": 138,
    "147510.85232323234": 129,
    "147503.71696969698": 122,
    "136784.2487878788": 114,
    "138712.66": 108,
    "140913.10000000003": 105,
    "131776.83555555556": 102,
    "130583.83075757576": 100,
    "135525.49712121213": 96,
    "137245.7": 95,
    "138214.93828282828": 94,
    "147506.21434343437": 94,
    "139180.35636363638": 90,
    "147507.28464646466": 88,
    "144580.50000000003": 85,
    "132216.03878787882": 82,
    "147511.92262626265": 70,
    "130346.14606060607": 66,
    "147506.9278787879": 66,
    "126357.49727272728": 64,
    "131294.11257575758": 63,
    "138681.0690909091": 58,
    "133983.06333333335": 57,
    "147509.42525252528": 57,
    "144653.04101010103": 54,
    "130759.05010101013": 50,
    "133409.80484848487": 48,
    "135353.5592929293": 48,
    "128762.77681818182": 46,
    "145367.91424242425": 44,
    "147512.2793939394": 43,
    "130644.38": 40,
    "128068.27151515153": 39,
    "130422.18000000001": 38,
    "132704.5740909091": 38,
    "132944.53313131313": 38,
    "138256.12333333335": 36,
    "144736.3987878788": 36,
    "136184.58": 33,
    "125510.02": 32,
    "130151.78742424244": 31,
    "121014.36727272728": 29,
    "128473.18954545457": 29,
    "132492.18030303033": 29,
    "134060.23500000002": 29,
    "147510.4955555556": 29,
    "126054.07757575759": 27,
    "147513.3496969697": 27,
    "139417.18166666667": 26,
    "142380.06000000003": 26,
    "142529.18333333335": 24,
    "127845.07272727274": 21,
    "135736.61878787878": 21,
    "126149.12000000001": 20,
    "138772.48787878788": 18,
    "143222.35151515153": 18,
    "145368.38575757577": 17,
    "131935.89": 16,
    "132056.05590909094": 16,
    "134264.39363636365": 16,
    "147504.7872727273": 16,
    "129302.06141414144": 15,
    "131061.49080808082": 15,
    "134768.35": 15,
    "142557.61500000002": 15,
    "133207.52505050506": 14,
    "136892.695": 14,
    "147504.07373737375": 14,
    "147505.14404040406": 14,
    "147511.56585858585": 14,
    "126270.97000000002": 13,
    "138308.92500000002": 13,
    "134695.24000000002": 12,
    "136119.59333333332": 12,
    "128573.56707070708": 11,
    "131319.94333333333": 11,
    "142507.0067676768": 11,
    "137499.59353535355": 10,
    "147501.57636363638": 10,
    "121288.62363636366": 9,
    "147505.50080808083": 9,
    "147510.1387878788": 9,
    "126903.2678787879": 8,
    "128200.11181818185": 7,
    "136831.77000000002": 7,
    "140360.97252525252": 7,
    "143113.54": 7,
    "129847.7181818182": 6,
    "138930.28303030305": 6,
    "139645.6277777778": 6,
    "147511.2090909091": 6,
    "121762.00909090911": 5,
    "131846.53333333335": 5,
    "127116.5783838384": 4,
    "135476.46500000003": 4,
    "140569.36696969697": 4,
    "147504.43050505052": 4,
    "135000.50621212122": 3,
    "143347.38818181818": 3,
    "121876.06000000001": 2,
    "129630.80131313133": 2,
    "132792.1684848485": 2,
    "135407.4166666667": 2,
    "137315.4991919192": 2,
    "126769.42232323233": 1,
    "127373.76621212122": 1,
    "127484.76707070708": 1,
    "128285.65000000001": 1,
    "128915.45656565658": 1,
    "128997.82666666669": 1,
    "129910.90000000001": 1,
    "132558.71000000002": 1,
    "136472.73136363638": 1,
    "137543.94666666668": 1,
    "147503.00343434344": 1
  },
  "source": {
    "analyze": "dark",
    "fontface": "Consolas-Regular",
    "fontsize": 14,
    "language": "c",
    "theme": "Shades of Purple"
  },
  "average": 124574.92554439422,
  "diff65": 1816.5373160676033,
  "cctbg": 147514.42
}
