{
  "colors": {
    "#9effff": 4822,
    "#e1efff": 3354,
    "#ff9d00": 2313,
    "#fad000": 421,
    "#ff628c": 324,
    "#92fc79": 241,
    "#b362ff": 223,
    "#ffffff": 170,
    "#a5ff90": 115,
    "#80ffbb": 15
  },
  "cccts": {
    "147514.42": 10526,
    "0.0": 6194,
    "118047.55214285715": 1334,
    "147499.28285714288": 1204,
    "116605.44571428573": 1074,
    "127869.84142857142": 1046,
    "116393.91142857143": 1002,
    "122562.63673387097": 992,
    "133599.51017857142": 867,
    "135315.77040322582": 863,
    "117592.48642857144": 854,
    "130059.95875000002": 809,
    "126767.41428571429": 783,
    "133800.2004464286": 759,
    "134215.78285714288": 736,
    "135046.94767857142": 736,
    "147504.32857142857": 695,
    "104541.90437500001": 654,
    "134631.1987096774": 616,
    "147508.15354838708": 599,
    "102438.8325": 575,
    "126908.43714285715": 547,
    "127566.46428571429": 547,
    "127051.31732142859": 537,
    "125902.95571428572": 533,
    "128496.33142857143": 485,
    "126049.85452380954": 482,
    "95151.03625": 470,
    "115241.3": 470,
    "131514.4971875": 470,
    "123309.58": 469,
    "147501.03258064514": 444,
    "134718.7693548387": 419,
    "147498.02142857143": 409,
    "123572.58986607144": 406,
    "121341.49822580646": 393,
    "147507.2719047619": 385,
    "113800.53571428574": 379,
    "135127.38298387098": 366,
    "131711.6239314516": 363,
    "115098.99196428573": 355,
    "124595.745": 348,
    "126735.29946428572": 347,
    "121717.15631578949": 326,
    "132918.51547619049": 317,
    "115591.97982142858": 307,
    "147503.90809523812": 304,
    "121453.66858870968": 296,
    "122958.69678571429": 295,
    "133384.6180357143": 292,
    "129506.88964285715": 288,
    "147502.64666666667": 286,
    "117163.3642857143": 283,
    "140194.40790322583": 276,
    "128625.60238095238": 270,
    "103878.266875": 261,
    "147501.87210526314": 256,
    "122344.80370535716": 254,
    "114029.69785714286": 251,
    "119991.17451612903": 234,
    "121051.20455645162": 227,
    "120178.25725806452": 222,
    "122177.29883064517": 217,
    "132678.12793750002": 204,
    "136169.0201875": 204,
    "119967.59611111114": 200,
    "140583.36909274195": 199,
    "147505.1695238095": 198,
    "126028.16218750001": 194,
    "132818.6242857143": 191,
    "134315.71877232142": 188,
    "123117.12080645162": 186,
    "121321.64857142858": 185,
    "137999.0772544643": 185,
    "123474.10666666667": 174,
    "115591.97982142857": 167,
    "131117.59290322583": 162,
    "124241.80500000001": 159,
    "130325.41375000002": 156,
    "129228.79392857142": 149,
    "147505.59000000003": 148,
    "127280.38285714286": 146,
    "132548.9884375": 146,
    "147501.60225806452": 144,
    "147510.85951612904": 131,
    "130938.23620967743": 128,
    "147508.61742857145": 124,
    "140244.16395161292": 119,
    "147506.3020967742": 119,
    "134949.7356451613": 116,
    "126042.2790625": 115,
    "134008.7722321429": 115,
    "147505.59": 109,
    "114634.10964285715": 105,
    "133459.99677419357": 105,
    "120671.68524193548": 100,
    "120917.14571428571": 100,
    "126437.29797619049": 93,
    "132167.09299107143": 91,
    "133181.97702380954": 91,
    "140476.33078629035": 91,
    "129711.52066964286": 90,
    "120039.7761904762": 89,
    "132184.688": 88,
    "93053.53000000001": 85,
    "147501.88709677418": 79,
    "126642.05526785714": 78,
    "137478.10478125": 76,
    "147492.345": 70,
    "147509.2929032258": 69,
    "131467.57659274194": 64,
    "122740.34596774196": 63,
    "127255.9483482143": 63,
    "136708.68785714288": 60,
    "121813.92927419355": 59,
    "128644.9628125": 58,
    "135878.11250000002": 55,
    "128966.55261904762": 54,
    "126264.50017857144": 50,
    "147508.3230952381": 49,
    "132386.39500000002": 48,
    "134979.77071428573": 48,
    "137379.57153225807": 48,
    "137533.7066935484": 48,
    "117297.78142857144": 46,
    "135645.82044642858": 46,
    "147500.96476190476": 46,
    "124800.37602678573": 44,
    "131773.3777777778": 44,
    "129809.63750000003": 42,
    "147487.93": 42,
    "121747.97741935485": 40,
    "123908.04333333333": 40,
    "126232.79321428572": 40,
    "128189.58806451614": 40,
    "131860.14645089285": 39,
    "126943.09066964287": 38,
    "125038.49714285714": 37,
    "121923.11870967744": 36,
    "121927.7502419355": 36,
    "126530.64321428572": 36,
    "130873.59250000001": 36,
    "129360.79000000001": 33,
    "147504.01321428572": 33,
    "147505.02032258068": 33,
    "130824.79241935484": 32,
    "140375.3947983871": 31,
    "136464.34455357146": 30,
    "113679.53125000001": 29,
    "122400.87839285715": 29,
    "123439.59531250001": 29,
    "127484.88142857143": 29,
    "130764.89070564516": 29,
    "133488.51363839288": 29,
    "124976.62625": 28,
    "131237.44254032258": 28,
    "147509.53196428574": 28,
    "117470.11214285714": 27,
    "128933.86447580646": 27,
    "129216.44560483874": 27,
    "147506.57111111112": 27,
    "147507.69238095242": 27,
    "147508.11285714287": 27,
    "94400.07250000001": 26,
    "102130.345": 26,
    "121756.94142857144": 26,
    "136062.61150000003": 26,
    "147502.12107142858": 26,
    "147503.69785714286": 26,
    "128320.94403225808": 25,
    "133394.87915178572": 25,
    "103448.48875": 24,
    "147501.80571428573": 24,
    "129484.18500000001": 23,
    "130059.95875": 23,
    "120535.70380952382": 22,
    "126767.4142857143": 22,
    "135462.53008928575": 21,
    "131309.5291532258": 20,
    "113679.53125000003": 19,
    "137045.25129032257": 19,
    "123688.75232142859": 18,
    "128840.24803571429": 18,
    "135064.97202380953": 18,
    "131776.83555555556": 17,
    "121113.00446428572": 16,
    "123222.705": 16,
    "130325.41375": 16,
    "103699.804375": 15,
    "122385.05129032259": 15,
    "131614.58921875": 15,
    "135711.2316666667": 15,
    "147501.49035714287": 15,
    "120655.1857142857": 14,
    "120942.97568548388": 14,
    "127484.88142857145": 14,
    "129154.00964285716": 14,
    "129484.18500000003": 14,
    "147500.68444444446": 14,
    "147506.22071428574": 14,
    "147506.25225000002": 14,
    "147507.63982142857": 14,
    "126650.31732142859": 13,
    "131401.94844758065": 13,
    "125620.56321428572": 12,
    "129809.63750000001": 12,
    "133347.8067857143": 12,
    "137234.22370967743": 12,
    "147503.3825": 12,
    "147507.48214285716": 12,
    "103252.46375000001": 11,
    "125904.13464285716": 11,
    "133669.77526785716": 11,
    "147504.64392857143": 10,
    "119892.38923387097": 9,
    "121589.55991071429": 9,
    "122854.18723214287": 9,
    "126648.0691964286": 9,
    "127369.99428571427": 9,
    "147507.1667857143": 9,
    "133199.65937500002": 8,
    "147505.27464285717": 8,
    "122221.87357142857": 7,
    "130836.452625": 7,
    "132874.39580645162": 7,
    "135412.00000000003": 7,
    "131415.99589285714": 6,
    "133245.4517857143": 6,
    "134025.0619047619": 6,
    "134868.14678571429": 6,
    "135005.38145161292": 6,
    "135289.6892261905": 6,
    "147502.7517857143": 6,
    "147506.5360714286": 6,
    "147507.58387096776": 6,
    "124012.59000000001": 5,
    "127343.62093750002": 5,
    "129177.32383928573": 5,
    "131369.04334375": 5,
    "95947.40125000001": 4,
    "120790.56491935485": 4,
    "121487.5825": 4,
    "124118.81455357144": 4,
    "126015.7555357143": 4,
    "131285.03604166667": 4,
    "131757.83093750002": 4,
    "140447.5465120968": 4,
    "147503.48761904764": 4,
    "147506.32583333334": 4,
    "147508.53333333335": 4,
    "116039.25111111111": 3,
    "125191.2719047619": 3,
    "128483.73450892858": 3,
    "131094.02741071428": 3,
    "133326.83017857146": 3,
    "136055.08250000002": 3,
    "137713.5582589286": 3,
    "147506.37839285715": 3,
    "114779.72821428571": 2,
    "114966.4198214286": 2,
    "116282.21500000001": 2,
    "119851.74571428572": 2,
    "120808.36857142858": 2,
    "121067.79479838711": 2,
    "122333.88785714286": 2,