{
  "colors": {
    "#9effff": 4822,
    "#e1efff": 3354,
    "#ff9d00": 2313,
    "#fad000": 421,
    "#ff628c": 324,
    "#92fc79": 241,
    "#b362ff": 223,
    "#ffffff": 170,
    "#a5ff90": 115,
    "#80ffbb": 15
  },
  "cccts": {
    "147514.42": 10526,
    "0.0": 6194,
    "140865.10142857145": 1744,
    "136799.19532467533": 1412,
    "147508.91558441558": 1273,
    "137842.6838961039": 1251,
    "140966.22714285715": 1155,
    "140598.75142857144": 1137,
    "137989.77584415587": 1097,
    "136274.79298701297": 1095,
    "136197.87142857144": 1002,
    "134120.38915584417": 992,
    "137394.48558441558": 945,
    "136633.7168831169": 902,
    "139655.70571428572": 876,
    "147511.0561904762": 803,
    "137455.26571428572": 785,
    "138447.1674025974": 736,
    "140073.29175324677": 736,
    "143283.03545454546": 723,
    "135906.25993506494": 713,
    "140645.75904761907": 689,
    "147509.5271861472": 669,
    "144537.96870129873": 654,
    "139709.1234632035": 601,
    "144392.3013852814": 575,
    "137523.64043290046": 499,
    "137238.2003896104": 496,
    "139180.35636363638": 472,
    "142484.84285714288": 470,
    "145700.9694805195": 470,
    "138712.66000000003": 469,
    "147507.2336796537": 444,
    "139958.3761688312": 438,
    "147510.5974891775": 438,
    "147508.4568831169": 417,
    "147509.2213852814": 411,
    "133464.88623376624": 393,
    "135254.82571428572": 379,
    "130548.64759740261": 363,
    "135726.99162337664": 355,
    "136899.21670995673": 329,
    "139027.00857142857": 326,
    "134418.0342857143": 301,
    "147510.1387878788": 299,
    "133525.0988961039": 296,
    "135608.6148051948": 295,
    "136477.67246753248": 295,
    "144492.00246753247": 261,
    "135338.15740259743": 257,
    "147510.2916883117": 257,
    "135310.96967532468": 254,
    "133913.54110389613": 246,
    "132740.03714285715": 234,
    "133309.0575974026": 227,
    "132840.46251082252": 222,
    "139656.1344155844": 215,
    "143221.4084848485": 200,
    "137096.84045454548": 194,
    "136826.5685714286": 191,
    "134715.67941558443": 188,
    "138287.42097402597": 188,
    "138772.48787878788": 188,
    "140769.74095238096": 174,
    "132036.87324675327": 168,
    "129910.90000000001": 162,
    "139051.6509090909": 159,
    "133002.48636363636": 146,
    "147507.5394805195": 144,
    "137703.97774891776": 142,
    "132528.25064935067": 137,
    "138882.71123376625": 136,
    "133227.45376623375": 134,
    "133006.81584415585": 132,
    "129718.3438961039": 128,
    "139850.011991342": 125,
    "147510.9032900433": 124,
    "147505.70467532467": 119,
    "137103.68500000003": 115,
    "147507.9981818182": 109,
    "135557.94350649352": 107,
    "139970.0542857143": 105,
    "133105.33294372295": 100,
    "147507.0807792208": 99,
    "147513.3496969697": 96,
    "137090.8251082251": 95,
    "132632.16350649353": 91,
    "137692.13071428574": 90,
    "147507.69238095236": 89,
    "135569.17428571428": 88,
    "145628.3285714286": 85,
    "135424.7498701299": 76,
    "140562.85967532467": 76,
    "137211.42857142858": 75,
    "147512.89099567098": 70,
    "147509.3742857143": 66,
    "137540.44214285718": 65,
    "145398.72772727275": 65,
    "130286.64006493507": 64,
    "134215.78285714285": 63,
    "133718.4855844156": 61,
    "136501.5501948052": 59,
    "138365.59227272728": 58,
    "147509.9858874459": 57,
    "147512.2793939394": 57,
    "138930.28303030305": 51,
    "133777.0980952381": 48,
    "138398.31142857144": 48,
    "141227.4485714286": 48,
    "136526.55142857143": 46,
    "145061.27056277057": 44,
    "147513.50259740264": 42,
    "133683.08285714287": 40,
    "137140.91714285716": 40,
    "139775.64662337664": 40,
    "132334.51837662337": 39,
    "139883.95571428572": 38,
    "147509.6800865801": 38,
    "139341.35714285716": 37,
    "133779.58428571429": 36,
    "138460.27601731603": 36,
    "129596.55142857143": 32,
    "132798.75662337663": 32,
    "145430.9040909091": 32,
    "147506.4691774892": 32,
    "134311.78000000003": 31,
    "137803.1285714286": 31,
    "129532.24136363636": 29,
    "131109.62545454546": 29,
    "135841.77772727274": 29,
    "130039.56974025974": 28,
    "136587.00484848485": 28,
    "145368.3857575758": 28,
    "136589.21714285715": 27,
    "140573.93000000002": 27,
    "147509.83298701298": 27,
    "147513.1967965368": 27,
    "135025.94554112555": 26,
    "144370.9342857143": 26,
    "145674.9620779221": 26,
    "133822.74402597404": 25,
    "135962.58112554112": 25,
    "144462.23428571428": 24,
    "147508.30398268398": 24,
    "131279.4032034632": 23,
    "134401.52181818182": 23,
    "134820.26636363636": 23,
    "132425.6885714286": 22,
    "137747.42571428572": 22,
    "138749.4091558442": 21,
    "130116.96142857143": 20,
    "135210.8240909091": 20,
    "147508.76268398273": 20,
    "143222.35151515153": 18,
    "139927.4735714286": 17,
    "145061.80943722944": 17,
    "134713.7336796537": 16,
    "135013.32454545455": 16,
    "138681.06909090912": 16,
    "140837.90714285715": 16,
    "134025.0619047619": 15,
    "144479.64142857143": 15,
    "147508.1510822511": 15,
    "132947.48285714287": 14,
    "133250.96071428573": 14,
    "147507.8452813853": 14,
    "130216.18214285714": 13,
    "134638.21454545457": 12,
    "147509.06848484848": 12,
    "134089.30995670997": 11,
    "137397.40142857144": 11,
    "138623.70670995672": 11,
    "144448.65679653682": 11,
    "147507.3865800866": 10,
    "132687.00954545455": 9,
    "134944.7908658009": 9,
    "131572.45134199134": 8,
    "133633.44": 8,
    "140799.61142857143": 8,
    "131903.82692640694": 7,
    "135251.3671861472": 7,
    "143113.54": 7,
    "147506.77497835498": 7,
    "136171.09614718618": 6,
    "137136.98857142858": 6,
    "138317.1303896104": 6,
    "147510.75038961042": 6,
    "136331.47512987014": 5,
    "137734.63863636364": 5,
    "138010.55406926406": 5,
    "138968.30000000002": 5,
    "133169.14714285714": 4,
    "134895.3472727273": 4,
    "137835.8522943723": 4,
    "145728.54922077924": 4,
    "147510.4445887446": 4,
    "131591.61506493506": 3,
    "133152.6743722944": 3,
    "137196.17285714287": 3,
    "139396.9116017316": 3,
    "142609.1988744589": 3,
    "143347.38818181818": 3,
    "147506.6220779221": 3,
    "131643.0542857143": 2,
    "133317.9631818182": 2,
    "134940.47714285715": 2,
    "135305.67714285714": 2,
    "135650.36926406928": 2,
    "135678.7835714286": 2,
    "136157.25454545455": 2,
    "136203.90506493507": 2,
    "136784.2487878788": 2,
    "138996.5459090909": 2,
    "140284.40285714288": 2,
    "131879.02766233767": 1,
    "132863.92857142858": 1,
    "133368.7342857143": 1,
    "134331.63822510824": 1,
    "134390.02142857143": 1,
    "135610.89571428573": 1,
    "136221.33285714287": 1,
    "137442.20714285717": 1,
    "138052.64428571428": 1,
    "139236.85935064935": 1,
    "141382.89359307362": 1,
    "147505.85757575757": 1,
    "147511.9735930736": 1
  },
  "source": {
    "analyze": "dark",
    "fontface": "Consolas-Regular",
    "fontsize": 14,
    "language": "c",
    "theme": "Shades of Purple"
  },
  "average": 125958.36693346479,
  "diff65": 1837.821029745612
}
