{
  "colors": {
    "#e1efff": 3354,
    "#ff9d00": 2313,
    "#9effff": 2218,
    "#fad000": 421,
    "#ff628c": 324,
    "#92fc79": 241,
    "#b362ff": 223,
    "#a5ff90": 115,
    "#ffffff": 21,
    "#80ffbb": 15
  },
  "cccts": {
    "1142.69": 1472,
    "5001.185": 1334,
    "73721.89": 1205,
    "1636.27": 1074,
    "3334.1233333333334": 1046,
    "4327.948557692308": 992,
    "2361.6706944444445": 867,
    "2115.8859615384617": 863,
    "3939.365": 854,
    "761.7933333333333": 805,
    "1805.5422916666664": 759,
    "2297.962916666667": 756,
    "1641.4020833333334": 736,
    "1750.8288888888887": 736,
    "49147.926666666666": 695,
    "6251.481250000001": 654,
    "483.44576923076926": 616,
    "31190.030384615384": 599,
    "2045.3375": 575,
    "1090.8466666666666": 547,
    "2626.243333333333": 547,
    "3473.045138888889": 537,
    "793.5347222222223": 533,
    "698.3105555555557": 485,
    "1136.298611111111": 482,
    "5417.950416666667": 474,
    "2166.6507500000002": 470,
    "5909.0475": 470,
    "888.7588888888889": 469,
    "66633.24673076923": 444,
    "692.2680769230769": 419,
    "79865.38083333333": 409,
    "4063.4628125000004": 406,
    "1416.0028846153846": 393,
    "34813.11472222222": 385,
    "1237.9141666666667": 379,
    "1666.654423076923": 366,
    "2741.034086538462": 363,
    "4267.645416666666": 355,
    "3889.8105555555558": 348,
    "2735.6701388888887": 347,
    "964.1446875": 326,
    "772.6830555555555": 317,
    "51195.756944444445": 304,
    "4520.301826923077": 296,
    "4167.654166666667": 295,
    "1860.2556944444443": 292,
    "3056.2797222222225": 288,
    "2938.08": 286,
    "57339.247777777775": 286,
    "274.6850961538462": 276,
    "999.9427777777778": 270,
    "4924.206249999999": 261,
    "43004.43583333334": 257,
    "62202.8446875": 256,
    "4271.8455208333335": 254,
    "1772.6258333333333": 251,
    "1032.8159615384616": 234,
    "3560.5799038461537": 227,
    "1478.9363461538462": 222,
    "3409.0658653846153": 217,
    "1506.227794117647": 204,
    "1969.6825": 204,
    "2557.205": 200,
    "1202.2079326923078": 199,
    "45052.266111111116": 198,
    "3646.6973958333333": 194,
    "539.6036111111111": 191,
    "2240.1141145833335": 188,
    "4231.7719230769235": 186,
    "1614.9659895833336": 185,
    "4445.497777777778": 185,
    "1272.6544444444444": 174,
    "2917.3579166666673": 172,
    "615.2946153846154": 162,
    "3063.9505555555556": 159,
    "2407.389722222222": 149,
    "422.65614583333337": 146,
    "1958.7199999999998": 146,
    "63797.78942307692": 144,
    "571.345": 136,
    "17721.608173076922": 131,
    "896.801826923077": 128,
    "28260.057833333336": 124,
    "393.33413461538464": 119,
    "40405.266634615386": 119,
    "1243.033846153846": 116,
    "606.4196875": 115,
    "2292.2097916666667": 115,
    "527.3953846153846": 105,
    "3182.9199999999996": 105,
    "2655.5723076923077": 100,
    "3501.6577777777775": 100,
    "2040.3333333333333": 93,
    "946.9627403846154": 91,
    "1387.4266666666665": 91,
    "2604.783854166667": 91,
    "3021.5492708333336": 90,
    "1454.4622222222222": 89,
    "1714.035": 85,
    "62380.06076923077": 79,
    "3542.506041666667": 78,
    "1332.4322794117647": 76,
    "2317.2735294117647": 76,
    "92152.3625": 70,
    "25519.115769230768": 69,
    "2159.075048076923": 64,
    "3333.308846153846": 63,
    "3438.3146875": 63,
    "396.76736111111114": 60,
    "2542.5692307692307": 59,
    "532.9142708333334": 58,
    "1531.9752777777778": 55,
    "1713.88": 54,
    "1795.4933333333333": 54,
    "1124.935625": 50,
    "29693.539027777777": 49,
    "460.2501388888889": 48,
    "955.5704166666667": 48,
    "1363.626346153846": 48,
    "1731.1794230769233": 48,
    "2014.3661805555557": 46,
    "3251.72": 46,
    "65530.56888888888": 46,
    "1461.26": 44,
    "3855.0801041666673": 44,
    "2435.883333333333": 43,
    "110582.83499999999": 42,
    "725.1686538461538": 40,
    "966.8915384615385": 40,
    "2285.173333333333": 40,
    "3611.966944444445": 40,
    "2656.87953125": 39,
    "2708.3134375": 38,
    "825.2761111111112": 37,
    "954.4908333333334": 37,
    "628.4795": 36,
    "1384.5361538461539": 36,
    "2258.1388888888887": 36,
    "2813.9884615384613": 36,
    "46785.045576923076": 33,
    "50683.799375": 33,
    "626.2820192307693": 32,
    "666.5691666666668": 31,
    "706.2692307692307": 31,
    "1875.444375": 30,
    "483.4394711538462": 29,
    "679.9251041666668": 29,
    "1329.469375": 29,
    "1846.57734375": 29,
    "1193.1135416666666": 28,
    "1610.2938461538463": 28,
    "23806.02697916667": 28,
    "2499.9816346153843": 27,
    "3173.8289423076926": 27,
    "3653.825": 27,
    "30717.454166666666": 27,
    "32765.28444444444": 27,
    "36860.945": 27,
    "323.42383333333333": 26,
    "1363.5583333333334": 26,
    "1428.3625000000002": 26,
    "4407.12": 26,
    "52219.67208333334": 26,
    "59899.035625": 26,
    "1038.4021153846154": 25,
    "2396.4011458333334": 25,
    "4064.6499999999996": 24,
    "61434.90833333333": 24,
    "2611.6266666666666": 22,
    "1586.6886805555555": 21,
    "1782.1926923076924": 20,
    "566.4011538461539": 19,
    "659.0531944444444": 18,
    "988.5797916666666": 18,
    "1261.2914583333334": 18,
    "1469.04": 18,
    "686.0505555555557": 16,
    "1397.6472916666667": 16,
    "1142.5866666666666": 15,
    "2486.067692307692": 15,
    "2721.2330147058824": 15,
    "4567.28125": 15,
    "62970.78104166666": 15,
    "2232.8930555555557": 14,
    "2890.4177777777772": 14,
    "3302.495673076923": 14,
    "33021.26322916667": 14,
    "39932.690416666665": 14,
    "40113.38132352941": 14,
    "64506.65375": 14,
    "2002.5771634615385": 13,
    "2537.378472222222": 13,
    "749.9570833333333": 12,
    "1017.0276923076923": 12,
    "1159.0245833333333": 12,
    "33789.199583333335": 12,
    "53755.54479166667": 12,
    "732.9126041666667": 11,
    "2845.096944444444": 11,
    "3672.6": 11,
    "47612.05395833334": 10,
    "797.2510576923078": 9,
    "2019.9299999999998": 9,
    "2167.813333333333": 9,
    "2387.19": 9,
    "2509.6099999999997": 9,
    "35325.07229166667": 9,
    "404.27979166666665": 8,
    "44540.308541666665": 8,
    "444.37944444444446": 7,
    "549.3701923076924": 7,
    "890.323382352941": 7,
    "2448.4": 7,
    "852.2239583333334": 6,
    "1183.3933333333334": 6,
    "1224.2": 6,
    "1305.8133333333333": 6,
    "1375.7276923076922": 6,
    "1535.5344444444443": 6,
    "34025.487692307695": 6,
    "38396.817708333336": 6,
    "56827.29020833333": 6,
    "569.6669791666667": 5,
    "1775.09": 5,
    "2143.478014705882": 5,
    "2529.1155555555556": 5,
    "735.0541666666668": 4,
    "878.3233173076923": 4,
    "1615.9440000000002": 4,
    "2081.14": 4,
    "2264.77": 4,
    "2750.6517500000004": 4,
    "2939.0546153846153": 4,
    "7501.7775": 4,
    "28669.623888888887": 4,
    "40547.039500000006": 4,
    "53243.587222222224": 4,
    "869.2684375": 3,
    "948.755": 3,
    "1181.7505555555556": 3,
    "1725.417361111111": 3,
    "1944.9052777777779": 3,
    "3229.931979166667": 3,
    "39164.7540625": 3,
    "386.4980882352942": 2,
    "496.16156250000006": 2,
    "528.3788541666667": 2,
    "613.6012499999999": 2,
    "647.6902083333333": 2,
    "672.1705882352942": 2,
    "763.3254807692308": 2,
    "781.6634615384615": 2,
    "784.0460416666667": 2,
    "882.065": 2,
    "1015.7244444444444": 2,
    "1056.7577083333333": 2,
    "1377.225": 2,
    "1545.8490384615384": 2,
    "1598.661176470588": 2,
    "1864.550769230769": 2,
    "1897.51": 2,
    "1979.6357291666668": 2,
    "1987.1622222222222": 2,
    "2142.35": 2,
    "2709.7666666666664": 2,
    "3247.844444444444": 2,
    "3522.6966666666663": 2,
    "3958.3104166666662": 2,
    "35443.216346153844": 2,
    "373.18134615384616": 1,
    "716.6778125000001": 1,
    "988.8663461538463": 1,
    "1050.0345833333333": 1,
    "1273.1680000000001": 1,
    "1316.015": 1,
    "1412.5384615384614": 1,