{
  "colors": {
    "#000000": 3623,
    "#0000e6": 1181,
    "#969696": 223,
    "#ce7b00": 151,
    "#009900": 29
  },
  "cccts": {
    "6503.44": 15113,
    "0.0": 6194,
    "6503.51111111111": 4098,
    "6503.524444444445": 3351,
    "6503.5199999999995": 2606,
    "17948.54707070707": 2088,
    "6503.506666666667": 2056,
    "6503.546666666665": 2033,
    "6503.497777777777": 1741,
    "6503.4400000000005": 1737,
    "6503.471111111111": 1529,
    "6503.488888888889": 1495,
    "6503.502222222222": 1019,
    "6503.484444444444": 980,
    "6503.537777777778": 950,
    "6503.573333333334": 794,
    "6503.533333333333": 783,
    "19379.18545454546": 764,
    "6503.466666666666": 733,
    "6503.515555555555": 689,
    "20094.504646464648": 660,
    "6503.457777777778": 656,
    "17233.22787878788": 566,
    "15802.589494949496": 533,
    "6503.542222222221": 492,
    "6157.853737373736": 321,
    "6503.528888888887": 300,
    "6093.056313131313": 277,
    "18663.866262626267": 262,
    "6503.493333333333": 216,
    "6503.5599999999995": 209,
    "6330.6468686868675": 200,
    "6503.555555555556": 200,
    "22240.46222222222": 195,
    "6114.655454545455": 175,
    "6503.582222222222": 162,
    "6503.6": 152,
    "6179.452878787878": 114,
    "6503.479999999999": 105,
    "6028.258888888889": 102,
    "6222.6511616161615": 94,
    "5985.060606060605": 66,
    "6438.642575757574": 61,
    "15087.270303030304": 58,
    "25817.058181818185": 58,
    "6417.043434343434": 54,
    "6503.564444444444": 51,
    "6136.2545959595955": 48,
    "6503.551111111111": 46,
    "22955.781414141416": 40,
    "6265.849444444444": 32,
    "27963.01575757576": 32,
    "6443.509545454545": 31,
    "6049.858030303029": 29,
    "32254.930909090916": 29,
    "5855.465757575757": 27,
    "11510.674343434344": 26,
    "6373.845151515152": 18,
    "6463.486363636363": 16,
    "6006.659747474747": 15,
    "6071.45717171717": 14,
    "6352.24601010101": 11,
    "5920.263181818181": 10,
    "6201.052020202021": 10,
    "6454.607777777777": 9,
    "6287.448585858586": 7,
    "6244.250303030302": 6,
    "5725.870909090909": 5,
    "5963.461464646464": 2,
    "6450.168484848484": 2,
    "6456.827424242423": 2,
    "6467.925656565655": 2,
    "5877.064898989898": 1,
    "5898.66404040404": 1,
    "5941.862323232323": 1,
    "6470.145303030303": 1,
    "6503.568888888888": 1,
    "23671.100606060605": 1
  },
  "source": {
    "analyze": "light",
    "fontface": "Consolas-Regular",
    "fontsize": 14,
    "language": "c",
    "theme": "Netbeans Light"
  },
  "average_cct": 6902.772901820329,
  "average_cct_without_background": 3374.7589363487396,
  "diff65": 6.196506181851215,
  "background_cct": 6503.44
}
