{
  "colors": {
    "#000000": 3623,
    "#0000e6": 1181,
    "#969696": 223,
    "#ce7b00": 151,
    "#009900": 29
  },
  "cccts": {
    "6503.44": 16840,
    "0.0": 6194,
    "6503.481904761904": 3662,
    "6503.5085714285715": 3496,
    "6503.500952380951": 2900,
    "6503.487619047619": 1911,
    "6503.504761904761": 1793,
    "6503.5257142857145": 1638,
    "6503.459047619048": 1529,
    "6503.514285714285": 1329,
    "13247.878095238095": 1087,
    "17539.79324675325": 988,
    "6503.493333333333": 838,
    "14167.5741991342": 795,
    "16313.531774891775": 785,
    "6503.529523809523": 763,
    "6503.4971428571425": 736,
    "6503.466666666666": 733,
    "6503.5485714285705": 588,
    "6503.451428571428": 559,
    "6503.470476190476": 470,
    "15087.270303030306": 455,
    "6503.523809523809": 420,
    "6503.531428571428": 418,
    "6503.51619047619": 403,
    "18459.48935064935": 379,
    "6503.502857142857": 344,
    "6503.4914285714285": 328,
    "6170.196103896104": 295,
    "6503.489523809523": 272,
    "6503.518095238095": 270,
    "20912.012294372293": 234,
    "6503.506666666667": 222,
    "6373.84515151515": 218,
    "6299.790952380951": 200,
    "6503.521904761905": 200,
    "6503.499047619047": 198,
    "6503.495238095237": 193,
    "6503.539047619048": 193,
    "16926.662510822513": 177,
    "6503.527619047619": 169,
    "6503.546666666666": 162,
    "6207.2232034632025": 142,
    "6142.425779220778": 126,
    "6272.020627705628": 125,
    "15393.835670995672": 106,
    "6503.4857142857145": 105,
    "6068.371580086579": 100,
    "6503.535238095237": 98,
    "6503.453333333333": 97,
    "6188.7096536796535": 95,
    "6503.512380952381": 92,
    "6503.510476190476": 90,
    "6503.483809523808": 76,
    "6503.5199999999995": 62,
    "6086.88512987013": 61,
    "6429.385800865801": 61,
    "6244.250303030303": 51,
    "6503.478095238095": 48,
    "6503.5371428571425": 42,
    "16620.097142857143": 40,
    "19992.31619047619": 40,
    "6059.114805194804": 32,
    "23977.665974025975": 32,
    "19379.185454545455": 31,
    "20298.88155844156": 30,
    "6449.217207792207": 29,
    "17846.358614718618": 29,
    "22444.839134199137": 29,
    "5975.803831168831": 28,
    "6438.642575757575": 28,
    "6447.89935064935": 26,
    "9569.09367965368": 26,
    "14474.139567099568": 23,
    "21218.577662337662": 22,
    "6476.804242424242": 16,
    "6096.141904761905": 15,
    "6114.655454545455": 12,
    "6197.966428571428": 11,
    "6234.993528138529": 11,
    "6410.872251082251": 11,
    "6503.4400000000005": 10,
    "6123.912229437229": 9,
    "6458.729978354977": 9,
    "6022.087705627706": 8,
    "6133.169004329004": 7,
    "6160.939329004329": 6,
    "6225.736753246752": 6,
    "6216.479978354977": 5,
    "6077.628354978355": 3,
    "6355.331601731601": 3,
    "6179.452878787879": 2,
    "6459.681255411256": 2,
    "6460.632532467533": 2,
    "6469.194025974026": 2,
    "6472.047857142857": 2,
    "13554.443463203463": 2,
    "18766.05471861472": 2,
    "6031.34448051948": 1,
    "6105.398679653679": 1,
    "6253.507077922078": 1,
    "6318.304502164502": 1,
    "6482.511904761904": 1
  },
  "source": {
    "analyze": "light",
    "fontface": "Consolas-Regular",
    "fontsize": 14,
    "language": "c",
    "theme": "Netbeans Light"
  },
  "average": 6670.29237510901,
  "diff65": 2.6198826939847724
}
