{
  "colors": {
    "#000000": 3623,
    "#0000e6": 1181,
    "#969696": 223,
    "#ce7b00": 151,
    "#009900": 29
  },
  "cccts": {
    "6503.44": 15755,
    "0.0": 6194,
    "6503.6285714285705": 3349,
    "6503.565714285714": 2192,
    "6503.518064516129": 1670,
    "6503.599677419354": 1638,
    "6503.715": 1529,
    "6503.529047619047": 1499,
    "6503.570952380952": 1415,
    "6503.644285714285": 1084,
    "36853.41142857143": 988,
    "6503.55": 979,
    "6503.4400000000005": 956,
    "6503.526428571428": 894,
    "26736.75428571429": 805,
    "6503.6067741935485": 763,
    "6503.518571428571": 736,
    "6503.523809523809": 736,
    "6503.555238095239": 723,
    "6503.586666666667": 700,
    "19067.675483870968": 602,
    "6503.541129032257": 588,
    "6503.7699999999995": 559,
    "27579.80904761905": 533,
    "6503.5408333333335": 510,
    "25050.644761904765": 485,
    "6503.635555555555": 470,
    "30108.973333333335": 455,
    "6503.593214285714": 437,
    "6503.484354838709": 429,
    "39382.57571428572": 408,
    "6503.60761904762": 390,
    "6503.597142857143": 327,
    "6503.596315789474": 326,
    "6503.5961290322575": 285,
    "5587.019285714286": 283,
    "6503.601071428572": 270,
    "6503.569642857144": 264,
    "13642.210161290323": 262,
    "33345.21580645162": 234,
    "6503.577499999999": 222,
    "6503.5115": 204,
    "6503.5335": 204,
    "5671.873055555556": 200,
    "6503.524464285714": 200,
    "6503.500892857142": 188,
    "20835.370952380956": 177,
    "6503.530357142857": 168,
    "6503.539354838709": 162,
    "6503.439999999999": 139,
    "5510.650892857142": 124,
    "6124.061532258064": 116,
    "6503.503870967742": 115,
    "5892.492857142856": 114,
    "6503.553928571428": 108,
    "6503.525161290321": 105,
    "5692.9496370967745": 100,
    "6503.538214285713": 97,
    "5867.036726190476": 93,
    "6070.685773809523": 91,
    "6503.573571428571": 90,
    "6503.532888888889": 88,
    "6503.515952380952": 85,
    "6503.557096774193": 80,
    "6503.50325": 76,
    "6503.576190476191": 68,
    "6503.513333333333": 65,
    "6503.585357142858": 63,
    "6503.549999999999": 62,
    "6028.258888888889": 61,
    "6503.505476190476": 60,
    "5727.438588709677": 59,
    "24839.881071428572": 58,
    "5943.405119047618": 54,
    "5968.86125": 54,
    "6503.531666666666": 48,
    "18727.73404761905": 48,
    "6503.5401785714275": 42,
    "5790.668333333333": 40,
    "25349.79322580645": 40,
    "31631.910967741936": 40,
    "5892.492857142857": 32,
    "6503.510714285714": 32,
    "22779.835967741936": 32,
    "6287.884052419355": 31,
    "24207.59": 31,
    "6452.934092741934": 29,
    "20729.98910714286": 29,
    "29898.209642857146": 29,
    "6011.972439516128": 28,
    "6503.541749999999": 27,
    "4899.70375": 26,
    "6167.4190714285705": 26,
    "50763.815": 26,
    "28422.863809523817": 23,
    "5688.84380952381": 22,
    "6430.191666666667": 16,
    "5744.683064516129": 15,
    "6147.054166666666": 15,
    "6193.039435483871": 12,
    "5166.993125": 11,
    "6503.561785714285": 10,
    "5720.663973214286": 9,
    "5758.848169642857": 9,
    "5873.400758928571": 9,
    "6420.149556451613": 9,
    "5739.756071428571": 7,
    "6503.528709677419": 7,
    "6096.141904761904": 6,
    "6121.598035714285": 6,
    "6134.326101190476": 6,
    "5949.769151785714": 5,
    "5797.032366071428": 4,
    "5854.308660714285": 4,
    "6013.409479166668": 4,
    "6503.514642857143": 4,
    "5553.077777777778": 3,
    "6064.321741071428": 3,
    "6207.5124776785715": 3,
    "5835.2165625": 2,
    "5911.584955357143": 2,
    "5934.372298387096": 2,
    "6008.954656249999": 2,
    "6073.867790178571": 2,
    "6409.263571428572": 2,
    "6423.69383064516": 2,
    "6438.693705357144": 2,
    "6458.313794642857": 2,
    "6503.546071428571": 2,
    "16683.326250000002": 2,
    "24207.590000000004": 2,
    "33481.19238095238": 2,
    "5743.775460526315": 1,
    "5785.979046052631": 1,
    "6057.957708333332": 1,
    "6072.328104838709": 1,
    "6092.959888392857": 1,
    "6106.3243571428575": 1,
    "6464.452983870967": 1,
    "6503.542142857143": 1,
    "6503.620714285714": 1,
    "6503.636428571428": 1,
    "32203.012580645165": 1
  },
  "source": {
    "analyze": "light",
    "fontface": "Consolas-Regular",
    "fontsize": 14,
    "language": "c",
    "theme": "Netbeans Light"
  },
  "average": 7802.518130546894,
  "diff65": 20.038740469952216
}
