{
  "colors": {
    "#000000": 2464,
    "#0000e6": 1181,
    "#969696": 223,
    "#ce7b00": 151,
    "#009900": 29
  },
  "cccts": {
    "3252.16": 3819,
    "2168.1066666666666": 2192,
    "1375.9138461538462": 1670,
    "2814.369230769231": 1638,
    "4065.2": 1529,
    "1535.7422222222222": 1499,
    "2258.4444444444443": 1415,
    "3251.72": 1205,
    "3523.1733333333327": 1084,
    "74068.32": 988,
    "1897.0933333333335": 965,
    "1490.5733333333333": 894,
    "49378.880000000005": 805,
    "2939.4523076923074": 763,
    "1355.0666666666666": 736,
    "1445.4044444444444": 736,
    "1987.4311111111112": 723,
    "2529.4577777777777": 700,
    "2167.813333333333": 695,
    "31336.596923076926": 602,
    "1375.7276923076922": 599,
    "1782.4338461538462": 588,
    "4878.24": 559,
    "51436.333333333336": 533,
    "1788.688": 510,
    "45263.97333333334": 485,
    "57608.693333333336": 455,
    "2939.0546153846153": 444,
    "2642.38": 437,
    "781.7692307692307": 429,
    "3522.6966666666663": 409,
    "80240.68000000001": 408,
    "2890.8088888888888": 390,
    "1535.5344444444443": 385,
    "1626.08": 340,
    "2710.133333333333": 327,
    "2744.0099999999998": 326,
    "2258.1388888888887": 304,
    "1113.405": 286,
    "2529.1155555555556": 286,
    "2751.8276923076924": 285,
    "2777.8866666666663": 270,
    "2235.8599999999997": 264,
    "17804.884615384617": 262,
    "1896.8366666666666": 257,
    "2743.6387499999996": 256,
    "66946.36615384616": 234,
    "2371.3666666666663": 222,
    "1243.4729411764704": 204,
    "974.229375": 200,
    "1456.6966666666667": 200,
    "1987.1622222222222": 198,
    "1050.1766666666667": 188,
    "34976.70666666667": 177,
    "1558.3266666666666": 168,
    "1751.1630769230767": 162,
    "742.27": 146,
    "2813.9884615384613": 144,
    "781.6634615384615": 131,
    "1206.1887499999998": 124,
    "1246.4926666666668": 124,
    "1782.1926923076924": 119,
    "471.05596153846153": 116,
    "1125.7476923076922": 115,
    "1964.8466666666664": 108,
    "1500.9969230769232": 105,
    "1006.346826923077": 100,
    "1693.8333333333335": 97,
    "773.1979166666666": 93,
    "525.7745833333333": 91,
    "2303.6133333333332": 90,
    "1309.8977777777777": 85,
    "2063.870769230769": 80,
    "2751.4553846153844": 79,
    "1099.995294117647": 76,
    "1913.035294117647": 76,
    "4064.6499999999996": 70,
    "1125.5953846153845": 69,
    "2348.782222222222": 68,
    "1264.7288888888888": 65,
    "2506.8733333333334": 63,
    "556.7025": 62,
    "1129.2222222222222": 60,
    "963.5235576923077": 59,
    "44749.61": 58,
    "649.48625": 54,
    "680.4141666666667": 54,
    "1309.7205555555556": 49,
    "29833.073333333337": 48,
    "2890.4177777777772": 46,
    "1727.71": 42,
    "4877.58": 42,
    "865.9816666666667": 40,
    "47004.89538461539": 40,
    "62673.19384615385": 40,
    "2063.591538461538": 33,
    "2235.5575": 33,
    "1219.56": 32,
    "40595.136923076934": 32,
    "267.6454326923077": 31,
    "43206.520000000004": 31,
    "1661.755528846154": 29,
    "34719.525": 29,
    "57094.33000000001": 29,
    "610.2315865384616": 28,
    "1050.0345833333333": 28,
    "1354.8833333333332": 27,
    "1445.2088888888886": 27,
    "1625.86": 27,
    "1769.5576470588232": 27,
    "408.2485": 26,
    "1670.1075": 26,
    "2303.3016666666667": 26,
    "2642.0225": 26,
    "92585.40000000001": 26,
    "2709.7666666666664": 24,
    "53493.786666666674": 23,
    "989.6933333333333": 22,
    "2358.2027777777776": 16,
    "432.99083333333334": 15,
    "942.1119230769231": 15,
    "2777.5108333333333": 15,
    "1456.4995833333332": 14,
    "1761.3483333333331": 14,
    "1769.3182352941174": 14,
    "2845.2549999999997": 14,
    "385.4094230769231": 12,
    "1490.3716666666664": 12,
    "2371.045833333333": 12,
    "1391.75625": 11,
    "2100.0691666666667": 10,
    "2100.3533333333335": 10,
    "765.4659375": 9,
    "904.6415625": 9,
    "951.0334375": 9,
    "1558.1158333333333": 9,
    "2740.4389423076923": 9,
    "1964.5808333333332": 8,
    "927.8375": 7,
    "1563.5384615384614": 7,
    "448.45479166666667": 6,
    "463.91875": 6,
    "494.84666666666664": 6,
    "1500.793846153846": 6,
    "1693.6041666666667": 6,
    "2506.534166666667": 6,
    "672.6821874999999": 5,
    "612.37275": 4,
    "788.661875": 4,
    "858.2496875": 4,
    "1264.5577777777778": 4,
    "1287.3133333333333": 4,
    "1788.4460000000001": 4,
    "2348.4644444444443": 4,
    "359.53703125": 3,
    "533.5065625": 3,
    "1727.47625": 3,
    "521.90859375": 2,
    "605.8233088235294": 2,
    "706.5839423076923": 2,
    "719.0740625": 2,
    "811.8578124999999": 2,
    "1452.8213541666667": 2,
    "1563.326923076923": 2,
    "1829.34": 2,
    "2084.4828125": 2,
    "2623.824519230769": 2,
    "3031.975": 2,
    "25052.520000000004": 2,
    "43569.600000000006": 2,
    "65838.50666666667": 2,
    "482.4755": 1,
    "498.71265625": 1,
    "535.2908653846154": 1,
    "887.244609375": 1,
    "939.4354687499999": 1,
    "1129.0694444444443": 1,
    "1282.7586538461537": 1,
    "1750.9261538461537": 1,
    "1761.5866666666664": 1,
    "1829.0925": 1,
    "3116.2316666666666": 1,
    "3116.653333333333": 1,
    "3387.2083333333335": 1,
    "3387.666666666667": 1,
    "64097.58461538462": 1
  },
  "source": {
    "analyze": "light",
    "fontface": "Consolas-Regular",
    "fontsize": 14,
    "language": "c",
    "theme": "Netbeans Light"
  },
  "average": 8986.222419799782,
  "diff65": 38.24957568922742
}
