{
  "colors": {
    "#e1e4e8": 4632,
    "#f97583": 2315,
    "#b392f0": 421,
    "#79b8ff": 339,
    "#ffab70": 270,
    "#6a737d": 223,
    "#9ecbff": 174
  },
  "cccts": {
    "8812.24": 10526,
    "0.0": 6194,
    "8380.655714285715": 2039,
    "8524.517142857143": 1461,
    "8700.376428571428": 1204,
    "8446.785564516129": 1149,
    "8633.573387096774": 1097,
    "35231.15928571428": 1074,
    "8608.43630952381": 1049,
    "7354.115714285714": 1002,
    "8560.4825": 1002,
    "8182.8462500000005": 917,
    "8614.430535714286": 874,
    "8512.52869047619": 862,
    "7840.157142857143": 805,
    "8344.690357142857": 794,
    "8620.424761904762": 736,
    "8632.413214285714": 736,
    "8208.607903225806": 616,
    "8765.930887096774": 599,
    "8737.664285714285": 596,
    "47339.830625": 575,
    "7799.653690476191": 533,
    "7921.164047619048": 485,
    "27158.71172619048": 482,
    "8056.9675": 474,
    "8581.462291666667": 474,
    "7300.111111111111": 470,
    "7678.1433333333325": 469,
    "8476.563333333334": 464,
    "8430.54314516129": 460,
    "8713.30689516129": 444,
    "19749.104435483874": 419,
    "26424.852857142858": 410,
    "8461.577767857143": 407,
    "8580.785524193549": 403,
    "31183.099072580644": 393,
    "8691.054464285713": 391,
    "8548.494047619048": 390,
    "8759.415535714286": 385,
    "7232.6053571428565": 379,
    "7603.531710526317": 326,
    "21287.840773809523": 317,
    "8734.556964285715": 304,
    "8452.586428571429": 297,
    "8725.234999999999": 286,
    "10890.944285714286": 283,
    "8428.609523809524": 282,
    "8469.267217741935": 276,
    "24957.13511904762": 270,
    "8710.724879032257": 261,
    "8746.98625": 257,
    "8719.510986842104": 256,
    "8443.595089285713": 254,
    "37432.73589285714": 251,
    "7522.662338709678": 234,
    "32177.359475806454": 222,
    "8454.906774193549": 216,
    "8598.246125000001": 204,
    "8648.597625": 204,
    "10698.471666666666": 200,
    "8743.87892857143": 198,
    "7517.686428571427": 195,
    "8497.543125": 194,
    "8123.681309523809": 191,
    "8618.926205357142": 189,
    "8672.87424107143": 186,
    "29360.28833333333": 174,
    "8043.980967741935": 162,
    "10198.042857142858": 146,
    "21910.77901785714": 146,
    "8717.516814516128": 144,
    "7949.204285714286": 141,
    "8276.322661290322": 138,
    "26424.852857142854": 137,
    "8785.928004032257": 131,
    "22980.450745967744": 128,
    "8769.358964285715": 124,
    "8752.248649193549": 119,
    "15026.36752016129": 119,
    "8200.923035714286": 116,
    "9672.778870967742": 116,
    "27605.795982142856": 115,
    "8153.732258064517": 105,
    "11064.169642857143": 105,
    "8515.525803571427": 101,
    "10650.663951612903": 100,
    "8737.664285714287": 99,
    "7716.045443548387": 96,
    "10255.784642857143": 93,
    "8587.456517857143": 91,
    "8666.058225806451": 91,
    "9793.850357142856": 91,
    "8551.491160714286": 90,
    "32295.723809523806": 89,
    "8093.978777777777": 88,
    "6260.5225": 85,
    "8719.621774193549": 79,
    "8506.534464285713": 78,
    "8667.4794375": 76,
    "8649.105625": 70,
    "8774.350725806451": 69,
    "7667.325685483871": 67,
    "8638.40744047619": 62,
    "9890.086666666666": 61,
    "8305.946845238095": 60,
    "10572.43314516129": 59,
    "7913.2444642857145": 58,
    "8644.401666666667": 58,
    "25327.789196428574": 58,
    "8544.24008064516": 54,
    "10024.817500000001": 54,
    "10082.559285714286": 54,
    "26975.24700892857": 50,
    "38426.32821428571": 50,
    "8021.123928571429": 49,
    "8767.183839285713": 49,
    "7805.364999999999": 48,
    "8103.4295833333335": 48,
    "8224.93994047619": 48,
    "8500.540238095238": 46,
    "8712.805714285714": 46,
    "8479.56044642857": 45,
    "8117.983447580646": 44,
    "27036.294285714284": 43,
    "8616.478749999998": 42,
    "23472.315927419353": 42,
    "7604.975806451613": 40,
    "7906.791854838709": 40,
    "10429.01": 40,
    "8582.960848214285": 39,
    "7409.806964285714": 37,
    "7759.150238095238": 37,
    "8032.548541666667": 36,
    "30685.968870967743": 36,
    "7740.405322580646": 33,
    "8735.333794642856": 33,
    "8742.77633064516": 33,
    "8030.262056451613": 32,
    "7961.6675000000005": 31,
    "8507.741512096774": 31,
    "9301.182540322581": 31,
    "8650.395892857143": 30,
    "8128.744241071428": 29,
    "29883.80276785714": 29,
    "30277.61191964286": 29,
    "36148.32142857143": 29,
    "8776.117388392857": 28,
    "9927.028991935484": 28,
    "28076.0353125": 28,
    "8754.236666666668": 27,
    "8762.522857142856": 27,
    "8765.630178571428": 27,
    "6685.80875": 26,
    "8721.350848214284": 26,
    "8733.003303571428": 26,
    "12449.9725": 26,
    "18835.469857142856": 26,
    "30828.006071428572": 26,
    "25217.536653225805": 25,
    "8719.020357142856": 24,
    "8605.439196428571": 23,
    "24223.276250000003": 23,
    "32988.50556451613": 23,
    "6924.349375": 22,
    "10659.977142857142": 22,
    "8579.3643125": 20,
    "17760.58362903226": 19,
    "8691.054464285715": 18,
    "19453.193601190476": 18,
    "24773.670401785716": 18,
    "29176.82361607143": 18,
    "7661.525714285714": 17,
    "30073.636666666665": 16,
    "31378.400223214285": 16,
    "8716.689866071427": 15,
    "9620.625": 15,
    "10533.317741935483": 15,
    "48677.35875": 15,
    "8710.734166666667": 14,
    "8751.647232142857": 14,
    "8751.88028125": 14,
    "8762.134441964285": 14,
    "24223.27625": 14,
    "25517.623095238094": 14,
    "27795.629880952383": 13,
    "8730.672812499999": 12,
    "8760.969196428572": 12,
    "9516.317258064515": 12,
    "20920.911339285718": 12,
    "27525.641160714284": 12,
    "11843.68375": 11,
    "20645.714263392856": 11,
    "8739.994776785714": 10,
    "8758.638705357143": 9,
    "10241.34919642857": 9,
    "10501.187232142856": 9,
    "10587.799910714284": 9,
    "8744.655758928571": 8,
    "21341.277321428566": 8,
    "8126.294435483871": 7,
    "8245.191666666666": 7,
    "10544.493571428571": 7,
    "23067.44853125": 7,
    "8726.011830357142": 6,
    "8753.977723214286": 6,
    "8761.720967741934": 6,
    "9649.495892857141": 6,
    "9678.366785714286": 6,
    "9736.108571428571": 6,
    "22572.093794642857": 6,
    "7877.284642857143": 5,
    "8290.822589285714": 5,
    "8373.762177419356": 5,
    "10068.123839285716": 5,
    "26466.792589285713": 5,
    "8731.449642857144": 4,
    "8752.4240625": 4,
    "8768.7375": 4,
    "9923.769375000002": 4,
    "10284.655535714284": 4,
    "10414.574553571429": 4,
    "15242.097862903225": 4,
    "31592.307857142856": 4,
    "8533.508482142857": 3,
    "8752.812477678572": 3,
    "9483.488258928572": 3,
    "10967.933333333332": 3,
    "20128.789838709676": 3,
    "21720.94511904762": 3,
    "22847.290870535715": 3,
    "27892.570595238092": 3,
    "7516.129523809524": 2,
    "7961.667499999999": 2,
    "8057.083750000001": 2,
    "8113.5554464285715": 2,
    "8323.1608125": 2,
    "8641.404553571429": 2,
    "8759.616008064517": 2,
    "9786.632633928572": 2,
    "9933.874187500001": 2,
    "10103.048306451612": 2,
    "10154.736517857144": 2,
    "10327.961874999999": 2,
    "17343.34935267857": 2,
    "18719.334732142856": 2,
    "19269.72888392857": 2,
    "21471.305491071427": 2,
    "24188.785803571427": 2,
    "25874.45870535714": 2,
    "31959.72830645161": 2,
    "33110.97904761905": 2,
    "7577.537983870968": 1,
    "8008.363991935483": 1,
    "8578.465178571429": 1,
    "8695.715446428572": 1,
    "8696.233333333334": 1,
    "8705.037410714285": 1,
    "8749.316741071429": 1,
    "8753.30112903226": 1,
    "8773.398482142857": 1,
    "9713.011857142856": 1,
    "9743.326294642857": 1,
    "9790.12508064516": 1,
    "9822.72125": 1,
    "10439.64664473684": 1,
    "10535.37644736842": 1,
    "31022.806160714284": 1,
    "34130.37098214286": 1,
    "36331.947589285715": 1
  },
  "source": {
    "analyze": "dark",
    "fontface": "Consolas-Regular",
    "fontsize": 14,