{
  "colors": {
    "#e1e4e8": 4632,
    "#f97583": 2315,
    "#b392f0": 421,
    "#79b8ff": 339,
    "#ffab70": 270,
    "#6a737d": 223,
    "#9ecbff": 174
  },
  "cccts": {
    "8812.24": 10526,
    "0.0": 6194,
    "8716.33238095238": 2720,
    "8672.738008658009": 2240,
    "8655.30025974026": 2160,
    "8664.019134199134": 1331,
    "8771.562337662337": 1273,
    "8616.065324675325": 1149,
    "8488.212380952382": 1137,
    "8703.254069264069": 1123,
    "18419.119740259743": 1095,
    "8642.221948051949": 1032,
    "8282.012987012988": 1002,
    "8768.645627705628": 917,
    "8444.026796536797": 876,
    "8787.381428571429": 803,
    "8340.9270995671": 785,
    "8681.456883116882": 736,
    "8751.207878787878": 726,
    "14683.110952380952": 689,
    "8776.082077922078": 669,
    "15483.684264069263": 601,
    "8690.175757575757": 588,
    "11480.817705627705": 575,
    "17351.688658008658": 499,
    "8786.083376623377": 474,
    "8576.58354978355": 470,
    "8399.841212121211": 469,
    "8607.34645021645": 460,
    "8759.133051948053": 444,
    "8783.991623376623": 438,
    "8768.172532467532": 417,
    "8773.822207792207": 411,
    "8563.752077922078": 403,
    "20820.839675324674": 393,
    "8237.827402597402": 379,
    "8637.862510822511": 373,
    "8620.424761904762": 331,
    "17885.4041991342": 329,
    "8414.56974025974": 326,
    "8780.601818181818": 299,
    "9568.132467532467": 295,
    "8781.731753246753": 257,
    "19219.693051948052": 257,
    "8633.503073593074": 254,
    "8698.894632034633": 250,
    "8602.987012987012": 239,
    "8119.999177489178": 234,
    "21354.555216450215": 222,
    "9106.198181818181": 218,
    "8341.493246753247": 200,
    "8659.659696969697": 194,
    "8311.470043290043": 191,
    "8624.7841991342": 189,
    "8677.097445887446": 189,
    "16284.257575757576": 188,
    "8524.56142857143": 187,
    "9274.174285714287": 174,
    "8585.549264069263": 170,
    "7987.442424242424": 162,
    "8668.378571428571": 155,
    "8685.816320346321": 152,
    "21513.853593073592": 146,
    "8761.392922077923": 144,
    "9484.144415584415": 142,
    "21621.412987012984": 137,
    "8393.798441558441": 130,
    "24023.132922077923": 128,
    "9337.165324675325": 125,
    "8786.251493506494": 124,
    "8747.833701298701": 119,
    "8367.645844155844": 116,
    "17924.26714285714": 115,
    "8764.782727272726": 109,
    "9631.123506493508": 107,
    "8458.755324675325": 105,
    "9799.099610389612": 100,
    "8758.003116883117": 99,
    "8781.723939393938": 97,
    "8223.806558441558": 96,
    "8804.330454545454": 96,
    "9526.138441558442": 95,
    "8594.268138528138": 91,
    "8485.332532467532": 89,
    "8762.522857142856": 89,
    "8252.55593073593": 88,
    "8723.868831168831": 85,
    "8711.972943722943": 76,
    "17618.54642857143": 75,
    "8800.94064935065": 70,
    "8197.653961038961": 67,
    "8774.952142857142": 66,
    "8650.940822510824": 65,
    "8980.216103896104": 61,
    "9757.105584415585": 61,
    "16819.779004329004": 58,
    "8779.471883116883": 57,
    "8796.42090909091": 57,
    "9400.156363636363": 51,
    "8385.112683982685": 48,
    "8446.103636363636": 48,
    "8517.669437229439": 48,
    "20553.981904761906": 48,
    "8066.890974025974": 44,
    "14886.924761904762": 43,
    "8805.460389610389": 42,
    "24551.195974025974": 42,
    "8164.184761904761": 40,
    "8326.198571428571": 40,
    "8589.908701298702": 39,
    "8777.212012987013": 38,
    "8302.26435064935": 37,
    "8429.298268398268": 37,
    "8629.143636363637": 37,
    "16551.115346320348": 36,
    "8236.882857142857": 33,
    "7972.713896103895": 32,
    "8753.483376623377": 32,
    "9820.096623376623": 32,
    "8193.641818181819": 31,
    "17648.145108225108": 31,
    "8149.456233766235": 30,
    "18752.63324675325": 29,
    "19028.75528138528": 29,
    "23170.585800865803": 29,
    "8184.577662337662": 28,
    "8959.21909090909": 28,
    "10009.06974025974": 28,
    "18152.261969696967": 28,
    "8778.341948051948": 27,
    "8803.20051948052": 27,
    "8664.95471861472": 26,
    "8938.222077922079": 26,
    "19486.550822510824": 26,
    "18685.97751082251": 25,
    "8767.042597402597": 24,
    "8611.705887445887": 23,
    "20020.26636363636": 23,
    "21789.97562770563": 23,
    "22688.84406926407": 23,
    "8105.270649350649": 22,
    "8681.477012987012": 22,
    "19580.99935064935": 22,
    "8770.432402597402": 20,
    "15715.290865800866": 17,
    "16543.656969696967": 16,
    "19753.408593073593": 16,
    "8765.912662337661": 15,
    "9736.108571428571": 15,
    "11573.460346320346": 15,
    "8763.652792207791": 14,
    "22066.09766233766": 14,
    "8772.692272727272": 12,
    "9694.114545454546": 12,
    "9022.210129870131": 11,
    "9421.153376623377": 11,
    "9505.141428571429": 11,
    "20287.124134199134": 11,
    "8760.262987012988": 10,
    "9673.117532467531": 9,
    "9904.084675324675": 8,
    "20961.609523809522": 8,
    "8606.040606060607": 7,
    "8755.743246753247": 7,
    "9652.120519480519": 7,
    "22155.128528138524": 7,
    "8785.121558441559": 6,
    "9442.150389610388": 6,
    "9589.129480519481": 6,
    "8433.027337662337": 5,
    "8472.256233766233": 5,
    "9463.147402597402": 5,
    "17372.023073593075": 5,
    "8782.861688311688": 4,
    "17084.83088744589": 4,
    "19857.121385281385": 4,
    "8754.613311688312": 3,
    "9148.192207792208": 3,
    "15750.542034632035": 3,
    "18200.389177489178": 3,
    "21087.697445887443": 3,
    "22421.9862987013": 3,
    "8134.727705627705": 2,
    "8223.098874458874": 2,
    "8263.035454545454": 2,
    "8473.483852813853": 2,
    "8646.581385281384": 2,
    "9547.135454545454": 2,
    "16267.534935064934": 2,
    "18952.83528138528": 2,
    "21237.73155844156": 2,
    "8380.722142857143": 1,
    "8748.963636363636": 1,
    "8794.16103896104": 1,
    "9232.18025974026": 1,
    "9379.15935064935": 1,
    "9715.111558441558": 1,
    "9883.087662337663": 1
  },
  "source": {
    "analyze": "dark",
    "fontface": "Consolas-Regular",
    "fontsize": 14,
    "language": "c",
    "theme": "Github"
  },
  "average": 8692.477004839157,
  "diff65": 33.73041545906395
}
