{
  "colors": {
    "#e1e4e8": 2904,
    "#f97583": 2315,
    "#b392f0": 421,
    "#79b8ff": 339,
    "#ffab70": 270,
    "#6a737d": 223,
    "#9ecbff": 174
  },
  "cccts": {
    "3399.09": 2039,
    "1003.83": 1472,
    "2266.06": 1461,
    "4145.105": 1205,
    "2941.5201923076925": 1149,
    "1438.0765384615386": 1097,
    "66050.265": 1074,
    "1605.1258333333333": 1049,
    "1982.8025000000002": 926,
    "4248.8625": 917,
    "1557.91625": 874,
    "2360.4791666666665": 862,
    "669.22": 805,
    "3682.3475": 794,
    "1416.2875000000001": 736,
    "1510.7066666666667": 736,
    "2763.4033333333327": 695,
    "424.69730769230773": 616,
    "1753.698269230769": 599,
    "82562.83125": 575,
    "44033.509999999995": 547,
    "697.1041666666666": 533,
    "613.4516666666667": 485,
    "45868.23958333333": 482,
    "1869.4995000000001": 474,
    "5098.635": 474,
    "780.7566666666667": 469,
    "2643.7366666666667": 464,
    "3072.254423076923": 460,
    "3746.537211538461": 444,
    "27944.342884615384": 419,
    "4490.530416666666": 409,
    "2761.760625": 407,
    "1862.9627884615388": 403,
    "57158.88317307692": 393,
    "2077.221666666667": 390,
    "1957.4106944444443": 385,
    "1087.4825": 379,
    "846.9815625": 326,
    "31190.402916666666": 317,
    "2878.5451388888887": 304,
    "2832.5750000000003": 297,
    "3223.970555555555": 286,
    "9256.43": 286,
    "3021.4133333333334": 282,
    "241.30528846153848": 276,
    "40364.050833333335": 270,
    "817.0889423076924": 261,
    "2417.9779166666667": 257,
    "3497.4323437499997": 256,
    "2903.389375": 254,
    "71554.45375": 251,
    "907.3078846153846": 234,
    "59699.27798076923": 222,
    "2876.153076923077": 216,
    "1299.6520588235294": 204,
    "1699.545": 204,
    "8099.37625": 200,
    "2533.119722222222": 198,
    "1385.495": 195,
    "2478.503125": 194,
    "474.03083333333336": 191,
    "1522.5090625": 189,
    "1097.6228125": 186,
    "51372.42833333334": 174,
    "540.5238461538462": 162,
    "6170.953333333333": 146,
    "32674.523541666666": 146,
    "3587.110096153846": 144,
    "923.6633333333332": 141,
    "586.1709615384615": 138,
    "501.915": 136,
    "996.4194711538461": 131,
    "36200.626009615386": 128,
    "1588.9569166666665": 124,
    "2271.836394230769": 119,
    "15877.467548076924": 119,
    "654.2615277777777": 116,
    "3916.1819230769233": 116,
    "46880.838124999995": 115,
    "463.3061538461539": 105,
    "10027.799166666666": 105,
    "2336.8743750000003": 101,
    "8366.388653846154": 100,
    "1198.9860576923077": 96,
    "6428.076388888889": 93,
    "1176.6080769230769": 91,
    "1770.3593750000002": 91,
    "4371.091944444444": 91,
    "2053.616875": 90,
    "58711.346666666665": 89,
    "1505.7450000000001": 85,
    "3507.396538461538": 79,
    "2407.6887500000003": 78,
    "1149.6922058823532": 76,
    "1999.4647058823532": 76,
    "5181.381249999999": 70,
    "1434.8440384615383": 69,
    "1252.2743269230768": 67,
    "1369.0779166666669": 62,
    "4628.215": 62,
    "348.5520833333333": 60,
    "8010.372115384616": 59,
    "962.1493055555554": 58,
    "1321.8683333333333": 58,
    "41198.31229166666": 58,
    "2157.1148076923077": 54,
    "5399.584166666667": 54,
    "5656.707222222223": 54,
    "45409.5571875": 50,
    "73872.83583333333": 50,
    "846.6913888888889": 49,
    "1669.5561805555553": 49,
    "404.3204166666667": 48,
    "1077.6072222222222": 48,
    "2454.8983333333335": 46,
    "3684.537777777777": 46,
    "2620.131875": 45,
    "759.3578365384616": 44,
    "45460.206666666665": 43,
    "6217.657499999999": 42,
    "37373.53528846154": 42,
    "637.0459615384615": 40,
    "849.3946153846155": 40,
    "7199.445555555556": 40,
    "1805.7665625": 39,
    "724.9883333333333": 37,
    "1500.9529166666664": 37,
    "38529.32125": 37,
    "552.1065000000001": 36,
    "55888.68576923077": 36,
    "1172.341923076923": 33,
    "2630.5474038461534": 33,
    "2849.7596875": 33,
    "550.1760576923077": 32,
    "333.0516826923077": 31,
    "585.5675000000001": 31,
    "2225.1033653846157": 31,
    "1274.65875": 30,
    "470.5453125": 29,
    "52563.363958333335": 29,
    "53665.8403125": 29,
    "68190.31": 29,
    "1338.5234895833332": 28,
    "5073.235673076923": 28,
    "48161.651562499996": 28,
    "1727.1270833333333": 27,
    "1842.2688888888886": 27,
    "2072.5525": 27,
    "1254.7875000000001": 26,
    "2936.1160416666667": 26,
    "3367.8978124999994": 26,
    "13884.645": 26,
    "25003.113666666664": 26,
    "55041.887500000004": 26,
    "41916.514326923076": 25,
    "3454.2541666666666": 24,
    "1628.7306250000001": 23,
    "61633.54942307692": 23,
    "1731.8687499999999": 22,
    "8227.937777777777": 22,
    "1849.5048529411763": 20,
    "22863.553269230768": 19,
    "26603.578958333335": 18,
    "39905.368437499994": 18,
    "50913.7459375": 18,
    "1231.551111111111": 17,
    "53036.90777777778": 16,
    "56417.9346875": 16,
    "3540.610520833333": 15,
    "3599.722777777778": 15,
    "7832.363846153847": 15,
    "85237.8875": 15,
    "1856.6616145833332": 14,
    "2245.265208333333": 14,
    "2255.424779411764": 14,
    "3626.9668749999996": 14,
    "41671.85611111111": 14,
    "47354.38194444444": 13,
    "1899.8397916666663": 12,
    "3022.472395833333": 12,
    "3204.148846153846": 12,
    "30273.038125": 12,
    "46785.604375": 12,
    "11570.5375": 11,
    "29585.014531250003": 11,
    "2677.0469791666665": 10,
    "1986.1961458333333": 9,
    "6363.795625000001": 9,
    "7520.849375": 9,
    "7906.533958333333": 9,
    "2504.334270833333": 8,
    "31253.892083333332": 8,
    "390.37833333333333": 7,
    "482.61057692307696": 7,
    "7713.6916666666675": 7,
    "35939.114779411764": 7,
    "1913.1253846153845": 6,
    "2158.9088541666665": 6,
    "3195.1851041666664": 6,
    "3728.284305555556": 6,
    "3856.8458333333338": 6,
    "4113.968888888889": 6,
    "34401.1796875": 6,
    "479.594423076923": 5,
    "558.0465972222222": 5,
    "1000.6352777777777": 5,
    "5592.426458333333": 5,
    "44039.575208333335": 5,
    "1611.9852777777776": 4,
    "2279.80775": 4,
    "2993.686944444444": 4,
    "5091.0365": 4,
    "6556.6379166666675": 4,
    "7135.164791666667": 4,
    "16391.90144230769": 4,
    "56825.25833333333": 4,
    "2195.245625": 3,
    "2202.0870312499997": 3,
    "2989.0555208333335": 3,
    "28849.74653846154": 3,
    "32200.97972222222": 3,
    "35089.20328125": 3,
    "47702.96916666666": 3,
    "339.5307352941177": 2,
    "481.00187500000004": 2,
    "590.4882352941177": 2,
    "808.2054166666667": 2,
    "892.2933333333333": 2,
    "1345.473125": 2,
    "1992.8389423076922": 2,
    "4338.9515625": 2,
    "5036.586911764705": 2,
    "5874.272884615384": 2,
    "5978.111041666667": 2,
    "6749.480208333333": 2,
    "21328.73140625": 2,
    "24768.849374999998": 2,
    "26144.8965625": 2,
    "31649.0853125": 2,
    "38357.049375": 2,
    "42657.4628125": 2,
    "59010.845192307694": 2,
    "60613.608888888884": 2,
    "868.6990384615385": 1,
    "879.2564423076922": 1,
    "1439.2725694444443": 1,
    "1841.17375": 1,
    "2231.979615384615": 1,
    "2331.6215624999995": 1,
    "3972.3922916666666": 1,
    "4011.119666666667": 1,
    "4146.1092708333335": 1,
    "4317.817708333333": 1,
    "4450.206730769231": 1,
    "7376.21765625": 1,
    "7810.1128125000005": 1,
    "55404.626875": 1,
    "63298.170625": 1,
    "68802.359375": 1
  },
  "source": {
    "analyze": "dark",
    "fontface": "Consolas-Regular",
    "fontsize": 14,
    "language": "c",
    "theme": "Github"
  },
  "average": 9841.745325134983,
  "diff65": 51.41146654053821
}
