{
  "colors": {
    "#e1e4e8": 4632,
    "#f97583": 2315,
    "#b392f0": 421,
    "#79b8ff": 339,
    "#ffab70": 270,
    "#6a737d": 223,
    "#9ecbff": 174
  },
  "cccts": {
    "8812.24": 10526,
    "0.0": 6194,
    "8649.487676767678": 2783,
    "8262.37494949495": 2116,
    "8618.971616161616": 2111,
    "8629.143636363637": 1775,
    "8770.055757575758": 1557,
    "8568.111515151515": 1510,
    "8700.347777777777": 1495,
    "8659.659696969697": 1424,
    "8762.146212121212": 1103,
    "18774.9301010101": 1022,
    "20642.934494949495": 1006,
    "8764.782727272726": 949,
    "8669.831717171717": 922,
    "8741.035858585858": 917,
    "8680.003737373738": 862,
    "8365.474646464647": 859,
    "8193.641818181819": 792,
    "8751.20787878788": 726,
    "8598.627575757575": 687,
    "8159.275252525253": 674,
    "8507.079393939395": 585,
    "20020.266363636365": 583,
    "13170.916919191919": 575,
    "8771.55191919192": 571,
    "8296.741515151514": 566,
    "8777.965303030302": 560,
    "8588.455555555556": 558,
    "8468.574343434344": 506,
    "8639.315656565657": 483,
    "16906.925707070706": 482,
    "18152.26196969697": 482,
    "8710.519797979798": 474,
    "8772.692272727272": 426,
    "23756.27515151515": 423,
    "8754.236666666666": 408,
    "22510.93888888889": 317,
    "8578.283535353536": 309,
    "9596.128484848485": 302,
    "9743.107575757576": 277,
    "8228.008383838383": 276,
    "8608.799595959596": 255,
    "8324.058181818182": 232,
    "8263.035454545454": 205,
    "26207.928181818177": 204,
    "9204.184242424242": 200,
    "8056.175555555556": 195,
    "8232.524090909092": 191,
    "8547.767474747474": 189,
    "8767.419242424243": 189,
    "9694.114545454546": 175,
    "8748.963636363636": 172,
    "7712.509898989899": 162,
    "19397.59823232323": 154,
    "27492.28393939394": 152,
    "8446.047272727272": 143,
    "8801.69393939394": 138,
    "8354.569545454546": 136,
    "8785.874848484847": 129,
    "8733.144545454546": 122,
    "9547.135454545454": 114,
    "8399.841212121211": 108,
    "8502.940909090908": 105,
    "9890.086666666668": 102,
    "23630.78919191919": 100,
    "8079.967272727273": 96,
    "8331.10808080808": 95,
    "8751.600151515151": 94,
    "9449.149393939393": 94,
    "8690.175757575757": 90,
    "8759.509696969697": 88,
    "8674.773737373736": 85,
    "21888.270757575756": 82,
    "8793.784393939393": 70,
    "8756.87318181818": 66,
    "9988.072727272727": 66,
    "8959.219090909091": 61,
    "8415.592272727274": 58,
    "16543.65696969697": 58,
    "8140.99": 57,
    "8775.328787878787": 57,
    "9008.212121212122": 54,
    "19120.79595959596": 54,
    "23133.607020202016": 50,
    "9645.121515151515": 48,
    "8537.595454545455": 45,
    "7896.899090909091": 44,
    "8796.42090909091": 43,
    "8021.808989898989": 40,
    "8527.423434343435": 39,
    "21265.60262626263": 38,
    "8110.478636363637": 33,
    "7781.2430303030305": 32,
    "7884.342727272728": 31,
    "8293.546818181818": 31,
    "8557.939494949494": 31,
    "20409.365454545456": 31,
    "8783.238333333333": 29,
    "9841.093636363637": 29,
    "21053.650202020202": 29,
    "32006.49090909091": 29,
    "8804.330454545454": 27,
    "10282.03090909091": 27,
    "22986.504444444443": 27,
    "8571.674040404041": 26,
    "15899.37222222222": 26,
    "8598.660454545454": 22,
    "25624.279545454545": 21,
    "9106.198181818181": 18,
    "16284.257575757576": 18,
    "8741.05409090909": 16,
    "22342.219696969696": 16,
    "9939.079696969697": 15,
    "13322.233232323231": 15,
    "18476.51121212121": 15,
    "24378.94328282828": 15,
    "8735.78106060606": 14,
    "8743.690606060605": 14,
    "8791.147878787879": 14,
    "9792.100606060605": 14,
    "17187.941717171718": 13,
    "28140.782424242425": 13,
    "9155.191212121212": 11,
    "25001.61141414141": 11,
    "8717.325454545455": 10,
    "9498.142424242424": 10,
    "8746.327121212122": 9,
    "8780.601818181818": 9,
    "31228.29272727273": 9,
    "26852.21292929293": 8,
    "8606.040606060606": 7,
    "9302.170303030303": 7,
    "10135.051818181819": 7,
    "19765.08070707071": 7,
    "8788.511363636362": 6,
    "9351.163333333332": 6,
    "9400.156363636363": 6,
    "24275.073939393937": 6,
    "8202.012727272728": 5,
    "10575.98909090909": 5,
    "8738.417575757576": 4,
    "26246.947676767675": 4,
    "10037.065757575758": 2,
    "17529.59383838384": 2,
    "21697.93494949495": 2,
    "7987.442424242425": 1,
    "8517.251414141414": 1,
    "8727.871515151513": 1,
    "10086.058787878788": 1,
    "10184.04484848485": 1,
    "10233.037878787878": 1
  },
  "source": {
    "analyze": "dark",
    "fontface": "Consolas-Regular",
    "fontsize": 14,
    "language": "c",
    "theme": "Github"
  },
  "average": 8919.565574554059,
  "diff65": 37.22408576237014
}
