{
  "colors": {
    "#3c3836": 4579,
    "#7c6f64": 3885,
    "#076678": 1298,
    "#9d0006": 1123,
    "#427b58": 1026,
    "#b57614": 436,
    "#8f3f71": 324,
    "#928374": 223,
    "#af3a03": 185,
    "#79740e": 117
  },
  "cccts": {
    "5031.51": 10526,
    "0.0": 6194,
    "5023.531558441558": 1273,
    "5087.943506493507": 1246,
    "5030.447619047619": 1229,
    "4834.136493506494": 1122,
    "6853.115454545456": 1114,
    "5065.9971428571425": 960,
    "5030.833939393939": 923,
    "6650.714848484849": 894,
    "4716.547402597404": 873,
    "5026.634285714285": 803,
    "4839.032857142856": 798,
    "4812.785974025975": 775,
    "5081.6731168831175": 740,
    "5029.9647186147195": 736,
    "5030.061298701299": 736,
    "6144.713333333332": 718,
    "4910.892857142857": 705,
    "5070.699935064936": 704,
    "5092.646298701298": 671,
    "5024.418051948052": 669,
    "5084.808311688313": 665,
    "5047.185974025974": 664,
    "7308.516818181817": 649,
    "4894.445064935066": 618,
    "5102.051883116883": 596,
    "4976.684025974026": 590,
    "6751.9151515151525": 578,
    "4751.543246753247": 553,
    "4856.066883116884": 530,
    "6296.513787878788": 508,
    "5031.22025974026": 470,
    "5101.262034632035": 470,
    "5021.0937012987015": 444,
    "5025.969415584415": 438,
    "5022.866688311688": 417,
    "5023.974805194806": 411,
    "7004.915909090909": 398,
    "4784.793116883116": 393,
    "5075.402727272728": 350,
    "4845.101688311689": 332,
    "5149.216558441559": 326,
    "5025.304545454545": 299,
    "5094.213896103896": 297,
    "4937.977792207793": 295,
    "7409.717121212121": 292,
    "4786.539090909092": 291,
    "6448.314242424242": 286,
    "5537.511515151515": 275,
    "5100.484285714286": 274,
    "5120.863051948052": 269,
    "4690.300519480519": 266,
    "4817.688701298702": 259,
    "5025.526168831168": 257,
    "5095.7814935064935": 254,
    "4858.063333333333": 238,
    "4773.827922077922": 236,
    "5105.187077922078": 235,
    "4779.22393939394": 232,
    "4620.308831168832": 210,
    "5029.868138528139": 204,
    "5030.254458874459": 204,
    "5086.375909090909": 194,
    "5080.105519480519": 189,
    "5098.916688311688": 189,
    "4877.997272727273": 188,
    "7460.317272727273": 185,
    "7915.718636363636": 178,
    "4974.351428571428": 174,
    "5113.0250649350655": 170,
    "4810.759696969698": 161,
    "4768.345324675325": 151,
    "4789.380735930737": 146,
    "5021.536948051948": 144,
    "4948.37025974026": 142,
    "4719.001948051948": 141,
    "5076.970324675325": 128,
    "4966.557077922078": 125,
    "5026.412662337662": 124,
    "5018.877467532468": 119,
    "4857.808571428572": 115,
    "5022.201818181818": 109,
    "4930.183441558442": 107,
    "4541.568181818182": 104,
    "5127.419047619048": 101,
    "5140.497554112554": 101,
    "4909.398506493507": 100,
    "5020.8720779220785": 99,
    "5029.958636363636": 96,
    "4943.174025974026": 95,
    "4724.036363636364": 94,
    "5109.88987012987": 91,
    "4763.456060606061": 90,
    "5083.240714285715": 90,
    "7257.916666666667": 90,
    "5021.7585714285715": 89,
    "4734.045324675326": 87,
    "5057.667012987014": 85,
    "5106.754675324676": 82,
    "4821.534935064934": 79,
    "5029.578398268399": 76,
    "5030.399329004329": 76,
    "4850.584285714285": 75,
    "4747.688181818183": 73,
    "4699.049480519481": 72,
    "5029.293766233766": 70,
    "5024.196428571428": 66,
    "6701.3150000000005": 66,
    "5031.17196969697": 65,
    "4914.59474025974": 61,
    "5089.511103896104": 60,
    "4878.863290043289": 58,
    "5275.642121212121": 58,
    "5025.082922077922": 57,
    "5028.407272727273": 57,
    "5188.452077922078": 56,
    "4958.762727272728": 51,
    "4777.79012987013": 48,
    "4790.275714285715": 48,
    "5118.700043290043": 48,
    "5031.12367965368": 44,
    "5030.18025974026": 42,
    "4646.555714285715": 40,
    "4742.794285714285": 40,
    "5111.4574675324675": 39,
    "5024.639675324676": 38,
    "4872.514675324676": 36,
    "4532.819220779221": 32,
    "4906.80038961039": 32,
    "5019.9855844155845": 32,
    "5042.483181818183": 32,
    "4664.0536363636365": 31,
    "4731.4802597402595": 29,
    "4757.798658008658": 29,
    "4836.753852813852": 29,
    "5029.336948051948": 29,
    "5072.267532467532": 29,
    "6498.914393939394": 29,
    "4839.619090909091": 28,
    "4883.417337662338": 28,
    "5013.323181818182": 28,
    "4915.709047619048": 27,
    "5024.861298701299": 27,
    "5029.737012987013": 27,
    "4812.206103896105": 26,
    "4944.020389610389": 26,
    "5015.921298701299": 26,
    "5136.138051948052": 26,
    "4828.653896103896": 25,
    "7156.716363636364": 25,
    "5022.645064935065": 24,
    "5236.406601731602": 24,
    "4746.414935064936": 23,
    "4801.24090909091": 23,
    "4804.037012987013": 23,
    "5103.619480519481": 23,
    "4611.55987012987": 22,
    "6347.113939393938": 22,
    "4826.226493506494": 20,
    "5023.3099350649345": 20,
    "5201.530584415585": 19,
    "4995.136363636364": 18,
    "5010.725064935065": 17,
    "5153.576060606061": 17,
    "4806.723506493506": 16,
    "4884.12696969697": 16,
    "5197.171082251082": 16,
    "4917.192857142857": 15,
    "5022.4234415584415": 15,
    "5021.980194805195": 14,
    "5097.3490909090915": 14,
    "5144.8570562770565": 14,
    "5179.733073593074": 14,
    "4922.3890909090915": 12,
    "5023.753181818182": 12,
    "4795.758311688312": 11,
    "4945.772142857143": 11,
    "4956.164610389611": 11,
    "5005.528831168831": 11,
    "5021.315324675325": 10,
    "4784.117056277057": 9,
    "4924.987207792207": 9,
    "4799.9080952380955": 8,
    "4896.407922077922": 8,
    "4757.38012987013": 7,
    "4927.585324675326": 7,
    "5020.4288311688315": 7,
    "5092.54303030303": 7,
    "4935.379675324676": 6,
    "4953.566493506494": 6,
    "5026.191038961038": 6,
    "4868.3359307359315": 5,
    "4950.968376623377": 5,
    "6903.715606060606": 5,
    "4820.962813852814": 4,
    "4861.54948051948": 4,
    "5025.747792207792": 4,
    "5040.915584415585": 4,
    "4751.897532467533": 3,
    "4779.310519480519": 3,
    "4888.962467532467": 3,
    "4989.94012987013": 3,
    "5020.207207792208": 3,
    "5053.456363636364": 3,
    "4716.152424242425": 2,
    "4794.644415584415": 2,
    "4823.171298701299": 2,
    "4842.017532467533": 2,
    "4850.179393939395": 2,
    "4889.390649350649": 2,
    "4911.996623376624": 2,
    "4940.575909090909": 2,
    "5091.078701298702": 2,
    "4637.806753246753": 1,
    "4899.006038961039": 1,
    "4919.790974025974": 1,
    "4961.3608441558445": 1,
    "4979.547662337663": 1,
    "5019.0990909090915": 1,
    "5027.964025974025": 1
  },
  "source": {
    "analyze": "light",
    "fontface": "Consolas-Regular",
    "fontsize": 14,
    "language": "c",
    "theme": "Gruvbox"
  },
  "average": 4642.855276971452,
  "diff65": -28.57145727736227
}
