{
  "colors": {
    "#3c3836": 4579,
    "#7c6f64": 3885,
    "#076678": 1298,
    "#9d0006": 1123,
    "#427b58": 1026,
    "#b57614": 436,
    "#8f3f71": 324,
    "#928374": 223,
    "#af3a03": 185,
    "#79740e": 117
  },
  "cccts": {
    "5031.51": 10526,
    "0.0": 6194,
    "5009.569285714287": 1204,
    "5186.702142857143": 1177,
    "4488.732857142858": 1101,
    "10040.925": 1057,
    "4165.362857142858": 873,
    "5028.7212500000005": 809,
    "5029.318839285714": 759,
    "8371.119999999999": 751,
    "5029.385238095238": 736,
    "5029.518035714286": 736,
    "5095.756209677419": 732,
    "5016.882857142858": 695,
    "5134.971428571429": 666,
    "5257.831875": 664,
    "9273.353346774193": 649,
    "5022.4270161290315": 599,
    "5162.922701612903": 596,
    "4239.96": 590,
    "4669.658571428571": 590,
    "5104.795178571429": 587,
    "7397.067083333333": 578,
    "4454.078571428572": 573,
    "4430.018928571429": 533,
    "5139.282321428572": 527,
    "7105.300080645161": 503,
    "4654.581428571429": 495,
    "4672.943709677419": 485,
    "5023.14375": 470,
    "5028.953645833334": 470,
    "5479.085555555556": 470,
    "5012.105443548387": 444,
    "4806.811935483872": 421,
    "5007.740892857143": 409,
    "5157.603616071428": 407,
    "10458.37625": 398,
    "4571.9003225806455": 393,
    "8510.270416666668": 393,
    "5021.149107142857": 385,
    "5389.275986842105": 326,
    "4775.198571428571": 320,
    "4502.197857142858": 313,
    "5016.273392857143": 304,
    "5160.836785714286": 297,
    "9461.879717741935": 292,
    "4357.84": 291,
    "5014.445": 286,
    "8927.721666666666": 286,
    "4699.812857142858": 284,
    "4774.296428571429": 283,
    "12336.906875": 275,
    "5114.738044354839": 269,
    "4093.1839285714286": 266,
    "5199.634821428572": 264,
    "5018.71125": 257,
    "5013.322302631579": 256,
    "5164.069955357144": 254,
    "4443.501428571429": 253,
    "4827.779153225806": 242,
    "4551.473225806452": 236,
    "5168.763266129033": 235,
    "4511.17": 232,
    "5152.215": 226,
    "5126.349642857143": 224,
    "8092.819166666667": 215,
    "4265.482016129033": 210,
    "5029.1395625000005": 204,
    "5029.6973125": 204,
    "5027.171944444444": 200,
    "5018.101785714286": 198,
    "5144.6709375": 194,
    "5101.023147321429": 189,
    "5081.624129464285": 186,
    "8371.12": 185,
    "7718.010786290322": 178,
    "5068.013528225806": 177,
    "4609.35": 174,
    "5122.038750000001": 170,
    "5199.634821428573": 169,
    "4424.446666666667": 161,
    "4554.531666666667": 161,
    "5160.002419354839": 159,
    "5169.458571428571": 156,
    "4781.814196428572": 146,
    "5012.931169354839": 144,
    "9484.323333333332": 143,
    "4740.423870967742": 141,
    "5026.349213709677": 131,
    "5023.099392857143": 124,
    "4903.84064516129": 123,
    "5019.7434072580645": 119,
    "4925.029112903226": 116,
    "4673.250803571429": 115,
    "5102.639732142858": 115,
    "6209.799818548387": 115,
    "4860.034285714285": 114,
    "4752.861964285715": 105,
    "4575.152903225806": 104,
    "4804.02810483871": 100,
    "4185.9575": 94,
    "4852.889464285715": 93,
    "4549.041428571429": 91,
    "4910.048035714286": 91,
    "5112.339241071429": 91,
    "4662.935833333333": 90,
    "5125.271919642858": 90,
    "9179.090161290322": 90,
    "4622.496071428572": 87,
    "5786.793750000001": 85,
    "4640.346774193548": 79,
    "5013.3440322580645": 79,
    "5141.437767857143": 78,
    "4708.395645161291": 77,
    "5029.90646875": 76,
    "4251.000000000001": 73,
    "4604.852333333333": 72,
    "4999.5131249999995": 70,
    "5024.078467741935": 69,
    "5138.204598214286": 63,
    "5181.367886904763": 60,
    "4813.708185483872": 59,
    "4716.676160714285": 58,
    "5258.907258064516": 58,
    "6728.247338709678": 57,
    "5463.100714285714": 56,
    "5029.650833333334": 55,
    "4874.323928571429": 54,
    "5210.179274193548": 54,
    "4658.350714285714": 50,
    "5022.672767857143": 49,
    "4466.980357142857": 48,
    "4682.645178571429": 48,
    "5241.311041666667": 48,
    "5012.007142857143": 46,
    "5151.137276785715": 45,
    "5029.031111111111": 44,
    "4881.46875": 42,
    "4993.11375": 42,
    "4314.377419354839": 40,
    "4493.660564516129": 40,
    "4831.455": 40,
    "5084.0750806451615": 39,
    "5113.955825892857": 39,
    "5094.017946428571": 38,
    "8475.4828125": 38,
    "4582.113870967742": 36,
    "5262.291145833334": 36,
    "5133.026633064516": 34,
    "5016.425758928572": 33,
    "5017.885524193549": 33,
    "4567.003669354839": 32,
    "4860.034285714286": 32,
    "4526.257500000001": 31,
    "4971.009495967742": 31,
    "5089.707053571429": 30,
    "4590.503571428571": 29,
    "4629.825446428572": 29,
    "4752.046814516129": 29,
    "5029.269040178572": 29,
    "5143.593214285715": 29,
    "7049.191041666667": 29,
    "4635.735": 28,
    "4893.568850806451": 28,
    "5024.424977678572": 28,
    "8142.195120967743": 28,
    "5020.133333333334": 27,
    "5021.7585714285715": 27,
    "5022.368035714286": 27,
    "5127.879314516129": 27,
    "3768.37875": 26,
    "4579.1957142857145": 26,
    "4581.3862500000005": 26,
    "4840.438428571429": 26,
    "5013.683169642857": 26,
    "5015.968660714286": 26,
    "5226.4219354838715": 26,
    "4694.462903225806": 25,
    "7953.668750000001": 25,
    "5013.226071428572": 24,
    "5413.212540322581": 24,
    "4405.959285714286": 23,
    "4714.890000000001": 23,
    "5105.872901785714": 23,
    "4802.875714285714": 22,
    "8649.420833333334": 22,
    "4847.666129032258": 19,
    "5499.066607142858": 19,
    "4613.119285714286": 18,
    "4703.5821428571435": 18,
    "4812.891428571429": 18,
    "4898.14": 17,
    "5367.1916666666675": 17,
    "4567.887857142858": 16,
    "4626.206666666667": 16,
    "5244.108388888889": 16,
    "4818.548225806451": 15,
    "4931.4825": 15,
    "5012.768973214285": 15,
    "5115.24909375": 15,
    "4714.89": 14,
    "5011.600833333334": 14,
    "5019.625446428572": 14,
    "5019.67115625": 14,
    "5021.682388392857": 14,
    "5235.316726190476": 14,
    "5343.214404761905": 14,
    "4647.042857142857": 12,
    "4782.737142857143": 12,
    "4881.468750000001": 12,
    "4944.389274193549": 12,
    "5015.511562500001": 12,
    "5021.453839285714": 12,
    "4656.406875": 11,
    "4788.391071428572": 11,
    "5295.2598809523815": 11,
    "5017.3399553571435": 10,
    "4570.640887096774": 9,
    "4811.806741071428": 9,
    "4822.523973214286": 9,
    "4854.675669642857": 9,
    "5020.996741071429": 9,
    "4792.6705357142855": 8,
    "5018.254151785715": 8,
    "4738.6365000000005": 7,
    "4817.165357142857": 7,
    "5199.350833333334": 7,
    "5234.543266129032": 7,
    "4748.813571428572": 6,
    "4917.192857142857": 6,
    "4924.337678571428": 6,
    "4927.910089285714": 6,
    "5014.597366071429": 6,
    "5020.082544642857": 6,
    "5021.601290322581": 6,
    "4694.963482142857": 5,
    "4876.110133928572": 5,
    "7734.5068437499995": 5,
    "4597.256428571429": 4,
    "4833.241205357143": 4,
    "4849.317053571429": 4,
    "4893.9721875000005": 4,
    "5015.663928571429": 4,
    "5019.7778125": 4,
    "5022.9775": 4,
    "5114.4946875000005": 4,
    "5303.0962500000005": 4,
    "4639.504285714286": 3,
    "4743.159642857143": 3,
    "4764.77": 3,
    "4948.451450892857": 3,
    "5019.853995535714": 3,
    "5091.8625": 3,
    "5131.738258928572": 3,
    "4261.601428571429": 2,
    "4510.405714285715": 2,
    "4576.2125": 2,
    "4590.252338709678": 2,
    "4680.966428571429": 2,
    "4738.388839285714": 2,
    "4769.7139375": 2,
    "4771.4292857142855": 2,
    "4816.660714285715": 2,
    "4827.9685714285715": 2,
    "4843.9584374999995": 2,
    "4856.238214285714": 2,
    "4865.3929017857145": 2,
    "4871.788669354839": 2,
    "4892.72184375": 2,
    "4908.261830357143": 2,
    "4910.941138392857": 2,
    "5021.188427419354": 2,
    "5092.940223214287": 2,
    "4298.078951612903": 1,
    "4466.117142857142": 1,