{
  "colors": {
    "#7c6f64": 3885,
    "#3c3836": 1505,
    "#076678": 1298,
    "#9d0006": 1123,
    "#427b58": 1026,
    "#b57614": 436,
    "#8f3f71": 324,
    "#928374": 223,
    "#af3a03": 165,
    "#79740e": 117
  },
  "cccts": {
    "2464.56": 1205,
    "2877.87": 1177,
    "1249.275": 1101,
    "14204.39": 1057,
    "9469.593333333332": 936,
    "494.745": 873,
    "1147.9416666666666": 759,
    "1043.5833333333333": 736,
    "1113.1555555555556": 736,
    "1461.0166666666667": 733,
    "1217.5603846153845": 732,
    "1643.04": 695,
    "1918.58": 666,
    "3597.3374999999996": 664,
    "12292.260576923078": 649,
    "1042.6984615384615": 599,
    "2490.464423076923": 596,
    "832.85": 590,
    "1561.59375": 590,
    "1358.9941666666666": 587,
    "6707.62861111111": 578,
    "329.83": 573,
    "343.5729166666667": 533,
    "1998.5208333333333": 527,
    "3522.8": 526,
    "6009.549615384615": 503,
    "867.5520833333334": 495,
    "209.3151923076923": 485,
    "1377.53": 470,
    "3756.8999999999996": 470,
    "2227.583076923077": 444,
    "3117.6924999999997": 433,
    "528.5394230769231": 421,
    "2669.9399999999996": 409,
    "2338.269375": 407,
    "15388.089166666665": 398,
    "1081.1033653846155": 393,
    "9864.15972222222": 393,
    "1163.82": 385,
    "2972.3625": 326,
    "589.9354166666667": 320,
    "302.3441666666667": 313,
    "1711.5": 304,
    "2398.225": 297,
    "12838.583269230769": 292,
    "384.8016666666667": 291,
    "1915.59": 286,
    "1916.8799999999999": 286,
    "11047.858888888888": 286,
    "763.4458333333334": 284,
    "17755.4875": 275,
    "1577.2941346153848": 269,
    "535.97375": 266,
    "1437.66": 257,
    "2079.4725": 256,
    "2458.180625": 254,
    "1353.38125": 253,
    "1252.3": 248,
    "118.92908653846155": 242,
    "1129.152403846154": 236,
    "2601.1517307692307": 235,
    "463.04333333333335": 232,
    "2238.3433333333332": 226,
    "1758.6983333333335": 224,
    "8680.460555555555": 215,
    "447.1733653846154": 210,
    "957.6411764705881": 204,
    "2191.525": 200,
    "1506.1200000000001": 198,
    "2098.4468749999996": 194,
    "1289.0459375": 189,
    "929.3121875": 186,
    "7785.098365384616": 178,
    "691.7956730769231": 177,
    "971.6583333333334": 174,
    "1678.7575": 170,
    "424.45638888888897": 161,
    "540.2172222222223": 161,
    "2435.120769230769": 159,
    "2558.1066666666666": 156,
    "622.8423958333334": 146,
    "1277.06": 146,
    "2132.7923076923075": 144,
    "12626.124444444444": 143,
    "684.6987980769231": 141,
    "592.4423076923077": 131,
    "944.748": 124,
    "300.3064903846154": 123,
    "1350.7684615384617": 119,
    "810.441923076923": 116,
    "893.6434375": 115,
    "1319.0237499999998": 115,
    "3414.5168269230767": 115,
    "2075.2225": 105,
    "266.4011538461538": 104,
    "1731.3986538461538": 100,
    "752.4454166666667": 94,
    "1330.2708333333333": 93,
    "904.5841666666666": 91,
    "1110.4666666666667": 91,
    "1498.890625": 91,
    "327.9890277777778": 90,
    "1738.7131249999998": 90,
    "12019.09923076923": 90,
    "233.62958333333333": 87,
    "5284.200000000001": 85,
    "228.34384615384616": 79,
    "2085.396923076923": 79,
    "2038.49125": 78,
    "293.85442307692307": 77,
    "847.1441176470588": 76,
    "1473.2941176470588": 76,
    "694.565": 73,
    "247.3725": 72,
    "3080.7": 70,
    "853.1169230769231": 69,
    "1761.4": 64,
    "1978.535625": 63,
    "1223.1944444444446": 60,
    "1657.7221153846153": 59,
    "785.3230208333333": 58,
    "1896.8923076923077": 58,
    "4916.904230769231": 57,
    "974.0111111111111": 55,
    "1117.4275": 54,
    "1170.6383333333333": 54,
    "1490.4153846153847": 54,
    "858.8765625000001": 50,
    "992.67": 49,
    "199.27229166666666": 48,
    "1408.1654166666665": 48,
    "2190.72": 46,
    "2218.358125": 45,
    "3696.84": 42,
    "313.97278846153847": 40,
    "418.6303846153846": 40,
    "1489.9033333333332": 40,
    "996.1857692307692": 39,
    "1528.8684375": 39,
    "1159.1420833333334": 38,
    "9765.518124999999": 38,
    "728.7437500000001": 37,
    "1057.0788461538461": 36,
    "1937.5400000000002": 36,
    "846.8269230769231": 34,
    "1564.0476923076922": 33,
    "1694.385": 33,
    "271.15831730769236": 32,
    "288.60125": 31,
    "460.47836538461536": 31,
    "1079.20125": 30,
    "712.4150480769232": 29,
    "1001.9638541666667": 29,
    "1015.0359375": 29,
    "1174.03125": 29,
    "2078.4616666666666": 29,
    "5721.212638888889": 29,
    "795.8475000000001": 28,
    "910.9296875": 28,
    "1049.8906730769231": 28,
    "9014.324423076921": 28,
    "1026.9": 27,
    "1095.36": 27,
    "1232.28": 27,
    "1826.3405769230767": 27,
    "476.6098333333333": 26,
    "618.43125": 26,
    "1041.0625000000002": 26,
    "1625.9076923076925": 26,
    "1745.73": 26,
    "2002.455": 26,
    "2873.3849999999998": 26,
    "792.8091346153847": 25,
    "8285.894166666667": 25,
    "2053.8": 24,
    "3184.069230769231": 24,
    "357.31583333333333": 23,
    "1378.979375": 23,
    "1702.7466666666664": 22,
    "10258.726111111111": 22,
    "432.44134615384615": 19,
    "3816.366666666667": 19,
    "503.1802083333334": 18,
    "754.7703125": 18,
    "957.795": 18,
    "962.9828125000001": 18,
    "2739.9555555555557": 17,
    "1010.9905555555556": 16,
    "1067.0890625": 16,
    "744.9516666666666": 15,
    "1565.8998529411763": 15,
    "1620.883846153846": 15,
    "2105.145": 15,
    "1103.9175": 14,
    "1334.9699999999998": 14,
    "1341.0105882352939": 14,
    "1663.5444444444445": 14,
    "2156.49": 14,
    "2544.2444444444445": 14,
    "572.584375": 12,
    "663.0888461538461": 12,
    "884.9031250000002": 12,
    "1129.59": 12,
    "1797.0749999999998": 12,
    "559.57109375": 11,
    "2152.8222222222225": 11,
    "2394.4874999999997": 11,
    "1591.6950000000002": 10,
    "1174.8599038461539": 9,
    "1180.935": 9,
    "1316.9681249999999": 9,
    "1556.416875": 9,
    "1636.233125": 9,
    "595.7622916666667": 8,
    "1489.0049999999999": 8,
    "679.7525735294117": 7,
    "1369.9777777777779": 7,
    "1596.325": 7,
    "1693.6538461538462": 7,
    "650.6640625000001": 6,
    "771.5570833333334": 6,
    "798.1625": 6,
    "851.3733333333332": 6,
    "1137.4892307692307": 6,
    "1283.625": 6,
    "1899.765": 6,
    "839.4832291666668": 5,
    "1157.335625": 5,
    "7728.859264705881": 5,
    "958.4399999999999": 4,
    "1053.5745": 4,
    "1083.2041666666667": 4,
    "1355.508": 4,
    "1356.87625": 4,
    "1476.600625": 4,
    "1582.8285": 4,
    "1779.96": 4,
    "4316.805": 4,
    "618.5759375": 3,
    "663.6773437500001": 3,
    "902.2541666666667": 3,
    "1119.1716666666666": 3,
    "1309.2975": 3,
    "1858.624375": 3,
    "234.92639705882357": 2,
    "403.41171875000003": 2,
    "408.5676470588236": 2,
    "439.7733333333333": 2,
    "468.47812500000003": 2,
    "494.5046875": 2,
    "598.6109375000001": 2,
    "731.1628125": 2,
    "806.8234375000001": 2,
    "897.9328125": 2,
    "917.886875": 2,
    "1042.3063235294117": 2,
    "1124.8658653846155": 2,
    "1139.156875": 2,
    "1184.8846153846155": 2,
    "1215.6628846153844": 2,
    "1237.151875": 2,
    "1299.845": 2,
    "1396.784375": 2,
    "428.14471153846154": 1,
    "549.934423076923": 1,
    "830.0889999999999": 1,
    "855.75": 1,
    "858.0246875": 1,
    "920.9567307692307": 1,
    "1056.1240625": 1,
    "1197.2218750000002": 1,
    "1301.3281250000002": 1,
    "1327.0707692307692": 1,
    "1386.315": 1,
    "1526.48578125": 1,
    "1558.8462499999998": 1,
    "1616.2790625": 1,
    "2361.87": 1,
    "2567.25": 1
  },
  "source": {
    "analyze": "light",
    "fontface": "Consolas-Regular",
    "fontsize": 14,
    "language": "c",
    "theme": "Gruvbox"
  },
  "average": 2975.6718447259486,
  "diff65": -54.22043315806233
}
