{
  "colors": {
    "#3c3836": 4579,
    "#7c6f64": 3885,
    "#076678": 1298,
    "#9d0006": 1123,
    "#427b58": 1026,
    "#b57614": 436,
    "#8f3f71": 324,
    "#928374": 223,
    "#af3a03": 185,
    "#79740e": 117
  },
  "cccts": {
    "5031.51": 10526,
    "0.0": 6194,
    "4704.882121212121": 1627,
    "6920.582323232324": 1565,
    "5023.236060606061": 1557,
    "5030.270555555555": 1495,
    "5090.033636363636": 1298,
    "5101.006818181819": 1201,
    "5021.684696969697": 1103,
    "7274.783383838383": 1101,
    "4826.8263636363645": 1055,
    "4788.448181818182": 1035,
    "7156.716363636364": 1013,
    "5097.349090909091": 967,
    "5119.295454545455": 957,
    "5022.201818181818": 949,
    "5029.932525252526": 736,
    "5030.8339393939395": 723,
    "5086.37590909091": 700,
    "5057.114090909091": 664,
    "5108.322272727273": 649,
    "7865.1184848484845": 649,
    "4801.24090909091": 598,
    "4941.960909090909": 590,
    "5024.787424242425": 560,
    "4643.639393939395": 556,
    "5031.059292929293": 535,
    "4766.124848484849": 533,
    "5079.060454545455": 527,
    "4664.0536363636365": 510,
    "5133.231717171717": 506,
    "4839.619090909091": 496,
    "4865.204545454546": 495,
    "5030.383232323233": 470,
    "6802.515303030304": 452,
    "5141.241818181818": 451,
    "5023.753181818182": 426,
    "4724.484545454545": 423,
    "5020.133333333333": 408,
    "5029.819848484849": 408,
    "4737.1762626262625": 405,
    "5093.691363636363": 394,
    "6566.381262626263": 393,
    "7628.984444444444": 381,
    "4725.296363636364": 378,
    "4750.07": 333,
    "5163.748232323233": 326,
    "4934.513636363637": 302,
    "4916.326818181818": 277,
    "5857.979141414142": 275,
    "5115.637727272728": 252,
    "4700.384545454545": 251,
    "4684.467878787879": 242,
    "5111.9800000000005": 234,
    "4699.898181818182": 204,
    "5104.664545454546": 203,
    "5030.608585858586": 200,
    "5022.71893939394": 189,
    "5126.610909090909": 189,
    "5082.7181818181825": 186,
    "8573.520606060607": 178,
    "4922.3890909090915": 175,
    "5019.099090909091": 172,
    "4582.3966666666665": 171,
    "4647.728181818182": 165,
    "4755.572121212122": 163,
    "4814.033636363636": 158,
    "5029.707171717172": 152,
    "5163.188181818182": 143,
    "5029.441515151515": 138,
    "5026.338787878788": 129,
    "5015.996363636364": 122,
    "7038.649343434344": 120,
    "4940.57590909091": 114,
    "5153.576060606061": 108,
    "4378.254242424243": 104,
    "4898.139999999999": 102,
    "4749.025858585858": 100,
    "4952.700454545455": 94,
    "5019.616212121212": 94,
    "5075.402727272727": 90,
    "7747.051464646464": 90,
    "5021.167575757576": 88,
    "5072.198686868687": 85,
    "5194.264747474747": 84,
    "4762.862727272727": 82,
    "4847.781818181818": 79,
    "4681.988686868687": 73,
    "4745.710606060607": 72,
    "5027.890151515152": 70,
    "4886.015454545454": 66,
    "5020.6504545454545": 66,
    "4884.126969696969": 58,
    "5357.019494949495": 58,
    "5024.270303030303": 57,
    "7392.850404040403": 57,
    "5007.260909090909": 54,
    "4737.277272727273": 50,
    "4928.4513636363645": 48,
    "5130.268636363637": 45,
    "5224.781262626263": 45,
    "5031.17196969697": 44,
    "5028.407272727272": 43,
    "4561.982424242425": 40,
    "5133.926363636364": 39,
    "4775.655454545455": 38,
    "7510.917424242424": 38,
    "5046.140909090909": 36,
    "5204.4369191919195": 34,
    "4419.082727272727": 32,
    "5122.953181818181": 31,
    "5214.609090909092": 31,
    "4589.3609090909085": 29,
    "4904.202272727273": 29,
    "5025.821666666667": 29,
    "5028.467727272728": 29,
    "4849.641818181819": 27,
    "5029.958636363636": 27,
    "4888.610303030304": 26,
    "4896.408888888889": 26,
    "5123.0595454545455": 26,
    "5184.092575757576": 25,
    "5255.297777777778": 24,
    "5173.920404040405": 23,
    "4686.106363636364": 21,
    "4834.999292929293": 21,
    "4877.9972727272725": 18,
    "4995.136363636364": 18,
    "5013.323181818182": 17,
    "4773.589696969697": 16,
    "4810.435454545455": 16,
    "5017.547727272728": 16,
    "4711.691818181818": 15,
    "4892.077727272727": 15,
    "4910.264545454545": 14,
    "5016.513484848485": 14,
    "5018.064848484849": 14,
    "5027.373030303031": 14,
    "4698.899090909092": 11,
    "4761.307777777778": 11,
    "4989.074090909091": 11,
    "4946.638181818183": 10,
    "5012.893636363636": 10,
    "4570.971818181818": 9,
    "4867.828636363637": 9,
    "5018.581969696969": 9,
    "5025.304545454545": 9,
    "4687.616262626263": 8,
    "4970.887272727273": 7,
    "5092.543030303031": 7,
    "4736.743939393939": 6,
    "4958.762727272728": 6,
    "4964.825": 6,
    "5026.855909090909": 6,
    "4813.268181818182": 5,
    "4673.313636363637": 4,
    "5017.030606060606": 4,
    "5068.087272727273": 4,
    "4822.717373737374": 3,
    "5053.456363636365": 3,
    "4785.871616161617": 2,
    "4852.4118181818185": 2,
    "4879.953181818181": 2,
    "4541.568181818182": 1,
    "4847.281212121213": 1,
    "4855.704090909091": 1,
    "4861.766363636364": 1,
    "4873.89090909091": 1,
    "5014.962121212121": 1,
    "5137.584090909091": 1
  },
  "source": {
    "analyze": "light",
    "fontface": "Consolas-Regular",
    "fontsize": 14,
    "language": "c",
    "theme": "Gruvbox"
  },
  "average": 4678.49463561826,
  "diff65": -28.023159452026768
}
