{
  "colors": {
    "#f8f8f2": 5046,
    "#ff79c6": 2809,
    "#50fa7b": 421,
    "#bd93f9": 301,
    "#e9f284": 241,
    "#ffb86c": 228,
    "#6272a4": 223,
    "#f1fa8c": 115,
    "#8be9fd": 15
  },
  "cccts": {
    "11329.49": 10526,
    "0.0": 6194,
    "11088.97857142857": 2275,
    "10979.655194805195": 2254,
    "10935.925844155845": 2230,
    "10912.439523809522": 1633,
    "10957.790519480519": 1350,
    "16434.025064935064": 1273,
    "10837.534805194806": 1170,
    "11056.181558441558": 1164,
    "10956.257272727273": 1095,
    "10903.12883116883": 1032,
    "10647.043766233768": 1002,
    "11220.166623376623": 927,
    "10855.569004329003": 876,
    "14448.928095238094": 803,
    "10722.871125541125": 785,
    "11001.519870129869": 736,
    "11176.437272727271": 726,
    "11101.403333333334": 689,
    "15866.854502164502": 669,
    "11070.300606060606": 601,
    "11023.384545454546": 590,
    "11225.814242424241": 575,
    "11215.74896103896": 555,
    "10997.727575757577": 499,
    "10815.670129870128": 496,
    "11026.180562770563": 470,
    "10798.698484848484": 469,
    "17993.74411255411": 444,
    "14874.306017316017": 438,
    "16859.402987012985": 417,
    "10706.346753246753": 411,
    "16150.439783549782": 411,
    "10590.173246753246": 398,
    "10862.949090909093": 393,
    "10892.196493506493": 373,
    "10848.467142857144": 344,
    "10976.992424242424": 329,
    "10817.655324675325": 326,
    "15299.68393939394": 299,
    "10801.567142857144": 295,
    "10925.154545454545": 257,
    "15157.891298701297": 257,
    "10881.264155844156": 254,
    "10804.737792207792": 251,
    "11045.24922077922": 250,
    "10438.518528138527": 234,
    "10842.21393939394": 222,
    "11123.439696969695": 200,
    "10946.858181818181": 194,
    "10684.957445887445": 191,
    "10859.39948051948": 189,
    "10990.58753246753": 189,
    "11039.197878787878": 188,
    "11006.870476190474": 174,
    "10761.008441558442": 170,
    "10267.90696969697": 162,
    "10932.930952380952": 162,
    "10968.722857142857": 155,
    "11012.452207792208": 154,
    "17710.158831168832": 144,
    "23851.793203463207": 143,
    "10860.22523809524": 142,
    "10831.846363636365": 137,
    "10680.575194805195": 130,
    "10738.538181818183": 128,
    "10962.876904761904": 125,
    "14590.720735930738": 124,
    "19411.67051948052": 119,
    "10752.67683982684": 116,
    "20312.881428571425": 115,
    "17284.780909090907": 109,
    "10757.57357142857": 107,
    "10874.525844155845": 105,
    "10640.25738095238": 100,
    "18135.536753246754": 99,
    "10716.626017316017": 97,
    "11252.963636363636": 97,
    "12322.038484848485": 96,
    "10830.89619047619": 95,
    "10782.873116883116": 91,
    "17568.36619047619": 89,
    "10609.130086580086": 88,
    "11078.046233766234": 76,
    "10518.346493506493": 75,
    "10987.36": 75,
    "12747.416406926406": 70,
    "16008.647142857144": 66,
    "10924.993506493507": 65,
    "10669.586428571429": 61,
    "19223.9854978355": 58,
    "13314.58696969697": 57,
    "15441.476580086579": 57,
    "10918.883333333335": 51,
    "10779.741645021644": 48,
    "10873.316666666668": 48,
    "10878.854718614719": 48,
    "10950.353203463203": 48,
    "10824.778484848484": 46,
    "11211.74696969697": 44,
    "12180.245844155843": 42,
    "10495.389047619048": 40,
    "10703.914285714287": 40,
    "10771.940779220778": 39,
    "10870.331818181818": 39,
    "15725.061861471862": 38,
    "10626.49896103896": 37,
    "10836.612164502163": 37,
    "10302.041558441559": 36,
    "11028.830303030301": 36,
    "10248.95012987013": 32,
    "10625.592857142858": 32,
    "18702.70731601732": 32,
    "10482.29567099567": 31,
    "10533.302727272727": 31,
    "11422.53935064935": 31,
    "10476.432207792208": 30,
    "21401.77735930736": 29,
    "25485.1370995671": 29,
    "26846.257012987015": 29,
    "10493.612142857144": 28,
    "10966.624848484847": 28,
    "11226.838333333335": 28,
    "11434.17051948052": 27,
    "12463.831125541126": 27,
    "15583.26922077922": 27,
    "10914.78696969697": 26,
    "11139.921601731601": 26,
    "11241.502857142856": 26,
    "10945.889696969696": 25,
    "17001.19562770563": 24,
    "10790.37606060606": 23,
    "10826.602467532468": 23,
    "10894.051818181817": 23,
    "10419.561688311689": 22,
    "10536.371904761905": 20,
    "16575.817705627705": 20,
    "11124.186666666665": 18,
    "11212.173809523809": 17,
    "11402.184805194805": 17,
    "10464.27025974026": 16,
    "10904.419393939394": 16,
    "11393.461428571429": 16,
    "18951.761515151517": 16,
    "10684.250952380953": 15,
    "11358.567922077922": 15,
    "17142.98826839827": 15,
    "11466.156233766233": 14,
    "11469.064025974027": 14,
    "17426.57354978355": 14,
    "11495.234155844155": 13,
    "10713.58": 12,
    "11149.235887445886": 12,
    "16292.232424242422": 12,
    "10845.560714285713": 11,
    "10883.68424242424": 11,
    "10904.218809523809": 11,
    "11182.84476190476": 11,
    "17851.951471861474": 10,
    "10728.244523809522": 9,
    "24124.017186147186": 9,
    "10566.934761904762": 8,
    "23307.345238095237": 8,
    "10742.909047619049": 7,
    "10811.111212121212": 7,
    "11064.09424242424": 7,
    "18419.122034632033": 7,
    "10786.902619047618": 6,
    "10889.554285714286": 6,
    "14732.513376623376": 6,
    "10457.475367965368": 5,
    "10860.829307359307": 5,
    "10874.88976190476": 5,
    "19768.433463203462": 5,
    "11008.09515151515": 4,
    "11263.895974025972": 4,
    "15016.098658008657": 4,
    "22218.449307359308": 4,
    "10800.743636363635": 3,
    "10806.753073593074": 3,
    "10852.581515151516": 3,
    "11059.93303030303": 3,
    "11094.857619047618": 3,
    "11428.354935064934": 3,
    "18560.914675324675": 3,
    "10571.216406926407": 2,
    "10816.231666666665": 2,
    "10893.482683982684": 2,
    "10914.06116883117": 2,
    "10935.522121212121": 2,
    "11442.893896103895": 2,
    "18679.537532467533": 2,
    "21129.55337662338": 2,
    "23579.569220779224": 2,
    "10581.599285714285": 1,
    "10698.915476190474": 1,
    "10734.65142857143": 1,
    "10933.547857142856": 1,
    "11036.199523809522": 1,
    "13598.172251082251": 1,
    "17318.417619047617": 1,
    "19269.87787878788": 1,
    "21946.225324675324": 1
  },
  "source": {
    "analyze": "dark",
    "fontface": "Consolas-Regular",
    "fontsize": 14,
    "language": "c",
    "theme": "Dracula Official"
  },
  "average": 10470.719419986213,
  "diff65": 61.08799107671098
}
