{
  "colors": {
    "#f8f8f2": 3341,
    "#ff79c6": 2809,
    "#50fa7b": 421,
    "#bd93f9": 301,
    "#e9f284": 241,
    "#ffb86c": 228,
    "#6272a4": 223,
    "#f1fa8c": 115,
    "#8be9fd": 15
  },
  "cccts": {
    "3139.375": 2109,
    "2092.9166666666665": 1487,
    "1285.715": 1472,
    "38418.845": 1205,
    "2716.766826923077": 1170,
    "1328.1971153846155": 1107,
    "3269.835": 1074,
    "1482.482638888889": 1068,
    "1831.3020833333335": 928,
    "3924.21875": 927,
    "2180.121527777778": 893,
    "1438.8802083333333": 874,
    "857.1433333333332": 805,
    "3400.989583333333": 794,
    "1308.0729166666667": 736,
    "1395.2777777777776": 736,
    "25612.56333333333": 695,
    "543.9563461538461": 616,
    "16254.12673076923": 599,
    "4087.29375": 575,
    "1928.5724999999998": 555,
    "2179.89": 547,
    "892.8576388888888": 533,
    "707.14325": 506,
    "2837.512019230769": 496,
    "785.7147222222222": 485,
    "2270.71875": 482,
    "1000.0005555555555": 469,
    "2441.7361111111113": 466,
    "34724.72528846154": 444,
    "1383.3917307692307": 419,
    "1720.6189903846155": 411,
    "41620.41541666666": 409,
    "2550.7421875": 407,
    "1918.5069444444446": 405,
    "1392.8579166666664": 398,
    "2829.664903846154": 393,
    "18142.23236111111": 385,
    "1084.82203125": 326,
    "1544.08875": 317,
    "26679.753472222223": 304,
    "2616.1458333333335": 297,
    "2277.24": 286,
    "29881.32388888889": 286,
    "2790.555555555555": 282,
    "309.0661057692308": 276,
    "754.6574519230769": 271,
    "1998.2325": 270,
    "22410.99291666667": 257,
    "32415.900468750002": 256,
    "2681.5494791666665": 254,
    "3542.32125": 251,
    "1162.0885576923076": 234,
    "2656.394230769231": 229,
    "2955.4277884615385": 222,
    "1200.3492647058822": 204,
    "1569.6875": 204,
    "1981.8006249999999": 200,
    "23478.183055555557": 198,
    "2289.1276041666665": 194,
    "607.1431944444444": 191,
    "1406.1783854166667": 189,
    "1013.7565104166667": 186,
    "2543.205": 174,
    "692.3080769230769": 162,
    "1518.1599999999999": 146,
    "33247.07740384615": 144,
    "32846.1490625": 143,
    "642.8575": 136,
    "9235.299278846154": 131,
    "634.9855769230769": 128,
    "1792.121105769231": 128,
    "1500.875": 125,
    "14727.223916666668": 124,
    "786.0180288461539": 119,
    "21056.482355769233": 119,
    "963.4476923076923": 116,
    "1000.5833333333333": 115,
    "47127.0834375": 115,
    "593.406923076923": 105,
    "2467.0099999999998": 105,
    "2158.3203125": 101,
    "2058.274615384615": 100,
    "708.7465277777777": 97,
    "1581.4166666666665": 93,
    "1075.3633333333332": 91,
    "1086.7067307692307": 91,
    "1635.0911458333335": 91,
    "1896.7057291666665": 90,
    "2906.52": 89,
    "32508.25346153846": 79,
    "2223.7239583333335": 78,
    "1061.8474264705883": 76,
    "1846.6911764705883": 76,
    "1298.8341346153848": 75,
    "48023.55625": 70,
    "13298.830961538462": 69,
    "1264.470486111111": 64,
    "446.4288194444444": 60,
    "1970.6884615384615": 59,
    "1220.8680555555557": 58,
    "41414.7096875": 58,
    "1328.3899999999999": 54,
    "1391.6466666666665": 54,
    "1992.2956730769229": 54,
    "2248.0115625": 50,
    "15474.25701388889": 49,
    "517.8574305555555": 48,
    "1167.3472222222222": 46,
    "2267.3263888888887": 46,
    "34150.084444444445": 46,
    "2419.9348958333335": 45,
    "1132.4575": 44,
    "4224.296666666666": 43,
    "57628.2675": 42,
    "815.9345192307692": 40,
    "1087.9126923076922": 40,
    "1771.1866666666665": 40,
    "1667.79296875": 39,
    "928.5719444444444": 37,
    "1625.9479166666665": 37,
    "1907.4037500000002": 37,
    "822.594951923077": 36,
    "2766.7834615384613": 36,
    "917.2013888888889": 34,
    "24381.190096153845": 33,
    "26412.955937500003": 33,
    "704.6707211538462": 32,
    "547.4134615384615": 31,
    "750.0004166666666": 31,
    "1356.5600961538462": 31,
    "1177.265625": 30,
    "602.67890625": 29,
    "2656.7409375": 29,
    "37569.84274038462": 29,
    "52839.457187500004": 29,
    "74260.85875": 29,
    "1248.1026923076922": 28,
    "2384.2546875": 28,
    "12406.085364583334": 28,
    "1042.2743055555554": 27,
    "6336.445": 27,
    "16007.852083333335": 27,
    "17075.042222222222": 27,
    "19209.4225": 27,
    "471.4288333333333": 26,
    "1607.14375": 26,
    "2724.8625": 26,
    "3415.8599999999997": 26,
    "27213.34854166667": 26,
    "31215.3115625": 26,
    "2075.087596153846": 25,
    "32015.70416666667": 24,
    "1504.2838541666667": 23,
    "2024.2133333333331": 22,
    "360.78725961538464": 21,
    "1269.9711538461538": 20,
    "1708.189338235294": 20,
    "1131.8659615384615": 19,
    "1138.62": 18,
    "1317.016875": 18,
    "1975.5253125": 18,
    "2520.4978125000002": 18,
    "1334.111111111111": 17,
    "2792.9840624999997": 16,
    "53315.488333333335": 16,
    "885.5933333333332": 15,
    "1926.8953846153845": 15,
    "7920.55625": 15,
    "32816.096770833334": 15,
    "3872.2719444444447": 14,
    "5727.171442307692": 14,
    "17208.440989583334": 14,
    "20810.20770833333": 14,
    "20904.371544117646": 14,
    "33616.489375000005": 14,
    "3472.859278846154": 13,
    "4400.309027777777": 13,
    "788.2753846153845": 12,
    "1498.674375": 12,
    "1876.09375": 12,
    "2316.1331250000003": 12,
    "17608.637291666666": 12,
    "28013.741145833334": 12,
    "1464.61359375": 11,
    "2846.5499999999997": 11,
    "24812.170729166668": 10,
    "1565.6025": 9,
    "1850.2574999999997": 9,
    "1945.1424999999997": 9,
    "18409.029895833333": 9,
    "61957.28451923077": 9,
    "23211.385520833333": 8,
    "31418.055624999997": 8,
    "500.00027777777774": 7,
    "618.1322115384615": 7,
    "1779.1749264705882": 7,
    "1897.6999999999998": 7,
    "917.2216666666666": 6,
    "948.8499999999999": 6,
    "1012.1066666666666": 6,
    "1703.0390625000002": 6,
    "17731.774615384616": 6,
    "20009.815104166668": 6,
    "29614.526354166668": 6,
    "519.5336538461538": 5,
    "616.0717708333333": 5,
    "1083.9652777777778": 5,
    "1375.8324999999998": 5,
    "44270.896562500006": 5,
    "1252.482": 4,
    "1523.1838942307693": 4,
    "1613.0449999999998": 4,
    "1726.6562500000002": 4,
    "1755.3725": 4,
    "4709.0625": 4,
    "14940.661944444446": 4,
    "21130.36475": 4,
    "27746.94361111111": 4,
    "57123.7375": 4,
    "604.5190972222223": 3,
    "735.35875": 3,
    "1737.09984375": 3,
    "2027.5130208333335": 3,
    "2361.5475": 3,
    "2992.2101388888887": 3,
    "20410.01140625": 3,
    "434.87419117647056": 2,
    "756.3029411764705": 2,
    "1055.8842187500002": 2,
    "1067.45625": 2,
    "1142.8577777777775": 2,
    "1226.1881250000001": 2,
    "1239.086470588235": 2,
    "1242.6692708333333": 2,
    "1294.3096874999999": 2,
    "1445.1715384615381": 2,
    "1470.7175": 2,
    "1566.7959375": 2,
    "1660.4874999999997": 2,
    "2111.7684375000003": 2,
    "2680.803653846154": 2,
    "5632.395555555555": 2,
    "6864.482083333332": 2,
    "18470.59855769231": 2,
    "38558.5228125": 2,
    "59320.80432692308": 2,
    "68548.485": 2,
    "952.4783653846154": 1,
    "986.804": 1,
    "1020.01375": 1,
    "1094.826923076923": 1,
    "1112.6379807692308": 1,
    "1700.4947916666665": 1,
    "1814.6756249999999": 1,
    "1921.4212499999999": 1,
    "3133.591875": 1,
    "3406.0781250000005": 1,
    "13339.876736111111": 1,
    "20687.070384615385": 1,
    "21610.6003125": 1,
    "29001.282115384616": 1,
    "36818.05979166667": 1,
    "40019.630208333336": 1,
    "55695.6440625": 1
  },
  "source": {
    "analyze": "dark",
    "fontface": "Consolas-Regular",
    "fontsize": 14,
    "language": "c",
    "theme": "Dracula Official"
  },
  "average": 6532.38440059446,
  "diff65": 0.49822154760708004
}
