{
  "colors": {
    "#f8f8f2": 5046,
    "#ff79c6": 2809,
    "#50fa7b": 421,
    "#bd93f9": 301,
    "#e9f284": 241,
    "#ffb86c": 228,
    "#6272a4": 223,
    "#f1fa8c": 115,
    "#8be9fd": 15
  },
  "cccts": {
    "11329.49": 10526,
    "0.0": 6194,
    "10921.349393939392": 2817,
    "10844.82303030303": 2165,
    "10621.76797979798": 2135,
    "10870.33181818182": 1820,
    "16623.081919191918": 1557,
    "10717.279090909089": 1531,
    "11048.893333333333": 1495,
    "10946.858181818181": 1447,
    "17615.630404040407": 1103,
    "10942.433838383839": 1022,
    "10869.860808080808": 1006,
    "10887.163737373738": 976,
    "17284.78090909091": 949,
    "11150.928484848484": 927,
    "10972.36696969697": 922,
    "10997.875757575757": 893,
    "10754.465858585858": 859,
    "10533.302727272727": 792,
    "11176.437272727273": 726,
    "10793.805454545454": 687,
    "10489.0701010101": 674,
    "10564.226363636364": 593,
    "10768.296666666667": 584,
    "10894.051818181817": 583,
    "11160.152929292928": 575,
    "10666.000606060607": 566,
    "15630.533434343435": 560,
    "11152.559494949497": 555,
    "10895.840606060607": 493,
    "10966.624848484847": 482,
    "11015.006868686867": 482,
    "16292.232424242424": 426,
    "10748.905757575756": 423,
    "18608.178888888888": 408,
    "10742.787878787878": 322,
    "10797.287777777778": 317,
    "10782.014444444443": 302,
    "10679.362777777778": 277,
    "10577.535353535353": 276,
    "10819.314242424241": 255,
    "28479.60090909091": 201,
    "11054.756262626264": 200,
    "10656.54131313131": 198,
    "10356.372222222222": 195,
    "10666.261515151517": 189,
    "16953.931414141414": 189,
    "10713.58": 175,
    "19269.87787878788": 172,
    "9914.045959595958": 162,
    "10572.422727272728": 160,
    "10918.242828282828": 154,
    "10603.759696969697": 152,
    "10411.173636363636": 143,
    "12652.88797979798": 138,
    "10530.363434343433": 137,
    "14637.98494949495": 129,
    "21254.97484848485": 122,
    "10816.231666666667": 114,
    "10698.600606060605": 113,
    "10798.698484848486": 108,
    "10931.396363636364": 105,
    "10576.711111111112": 102,
    "11227.45484848485": 101,
    "25938.84373737374": 100,
    "10710.233232323231": 95,
    "10884.66611111111": 94,
    "18939.028383838384": 94,
    "11023.384545454546": 90,
    "17946.4798989899": 88,
    "10821.478787878787": 82,
    "10320.066969696969": 75,
    "13645.436464646464": 70,
    "10508.276666666667": 66,
    "18277.32939393939": 66,
    "18951.761515151517": 58,
    "15961.382929292931": 57,
    "11192.621111111112": 54,
    "10773.096767676769": 50,
    "10747.797222222223": 48,
    "10640.752727272727": 45,
    "11226.46484848485": 44,
    "13314.586969696971": 43,
    "10312.139595959596": 40,
    "10615.243939393938": 39,
    "10845.6697979798": 38,
    "10067.711212121212": 36,
    "10135.209090909091": 34,
    "11438.047575757575": 33,
    "10002.511212121211": 32,
    "10404.185555555556": 31,
    "10691.770303030304": 31,
    "10610.928333333333": 29,
    "11458.402121212122": 29,
    "14968.834444444443": 29,
    "34196.30454545454": 29,
    "10302.973333333333": 27,
    "10782.719191919192": 27,
    "12322.038484848483": 27,
    "10842.931111111111": 26,
    "11019.861616161614": 26,
    "10614.48202020202": 21,
    "10676.332727272727": 21,
    "10362.126262626263": 20,
    "11039.19787878788": 18,
    "11124.186666666666": 18,
    "11226.838333333331": 17,
    "11478.756666666666": 16,
    "20262.426363636365": 16,
    "22762.897272727274": 16,
    "24668.46515151515": 16,
    "10542.493888888888": 15,
    "10724.714747474747": 15,
    "11376.983939393938": 15,
    "11451.617272727271": 15,
    "10645.145555555555": 14,
    "11431.262727272728": 14,
    "13976.28595959596": 14,
    "19931.57686868687": 14,
    "20924.125353535353": 14,
    "11417.69303030303": 13,
    "11533.035454545454": 13,
    "11035.074949494949": 12,
    "10700.523737373738": 11,
    "11089.969444444443": 11,
    "25303.654444444444": 11,
    "10850.448888888888": 10,
    "23240.071818181816": 10,
    "10458.613636363636": 9,
    "15299.683939393939": 9,
    "19600.727373737373": 9,
    "29114.790202020202": 8,
    "10405.625": 7,
    "10987.317777777778": 7,
    "11064.094242424244": 7,
    "10918.883333333333": 6,
    "10953.100555555555": 6,
    "14307.135454545454": 6,
    "26574.03303030303": 6,
    "10097.67": 5,
    "10488.30414141414": 5,
    "10652.141717171717": 4,
    "11074.402121212122": 4,
    "11444.832424242424": 4,
    "20593.275858585857": 4,
    "22127.70797979798": 3,
    "10474.059444444445": 2,
    "10990.815858585858": 2,
    "21492.518686868687": 2,
    "24033.275858585857": 2,
    "10267.906969696971": 1,
    "10337.190555555555": 1,
    "10371.407777777778": 1,
    "10439.842222222222": 1,
    "10589.735151515151": 1,
    "20857.32939393939": 1,
    "21916.67383838384": 1
  },
  "source": {
    "analyze": "dark",
    "fontface": "Consolas-Regular",
    "fontsize": 14,
    "language": "c",
    "theme": "Dracula Official"
  },
  "average": 10559.892238129027,
  "diff65": 62.45988058660041
}
