{
  "colors": {
    "#f8f8f2": 5046,
    "#ff79c6": 2809,
    "#50fa7b": 421,
    "#bd93f9": 301,
    "#e9f284": 241,
    "#ffb86c": 228,
    "#6272a4": 223,
    "#f1fa8c": 115,
    "#8be9fd": 15
  },
  "cccts": {
    "11329.49": 10526,
    "0.0": 6194,
    "10247.18857142857": 2109,
    "10607.955714285714": 1487,
    "25366.961428571427": 1204,
    "10413.02508064516": 1170,
    "10881.440483870967": 1107,
    "10303.099999999999": 1074,
    "10818.403214285714": 1068,
    "9452.762857142856": 1002,
    "10698.147500000001": 928,
    "9751.13375": 927,
    "10577.891785714286": 893,
    "10833.435178571428": 874,
    "10078.33857142857": 783,
    "10848.467142857142": 736,
    "10878.531071428572": 736,
    "20687.804285714286": 695,
    "10156.996785714286": 625,
    "10552.565322580644": 616,
    "17140.70129032258": 599,
    "9832.67125": 575,
    "8045.2175": 555,
    "10026.207261904763": 533,
    "10325.962291666667": 506,
    "10372.293306451613": 496,
    "10182.60119047619": 485,
    "10616.719166666668": 482,
    "9383.254444444443": 470,
    "9869.813333333334": 469,
    "10487.699999999999": 466,
    "23744.350483870967": 444,
    "10904.586612903224": 419,
    "10749.062217741935": 411,
    "10645.23": 410,
    "26536.750714285714": 409,
    "10450.120089285714": 407,
    "10668.083571428571": 405,
    "9296.368928571428": 398,
    "10460.36943548387": 393,
    "17958.29595238095": 385,
    "9773.781973684212": 326,
    "10844.805833333332": 317,
    "21077.73404761905": 304,
    "10427.572142857143": 297,
    "22247.523333333334": 286,
    "9877.702142857142": 283,
    "10367.444285714286": 282,
    "10888.055524193549": 276,
    "11074.916411290322": 271,
    "10702.251666666667": 270,
    "22965.815": 256,
    "10405.02419642857": 254,
    "9669.69637096774": 234,
    "10433.390967741936": 229,
    "10217.5675": 228,
    "10421.741854838709": 222,
    "10792.848875": 204,
    "10919.117375": 204,
    "10007.33388888889": 200,
    "19907.944761904764": 198,
    "10540.311875": 194,
    "10443.257738095239": 191,
    "10844.709151785715": 189,
    "10979.996830357142": 186,
    "10531.186666666666": 174,
    "10156.996785714287": 169,
    "10340.676774193547": 162,
    "19518.015000000003": 148,
    "10361.631428571429": 146,
    "23216.058548387096": 144,
    "24243.11517857143": 143,
    "10645.230000000001": 137,
    "14631.314596774193": 131,
    "10590.738870967742": 128,
    "10779.046975806454": 128,
    "9544.974285714285": 125,
    "16710.520714285718": 124,
    "11088.067620967742": 119,
    "18857.650080645162": 119,
    "10728.481048387095": 116,
    "10139.812857142857": 115,
    "29857.73482142857": 115,
    "19518.015": 109,
    "10481.935806451611": 105,
    "10585.407767857143": 101,
    "10045.516330645161": 100,
    "9756.71982142857": 98,
    "10486.802023809523": 97,
    "10321.303988095238": 93,
    "10643.92351190476": 91,
    "10765.791339285714": 91,
    "10962.904032258064": 91,
    "10675.599553571428": 90,
    "10417.143333333332": 89,
    "10405.02811111111": 88,
    "22951.912580645163": 79,
    "10562.859821428572": 78,
    "10698.1475": 76,
    "10966.4680625": 76,
    "9818.40814516129": 75,
    "31800.8025": 70,
    "16084.117419354838": 69,
    "10893.563035714285": 64,
    "10677.848630952381": 60,
    "10100.153508064515": 59,
    "10908.595": 58,
    "27611.886964285713": 58,
    "10442.28630952381": 54,
    "10482.61375": 54,
    "10657.415725806452": 54,
    "10623.846875": 50,
    "16983.471547619047": 49,
    "10417.192083333333": 48,
    "10573.586011904761": 48,
    "9941.533333333333": 46,
    "10547.827857142858": 46,
    "23807.24238095238": 46,
    "10495.215982142856": 45,
    "10573.972222222223": 44,
    "35895.065": 42,
    "9775.64064516129": 40,
    "10164.102983870967": 40,
    "10200.321666666665": 40,
    "10754.51736607143": 39,
    "9396.264642857142": 37,
    "9974.075952380952": 37,
    "10372.471491935485": 36,
    "10479.683225806451": 36,
    "10238.952619047619": 34,
    "10234.7325": 33,
    "20046.30693548387": 33,
    "20980.251607142854": 33,
    "10323.019395161291": 32,
    "9751.248951612903": 31,
    "10988.007641129032": 31,
    "10923.626964285713": 30,
    "10449.774151785712": 29,
    "10495.548125": 29,
    "11521.404285714287": 29,
    "25782.607661290323": 29,
    "32103.582678571427": 29,
    "40525.512142857144": 29,
    "10550.910221774195": 28,
    "10581.080625": 28,
    "15862.423482142858": 28,
    "10090.242976190477": 27,
    "11617.361428571428": 27,
    "17178.43642857143": 27,
    "17568.36619047619": 27,
    "18608.178888888888": 27,
    "8592.59625": 26,
    "8788.86125": 26,
    "10474.164999999999": 26,
    "10641.356714285714": 26,
    "21272.69892857143": 26,
    "22734.93553571429": 26,
    "10692.13491935484": 25,
    "23027.382857142857": 24,
    "10217.567500000001": 23,
    "10730.7625": 23,
    "10810.887232142855": 23,
    "10039.011904761905": 22,
    "10078.338571428572": 22,
    "10909.745040322581": 21,
    "9851.987741935483": 20,
    "10745.4981875": 20,
    "10981.841774193548": 19,
    "10538.314375": 18,
    "10709.379375": 18,
    "10916.082916666666": 18,
    "9743.253809523809": 17,
    "10576.71111111111": 17,
    "10452.781875": 16,
    "32290.736666666664": 16,
    "10127.472096774194": 15,
    "10764.905833333332": 15,
    "11749.3025": 15,
    "23319.83017857143": 15,
    "10730.762499999999": 14,
    "11505.41142857143": 14,
    "11521.404285714285": 14,
    "11584.085967741934": 14,
    "17617.107410714285": 14,
    "18903.875625": 14,
    "18933.120357142856": 14,
    "24067.195555555558": 14,
    "11483.872661290323": 13,
    "11529.400714285715": 13,
    "8727.07125": 12,
    "10602.463749999999": 12,
    "10837.755403225807": 12,
    "10859.061249999999": 12,
    "17763.331071428573": 12,
    "21565.146249999998": 12,
    "9212.299375": 11,
    "10869.752812499999": 11,
    "20395.356964285715": 10,
    "10089.421205357143": 9,
    "10149.912366071429": 9,
    "10331.385848214284": 9,
    "18055.77839285714": 9,
    "35164.45596774194": 9,
    "19810.462321428575": 8,
    "23681.653214285714": 8,
    "9756.719821428573": 7,
    "10119.666785714286": 7,
    "10446.621048387096": 7,
    "10599.651666666667": 7,
    "10775.6670625": 7,
    "10684.250952380951": 6,
    "10724.578392857142": 6,
    "10744.742113095237": 6,
    "10794.911875": 6,
    "17668.993225806455": 6,
    "18640.673035714284": 6,
    "22150.040892857145": 6,
    "10040.673095238095": 5,
    "10430.224910714285": 5,
    "10452.368169642856": 5,
    "10725.057258064515": 5,
    "28734.810892857146": 5,
    "9435.4625": 4,
    "10210.403526785713": 4,
    "10301.140267857143": 4,
    "10553.186770833334": 4,
    "10750.759375": 4,
    "11397.201693548388": 4,
    "16788.506666666668": 4,
    "18835.63791666667": 4,
    "21467.66380952381": 4,
    "33787.96857142857": 4,
    "9823.93222222222": 3,
    "10588.208333333334": 3,
    "10610.726726190474": 3,
    "10630.503660714285": 3,
    "10784.2203125": 3,
    "10860.683504464285": 3,
    "11465.429285714286": 3,
    "18786.896696428572": 3,
    "9661.288095238095": 2,
    "10270.894687499998": 2,
    "10391.87700892857": 2,
    "10427.976572580645": 2,
    "10546.12946875": 2,
    "10648.964441964285": 2,
    "10666.613125": 2,
    "10700.0044375": 2,
    "10837.678125": 2,
    "10901.079017857144": 2,
    "10923.210625000002": 2,
    "10944.59375": 2,
    "10998.051562499999": 2,
    "11448.662580645161": 2,
    "11585.375714285714": 2,
    "11641.350714285714": 2,
    "17933.139193548384": 2,
    "26488.963035714285": 2,
    "34150.2020967742": 2,
    "38279.66428571429": 2,
    "9740.325887096773": 1,
    "10126.03427631579": 1,
    "10192.892927631578": 1,
    "10221.363306451613": 1,
    "10260.33375": 1,
    "10345.866250000001": 1,
    "10623.759791666667": 1,
    "10646.525282258064": 1,
    "10679.210022321427": 1,
    "10700.381928571429": 1,
    "10743.243392857143": 1,