{
  "colors": {
    "#000000": 4592,
    "#f92672": 1871,
    "#28c6e4": 459,
    "#6aaf19": 421,
    "#ae81ff": 324,
    "#fd971f": 228,
    "#9f9f8f": 223,
    "#f25a00": 174
  },
  "cccts": {
    "6503.44": 10526,
    "0.0": 6194,
    "6503.481904761904": 2745,
    "6503.500952380951": 2254,
    "6503.5085714285715": 2230,
    "6503.504761904761": 1350,
    "6442.08961038961": 1273,
    "6503.5257142857145": 1170,
    "6503.487619047619": 1164,
    "6405.376623376624": 1095,
    "6503.514285714285": 1032,
    "6503.459047619048": 927,
    "6465.9480952380945": 803,
    "6503.4971428571425": 736,
    "6503.466666666666": 726,
    "6254.11619047619": 714,
    "6443.51238095238": 689,
    "6448.90632034632": 669,
    "6095.455584415585": 646,
    "6220.117489177489": 626,
    "6435.3404329004325": 601,
    "6503.493333333333": 590,
    "6476.200173160173": 575,
    "6416.272554112554": 499,
    "6503.529523809523": 496,
    "6503.451428571428": 474,
    "6322.113593073593": 470,
    "6423.343658008657": 444,
    "7354.135238095237": 439,
    "6460.835562770562": 438,
    "7740.81489177489": 435,
    "6436.977077922077": 417,
    "6445.497965367965": 411,
    "6503.5485714285705": 411,
    "6380.8607792207795": 393,
    "7895.486753246753": 383,
    "6140.787186147186": 381,
    "6503.51619047619": 373,
    "6503.523809523809": 344,
    "6410.824588744588": 329,
    "6197.451688311688": 326,
    "6455.72303030303": 299,
    "6109.751948051948": 295,
    "6186.118787878788": 268,
    "7470.139134199134": 267,
    "6397.204675324674": 257,
    "6457.427207792208": 257,
    "6503.518095238095": 254,
    "6503.531428571428": 251,
    "6503.489523809523": 250,
    "6061.456883116883": 237,
    "6375.412813852813": 222,
    "6350.33909090909": 218,
    "7586.14303030303": 201,
    "6503.506666666667": 194,
    "6503.499047619047": 189,
    "6503.521904761905": 189,
    "6427.168484848485": 188,
    "8320.834372294372": 183,
    "6262.852857142856": 174,
    "6503.539047619048": 170,
    "5868.797575757575": 162,
    "6299.591904761904": 162,
    "6503.502857142857": 155,
    "6503.495238095237": 154,
    "20462.311255411256": 146,
    "6426.752012987014": 144,
    "8011.490649350649": 144,
    "6153.495064935064": 142,
    "6372.688831168831": 137,
    "6118.121385281384": 136,
    "6169.87038961039": 130,
    "6348.172987012987": 128,
    "6230.045519480519": 125,
    "6464.243917748917": 124,
    "6406.301883116883": 119,
    "6206.933679653679": 116,
    "16517.412857142856": 115,
    "6431.864545454545": 109,
    "6076.94461038961": 107,
    "6231.450389610389": 105,
    "5989.458376623375": 100,
    "6421.63948051948": 99,
    "6188.402034632034": 97,
    "6503.453333333333": 97,
    "6491.510757575757": 96,
    "6131.623506493506": 95,
    "6503.535238095237": 91,
    "6428.45619047619": 89,
    "6072.789783549783": 88,
    "6435.442597402596": 85,
    "6503.483809523808": 76,
    "6086.477987012987": 75,
    "6413.548571428571": 75,
    "6486.398225108225": 70,
    "6447.2021428571425": 66,
    "5970.793679653679": 65,
    "6503.510476190476": 65,
    "6011.329935064936": 61,
    "6415.953766233765": 61,
    "7818.150822510822": 58,
    "15303.597965367964": 58,
    "6454.018852813852": 57,
    "6479.581515151514": 57,
    "6197.238181818182": 51,
    "6271.794437229437": 48,
    "6276.781991341991": 48,
    "6383.584761904763": 48,
    "7624.810995670996": 48,
    "6243.99696969697": 46,
    "6493.214935064934": 42,
    "6890.119653679653": 41,
    "6004.792380952381": 40,
    "6129.454285714285": 40,
    "6503.5199999999995": 39,
    "6503.5371428571425": 39,
    "8707.514025974026": 39,
    "6450.610497835498": 38,
    "6142.072922077921": 37,
    "5975.288116883116": 36,
    "6424.4445021645015": 36,
    "8359.502337662338": 36,
    "5978.522597402596": 32,
    "6414.8227705627705": 32,
    "6027.458181818181": 31,
    "6067.946341991341": 31,
    "5993.45948051948": 29,
    "17731.227748917747": 29,
    "22283.033593073593": 29,
    "23800.302207792207": 29,
    "5880.100584415583": 28,
    "6408.100606060606": 28,
    "6426.8895454545445": 28,
    "6452.314675324674": 27,
    "6489.80658008658": 27,
    "13179.421904761904": 27,
    "6394.480692640692": 26,
    "6437.825324675324": 26,
    "6402.6526406926405": 25,
    "6435.272900432899": 24,
    "6361.7929004329": 23,
    "6389.032727272726": 23,
    "6503.527619047619": 23,
    "7508.8070995671": 23,
    "6095.743809523809": 20,
    "6440.3854329004325": 20,
    "18338.135194805192": 20,
    "6058.680519480519": 16,
    "6391.7567099567095": 16,
    "15000.144242424241": 16,
    "6022.265714285714": 15,
    "6433.568722943722": 15,
    "6208.784588744588": 14,
    "6430.160367965368": 14,
    "6044.137272727273": 12,
    "6410.781774891774": 12,
    "6443.793787878788": 12,
    "6142.559285714285": 11,
    "6186.302402597403": 11,
    "6386.308744588744": 11,
    "6394.082207792208": 11,
    "6425.047835497836": 10,
    "6055.073051948051": 9,
    "20765.76497835498": 9,
    "5934.779480519481": 8,
    "19855.403809523807": 8,
    "6066.0088311688305": 7,
    "6344.779393939393": 7,
    "6367.240865800865": 7,
    "6418.231125541125": 7,
    "5857.464675324674": 6,
    "6098.816168831168": 6,
    "6175.366623376623": 6,
    "6462.53974025974": 6,
    "6164.430844155844": 5,
    "6262.528614718614": 5,
    "15910.505411255412": 5,
    "6418.996536796536": 4,
    "6459.131385281385": 4,
    "18641.58891774892": 4,
    "6234.731147186148": 3,
    "6328.467532467532": 3,
    "6364.516883116883": 3,
    "6378.136796536797": 3,
    "6416.526948051947": 3,
    "6432.61645021645": 3,
    "5982.12658008658": 2,
    "6050.123982683982": 2,
    "6120.687727272727": 2,
    "6242.7832900432895": 2,
    "6399.928658008658": 2,
    "6503.512380952381": 2,
    "14696.690519480519": 2,
    "17427.774025974024": 2,
    "20158.857532467533": 2,
    "5945.715259740259": 1,
    "6033.2014935064935": 1,
    "6197.6678571428565": 1,
    "6208.173961038961": 1,
    "6284.7244155844155": 1,
    "6408.006060606061": 1,
    "6476.173160173159": 1,
    "8243.498441558442": 1
  },
  "source": {
    "analyze": "light",
    "fontface": "Consolas-Regular",
    "fontsize": 14,
    "language": "c",
    "theme": "Monokai Pro"
  },
  "average": 5901.450651582191,
  "diff65": -9.208451514120133
}
