{
  "colors": {
    "#000000": 4592,
    "#f92672": 1871,
    "#28c6e4": 459,
    "#6aaf19": 421,
    "#ae81ff": 324,
    "#fd971f": 228,
    "#9f9f8f": 223,
    "#f25a00": 174
  },
  "cccts": {
    "6503.44": 10526,
    "0.0": 6194,
    "6503.6285714285705": 2109,
    "6503.565714285714": 1487,
    "6334.726428571429": 1204,
    "6503.599677419354": 1170,
    "6503.518064516129": 1107,
    "6233.765714285713": 1074,
    "6503.529047619047": 1068,
    "6503.55": 965,
    "6503.715": 927,
    "6503.570952380952": 893,
    "6503.526428571428": 874,
    "6503.644285714285": 794,
    "6503.518571428571": 736,
    "6503.523809523809": 736,
    "6390.964285714285": 695,
    "5381.482857142857": 646,
    "6433.596209677419": 599,
    "6110.165": 575,
    "6323.657142857142": 547,
    "6503.6067741935485": 496,
    "6316.16619047619": 482,
    "6503.5408333333335": 474,
    "6503.7699999999995": 474,
    "5339.928888888888": 470,
    "9055.525714285714": 467,
    "6503.586666666667": 466,
    "6354.228266129032": 444,
    "6038.973870967742": 442,
    "6391.800645161291": 419,
    "6503.541129032257": 411,
    "6503.593214285714": 407,
    "6503.555238095239": 405,
    "6275.086774193547": 393,
    "6320.666964285713": 391,
    "6423.769702380952": 385,
    "10331.568571428572": 383,
    "5755.4685714285715": 381,
    "5573.396578947369": 326,
    "6376.09380952381": 317,
    "6386.277797619047": 304,
    "6503.597142857143": 297,
    "6372.218333333333": 286,
    "5420.797857142857": 283,
    "5724.303095238095": 283,
    "6503.60761904762": 282,
    "6239.53879032258": 276,
    "6503.484354838709": 271,
    "6338.639047619047": 270,
    "5630.806666666666": 268,
    "8842.851904761905": 263,
    "9161.862619047619": 263,
    "6405.02375": 257,
    "6363.585328947368": 256,
    "6503.601071428572": 254,
    "6211.2928571428565": 251,
    "5287.9864285714275": 237,
    "5817.799523809524": 236,
    "6503.5961290322575": 229,
    "6264.937741935484": 222,
    "6503.5115": 204,
    "6503.5335": 204,
    "9480.873333333333": 201,
    "5521.0425": 200,
    "6400.337261904761": 198,
    "6503.577499999999": 194,
    "6503.524464285714": 189,
    "6503.500892857142": 186,
    "9889.069838709678": 183,
    "8088.202903225806": 176,
    "6293.693333333334": 174,
    "5912.30129032258": 162,
    "5781.678571428572": 146,
    "20898.52598214286": 146,
    "6360.577701612902": 144,
    "10650.579285714284": 144,
    "5973.626904761904": 136,
    "6463.756028225806": 131,
    "6123.690725806452": 128,
    "6358.81629032258": 128,
    "5586.123571428571": 125,
    "6438.7664642857135": 124,
    "6412.960544354838": 119,
    "6440.008548387096": 119,
    "6055.24943548387": 116,
    "27157.25901785714": 115,
    "5330.577678571428": 105,
    "5996.749677419354": 105,
    "6503.569642857144": 101,
    "5545.941975806451": 100,
    "5891.895714285713": 99,
    "6070.262797619047": 97,
    "5751.605178571428": 93,
    "5992.192321428571": 91,
    "6503.503870967742": 91,
    "6503.538214285713": 91,
    "6503.553928571428": 90,
    "6263.729523809524": 89,
    "5950.772222222222": 88,
    "4540.014999999999": 85,
    "6363.752419354839": 79,
    "6503.573571428571": 78,
    "6503.50325": 76,
    "5726.6801209677415": 75,
    "6257.399375": 70,
    "6446.295080645161": 69,
    "5511.171451612903": 65,
    "6503.515952380952": 64,
    "5942.07": 61,
    "6113.871547619047": 60,
    "5586.686572580645": 59,
    "6503.513333333333": 58,
    "8311.16738095238": 58,
    "24653.76580357143": 58,
    "5841.825357142858": 54,
    "5871.89875": 54,
    "6503.557096774193": 54,
    "6318.038928571428": 50,
    "6435.485922619047": 49,
    "5958.044166666667": 48,
    "8045.3251190476185": 48,
    "39048.85178571429": 48,
    "5789.971666666666": 46,
    "6353.47238095238": 46,
    "6503.576190476191": 46,
    "6503.585357142858": 45,
    "6208.19125": 42,
    "12086.1275": 41,
    "5574.507741935484": 40,
    "5661.384999999999": 40,
    "5806.740806451613": 40,
    "6503.5401785714275": 39,
    "6503.549999999999": 39,
    "8556.428306451611": 39,
    "5509.680535714285": 37,
    "5903.504583333334": 36,
    "6011.492076612903": 36,
    "6280.1612903225805": 36,
    "5942.857738095238": 34,
    "6387.449419642857": 33,
    "6398.674314516128": 33,
    "5692.15745967742": 31,
    "5848.964999999999": 31,
    "6248.786270161289": 31,
    "6503.510714285714": 30,
    "5977.522589285713": 29,
    "6284.329642857142": 29,
    "22614.630201612905": 29,
    "29660.75223214286": 29,
    "5922.829495967741": 28,
    "6306.8025": 28,
    "6448.959575892857": 28,
    "5866.414702380952": 27,
    "6415.958888888888": 27,
    "6428.4561904761895": 27,
    "6433.142678571428": 27,
    "4608.81625": 26,
    "6278.711428571428": 26,
    "6366.360223214286": 26,
    "6383.934553571428": 26,
    "17518.810142857143": 26,
    "6335.980967741934": 25,
    "6362.845357142856": 24,
    "6346.129999999999": 23,
    "6503.530357142857": 23,
    "9268.199523809524": 23,
    "5541.091428571429": 22,
    "6287.6733669354835": 21,
    "5743.941451612903": 20,
    "6503.541749999999": 20,
    "6412.09870967742": 19,
    "6295.566071428571": 18,
    "6320.666964285714": 18,
    "6340.511785714285": 18,
    "6394.82119047619": 18,
    "5688.047619047619": 17,
    "5891.895714285714": 16,
    "6273.093214285715": 16,
    "29869.376666666663": 16,
    "5607.058870967742": 15,
    "6082.412499999999": 15,
    "6359.330491071429": 15,
    "5693.137619047619": 14,
    "6346.13": 14,
    "6350.348055555554": 14,
    "6412.053482142857": 14,
    "6412.404968749999": 14,
    "6427.870379464285": 14,
    "5165.686874999999": 12,
    "6136.738629032257": 12,
    "6312.420714285713": 12,
    "6379.839285714285": 12,
    "6380.419687499999": 12,
    "6426.1129464285705": 12,
    "4924.586875": 11,
    "6382.6483928571415": 11,
    "6394.479151785714": 10,
    "5578.683169642857": 9,
    "5623.793258928571": 9,
    "5759.123526785714": 9,
    "6422.598080357143": 9,
    "33072.77120967742": 9,
    "6401.50888392857": 8,
    "20272.652678571427": 8,
    "5601.238214285714": 7,
    "5975.637580645161": 7,
    "6067.123333333332": 7,
    "6357.928249999999": 7,
    "5901.745241935483": 6,
    "6022.265714285713": 6,
    "6052.339107142857": 6,
    "6067.375803571428": 6,
    "6362.984642857142": 6,
    "6373.389955357144": 6,
    "6415.568348214285": 6,
    "6427.246774193547": 6,
    "5840.93369047619": 5,
    "5849.3437053571415": 5,
    "6192.736048387097": 5,
    "25905.512410714287": 5,
    "5668.903348214286": 4,
    "5736.568482142857": 4,
    "5924.5271875": 4,
    "6381.591309523808": 4,
    "6413.225104166667": 4,
    "6437.8291666666655": 4,
    "7403.873467741935": 4,
    "9906.220952380952": 4,
    "31538.372142857144": 4,
    "5380.7": 3,
    "6133.965327380952": 3,
    "6153.836808035715": 3,
    "6308.675238095238": 3,
    "6360.175535714285": 3,
    "6413.81091517857": 3,
    "6503.561785714285": 3,
    "5714.0134375": 2,
    "5804.233616071428": 2,
    "5831.154153225805": 2,
    "5848.965": 2,
    "5919.264343749999": 2,
    "5965.8355357142855": 2,
    "5995.9514955357145": 2,
    "6127.116875": 2,
    "6329.275357142857": 2,
    "6374.221071428571": 2,
    "6396.693928571428": 2,
    "6402.312142857142": 2,
    "6416.3576785714295": 2,
    "6424.072056451612": 2,
    "6503.514642857143": 2,
    "23402.01919642857": 2,
    "31942.16137096774": 2,
    "36545.35857142857": 2,
    "5605.986644736842": 1,
    "5655.845164473684": 1,
    "5933.816088709677": 1,
    "5977.155624999999": 1,
    "5994.13254032258": 1,
    "6018.5065401785705": 1,
    "6034.295071428572": 1,
    "6222.529285714285": 1,
    "6245.002142857142": 1,
    "6327.69669642857": 1,
    "6328.477777777777": 1,
    "6341.756160714285": 1,
    "6408.538616071428": 1,
    "6414.547903225806": 1,
    "6444.858898809523": 1,
    "6503.542142857143": 1,
    "9745.000483870968": 1,
    "18940.14822580645": 1,
    "30912.498839285716": 1
  },