{
  "colors": {
    "#000000": 2887,
    "#f92672": 1871,
    "#28c6e4": 459,
    "#6aaf19": 421,
    "#ae81ff": 324,
    "#fd971f": 228,
    "#9f9f8f": 223,
    "#f25a00": 174
  },
  "cccts": {
    "3252.16": 2109,
    "2168.1066666666666": 1487,
    "2858.055": 1205,
    "2814.369230769231": 1170,
    "633.82": 1116,
    "1375.9138461538462": 1107,
    "2622.48": 1074,
    "1535.7422222222222": 1068,
    "1897.0933333333335": 928,
    "4065.2": 927,
    "2258.4444444444443": 893,
    "1490.5733333333333": 874,
    "3523.1733333333327": 794,
    "1355.0666666666666": 736,
    "1445.4044444444444": 736,
    "1905.37": 695,
    "1209.1771153846153": 599,
    "3278.1": 575,
    "1748.32": 547,
    "2939.4523076923074": 496,
    "1821.1666666666665": 482,
    "1788.688": 474,
    "4878.24": 474,
    "8122.68": 467,
    "2529.4577777777777": 466,
    "2583.242019230769": 444,
    "268.1546153846154": 442,
    "1109.5107692307693": 419,
    "1782.4338461538462": 411,
    "3096.2262499999997": 409,
    "2642.38": 407,
    "1987.4311111111112": 405,
    "2269.4538461538464": 393,
    "1349.6370833333333": 385,
    "12184.02": 383,
    "422.5466666666667": 381,
    "534.7856250000001": 326,
    "1238.3933333333332": 317,
    "1984.7604166666665": 304,
    "2710.133333333333": 297,
    "725.555": 286,
    "2222.9316666666664": 286,
    "440.15277777777777": 283,
    "2890.8088888888888": 282,
    "152.36057692307693": 276,
    "781.7692307692307": 271,
    "1602.6266666666668": 270,
    "492.97111111111116": 268,
    "7445.790000000001": 263,
    "8461.125": 263,
    "1667.19875": 257,
    "2411.48390625": 256,
    "2777.8866666666663": 254,
    "2841.02": 251,
    "686.6383333333333": 237,
    "387.3344444444445": 236,
    "2751.8276923076924": 229,
    "2370.3184615384616": 222,
    "1243.4729411764704": 204,
    "1626.08": 204,
    "9476.460000000001": 201,
    "634.8606249999999": 200,
    "1746.5891666666666": 198,
    "2371.3666666666663": 194,
    "1456.6966666666667": 189,
    "1050.1766666666667": 186,
    "11012.479615384616": 183,
    "5154.777692307693": 176,
    "2039.7066666666667": 174,
    "341.28769230769234": 162,
    "483.70333333333326": 146,
    "35146.64979166667": 146,
    "2473.316826923077": 144,
    "13199.355": 144,
    "299.3038888888889": 136,
    "316.91": 136,
    "687.0324519230769": 131,
    "470.1717307692308": 128,
    "1437.3207692307694": 128,
    "1111.315": 125,
    "1095.58775": 124,
    "630.4038461538462": 119,
    "1566.4339903846155": 119,
    "306.9655769230769": 116,
    "740.8766666666667": 115,
    "50427.801875": 115,
    "292.5323076923077": 105,
    "786.0179166666666": 105,
    "2235.8599999999997": 101,
    "655.7900961538461": 100,
    "524.7876388888889": 97,
    "503.85763888888886": 93,
    "342.62319444444444": 91,
    "1125.7476923076922": 91,
    "1693.8333333333335": 91,
    "1964.8466666666664": 90,
    "2331.0933333333332": 89,
    "950.73": 85,
    "2418.3542307692305": 79,
    "2303.6133333333332": 78,
    "1099.995294117647": 76,
    "1913.035294117647": 76,
    "961.7149038461539": 75,
    "3572.56875": 70,
    "989.3267307692307": 69,
    "572.8757692307693": 65,
    "1309.8977777777777": 64,
    "362.7775": 62,
    "220.07638888888889": 60,
    "627.8841346153846": 59,
    "1264.7288888888888": 58,
    "5753.5650000000005": 58,
    "44315.34104166667": 58,
    "423.24041666666665": 54,
    "443.39472222222224": 54,
    "2063.870769230769": 54,
    "1802.955": 50,
    "1151.1610416666667": 49,
    "4907.4525": 48,
    "79461.99083333333": 48,
    "864.3561111111112": 46,
    "2348.782222222222": 46,
    "2540.493333333333": 46,
    "2506.8733333333334": 45,
    "4287.0824999999995": 42,
    "15230.025000000001": 41,
    "402.23192307692307": 40,
    "536.3092307692308": 40,
    "564.3205555555555": 40,
    "1727.71": 39,
    "6677.780192307693": 39,
    "1203.9245833333332": 37,
    "1529.7800000000002": 37,
    "348.60100000000006": 36,
    "609.0861057692308": 36,
    "2219.0215384615385": 36,
    "679.1369444444446": 34,
    "1813.765673076923": 33,
    "1964.9128125": 33,
    "174.4122596153846": 31,
    "369.7283333333334": 31,
    "1004.4577884615385": 31,
    "1219.56": 30,
    "297.10312500000003": 29,
    "2130.765": 29,
    "40201.184711538466": 29,
    "56540.262708333335": 29,
    "397.65995192307696": 28,
    "922.91359375": 28,
    "1912.225": 28,
    "771.7465277777778": 27,
    "1190.85625": 27,
    "1270.2466666666664": 27,
    "1429.0275": 27,
    "1088.3325": 26,
    "2024.455625": 26,
    "2185.4": 26,
    "2322.1696875": 26,
    "26894.827666666664": 26,
    "1664.2661538461537": 25,
    "2381.7125": 24,
    "1558.3266666666666": 23,
    "8799.57": 23,
    "644.9377777777777": 22,
    "267.14302884615387": 21,
    "940.3434615384616": 20,
    "1769.5576470588232": 20,
    "907.7815384615384": 19,
    "1056.2766666666666": 18,
    "1584.415": 18,
    "2021.4950000000001": 18,
    "987.8355555555555": 17,
    "2240.035": 16,
    "57049.63444444445": 16,
    "282.16027777777776": 15,
    "613.9311538461538": 15,
    "2441.2553125": 15,
    "457.7588888888889": 14,
    "1280.17046875": 14,
    "1548.1131249999999": 14,
    "1555.1181617647057": 14,
    "2500.798125": 14,
    "251.15365384615382": 12,
    "1201.97": 12,
    "1309.941875": 12,
    "1389.1437500000002": 12,
    "1857.5900000000001": 12,
    "2083.9984375": 12,
    "906.9437499999999": 11,
    "1174.6525000000001": 11,
    "1845.8271875": 10,
    "498.8190625": 9,
    "589.5134375": 9,
    "619.7448958333333": 9,
    "1369.4846875": 9,
    "66296.69057692308": 9,
    "1726.7415624999999": 8,
    "33618.534583333334": 8,
    "246.48555555555558": 7,
    "304.72115384615387": 7,
    "604.6291666666666": 7,
    "1426.9376470588234": 7,
    "292.23743055555553": 6,
    "302.3145833333333": 6,
    "322.46888888888884": 6,
    "347.3821153846154": 6,
    "1319.1023076923077": 6,
    "1365.875": 6,
    "1488.5703125": 6,
    "2203.0840625": 6,
    "384.6859615384615": 5,
    "438.3561458333333": 5,
    "802.6163888888889": 5,
    "47371.57145833333": 5,
    "399.05525": 4,
    "513.9347916666667": 4,
    "559.2819791666667": 4,
    "1111.4658333333332": 4,
    "1571.9302500000001": 4,
    "2064.150833333333": 4,
    "2928.850961538462": 4,
    "10830.24": 4,
    "61124.60833333334": 4,
    "234.29380208333333": 3,
    "447.6129861111111": 3,
    "1393.1925": 3,
    "1518.34171875": 3,
    "1894.0133333333333": 3,
    "2100.3533333333335": 3,
    "214.38029411764708": 2,
    "303.7054166666667": 2,
    "340.10390624999997": 2,
    "372.8352941176471": 2,
    "394.78727941176464": 2,
    "460.44836538461533": 2,
    "468.58760416666667": 2,
    "529.0505208333333": 2,
    "846.8425000000001": 2,
    "983.4300000000001": 2,
    "1038.065": 2,
    "1256.605": 2,
    "1287.3133333333333": 2,
    "1374.0649038461538": 2,
    "1693.6850000000002": 2,
    "41259.110625": 2,
    "63475.55480769231": 2,
    "73349.53": 2,
    "314.4071666666667": 1,
    "324.9881770833333": 1,
    "348.8245192307692": 1,
    "578.176640625": 1,
    "612.1870312499999": 1,
    "705.2575961538462": 1,
    "992.3802083333333": 1,
    "1538.9526923076921": 1,
    "1607.6559375": 1,
    "1761.5866666666664": 1,
    "2513.21": 1,
    "2731.75": 1,
    "2738.969375": 1,
    "2977.140625": 1,
    "10543.863461538462": 1,
    "31032.49346153846": 1,
    "59596.493125": 1
  },
  "source": {
    "analyze": "light",
    "fontface": "Consolas-Regular",
    "fontsize": 14,
    "language": "c",
    "theme": "Monokai Pro"
  },
  "average": 2894.3628697322,
  "diff65": -55.47134046565846
}
