{
  "colors": {
    "#000000": 4592,
    "#f92672": 1871,
    "#28c6e4": 459,
    "#6aaf19": 421,
    "#ae81ff": 324,
    "#fd971f": 228,
    "#9f9f8f": 223,
    "#f25a00": 174
  },
  "cccts": {
    "6503.44": 10526,
    "0.0": 6194,
    "6503.51111111111": 2817,
    "6503.524444444445": 2165,
    "6503.5199999999995": 1820,
    "6439.817373737373": 1557,
    "6503.546666666665": 1531,
    "6503.488888888889": 1495,
    "6503.506666666667": 1447,
    "6080.34505050505": 1144,
    "6427.888131313131": 1103,
    "6401.744646464646": 1022,
    "6382.676767676768": 1006,
    "7947.044040404039": 1005,
    "6431.864545454545": 949,
    "6503.471111111111": 927,
    "6503.502222222222": 922,
    "6503.497777777777": 893,
    "6503.466666666666": 726,
    "6503.533333333333": 687,
    "6159.675353535354": 609,
    "6503.573333333334": 593,
    "6503.537777777778": 584,
    "6389.032727272727": 583,
    "6458.948282828283": 575,
    "6503.457777777778": 571,
    "6451.746616161616": 560,
    "6001.014747474747": 506,
    "6239.005656565656": 506,
    "6503.515555555555": 493,
    "6408.100606060606": 482,
    "6420.812525252525": 482,
    "6503.484444444444": 474,
    "6027.458181818181": 435,
    "6443.793787878788": 426,
    "6350.896969696969": 423,
    "6415.958888888888": 408,
    "8127.494545454545": 372,
    "6503.542222222221": 322,
    "6363.608888888889": 317,
    "6106.7884848484855": 310,
    "6095.170909090908": 302,
    "6018.620454545455": 277,
    "6053.9016161616155": 276,
    "7856.8187878787885": 270,
    "7676.368282828283": 263,
    "6503.528888888887": 255,
    "25621.024545454547": 204,
    "6299.305454545453": 200,
    "6157.515959595959": 198,
    "8217.719797979798": 197,
    "6435.840959595958": 189,
    "6503.555555555556": 189,
    "6044.137272727273": 175,
    "6408.006060606059": 172,
    "5657.250101010101": 162,
    "6114.2754545454545": 160,
    "6395.388686868687": 154,
    "6312.761212121212": 152,
    "6503.6": 143,
    "6487.534343434342": 138,
    "6092.655202020202": 137,
    "6463.675858585859": 129,
    "6384.147575757575": 122,
    "6120.687727272727": 114,
    "6179.136212121212": 113,
    "6186.118787878787": 108,
    "8488.395555555555": 106,
    "5921.684444444444": 105,
    "6265.449090909091": 105,
    "5942.07": 102,
    "22788.789797979796": 100,
    "6133.231919191919": 95,
    "6171.721363636363": 94,
    "6411.982474747475": 94,
    "6503.493333333333": 90,
    "6423.911717171716": 88,
    "6397.666262626262": 85,
    "6369.964848484848": 82,
    "5984.553939393939": 75,
    "6475.605101010101": 70,
    "5891.036363636362": 66,
    "6419.935303030303": 66,
    "6426.8895454545445": 61,
    "15000.14424242424": 58,
    "6447.770202020202": 57,
    "6401.3727272727265": 54,
    "6357.252929292929": 50,
    "6069.654090909091": 48,
    "6503.5599999999995": 45,
    "6479.581515151514": 43,
    "7135.016767676768": 41,
    "5895.24101010101": 40,
    "6503.564444444444": 39,
    "9210.197575757576": 39,
    "6376.320808080807": 38,
    "5854.832424242423": 36,
    "5789.467272727273": 31,
    "6027.794444444445": 31,
    "6503.551111111111": 31,
    "5967.586818181818": 29,
    "6459.699444444444": 29,
    "31993.55272727273": 29,
    "5737.935454545454": 27,
    "6222.376717171716": 27,
    "6491.510757575757": 27,
    "14292.085555555555": 26,
    "6135.8957070707065": 21,
    "6331.82909090909": 21,
    "17832.37898989899": 21,
    "6006.174191919192": 20,
    "6350.33909090909": 18,
    "6427.168484848484": 18,
    "6396.0768181818175": 16,
    "19248.496363636365": 16,
    "21372.672424242424": 16,
    "5916.553181818182": 15,
    "6344.541010101009": 15,
    "5993.103636363635": 14,
    "6388.123989898989": 14,
    "6400.053232323233": 14,
    "6471.628686868686": 14,
    "6352.098232323232": 12,
    "6324.822272727273": 11,
    "6338.18505050505": 11,
    "22080.73111111111": 11,
    "6146.204545454545": 10,
    "6360.289090909091": 10,
    "6274.625454545455": 9,
    "6404.029646464646": 9,
    "6455.72303030303": 9,
    "26329.08323232323": 8,
    "5814.4859090909085": 7,
    "6248.271818181818": 7,
    "6344.779393939394": 7,
    "5710.136969696969": 6,
    "6197.238181818181": 6,
    "6222.755": 6,
    "6467.652272727272": 6,
    "23496.848484848484": 6,
    "5584.834545454545": 5,
    "6071.034949494949": 5,
    "6325.473131313132": 4,
    "6392.100404040405": 4,
    "8037.2692929292925": 4,
    "18540.437676767677": 3,
    "5865.519545454545": 2,
    "6414.4565656565655": 2,
    "20664.613737373737": 2,
    "5763.4522727272715": 1,
    "5788.969090909091": 1,
    "5840.0027272727275": 1,
    "6376.194747474748": 1,
    "6503.568888888888": 1,
    "8668.84606060606": 1,
    "17124.3203030303": 1
  },
  "source": {
    "analyze": "light",
    "fontface": "Consolas-Regular",
    "fontsize": 14,
    "language": "c",
    "theme": "Monokai Pro"
  },
  "average": 5936.851132652984,
  "diff65": -8.663828728415627
}
