{
  "colors": {
    "#abb2bf": 5311,
    "#c678dd": 2149,
    "#e06c75": 1291,
    "#e5c07b": 521,
    "#61afef": 421,
    "#d19a66": 301,
    "#7f848e": 223,
    "#56b6c2": 204,
    "#98c379": 174
  },
  "cccts": {
    "9565.78": 10526,
    "0.0": 6194,
    "9478.526666666667": 2086,
    "9438.86606060606": 1323,
    "8981.09090909091": 1296,
    "9421.979480519482": 1273,
    "10471.63523809524": 1137,
    "19568.614545454544": 1095,
    "11048.08857142857": 1002,
    "9423.001818181818": 982,
    "10595.160952380953": 876,
    "9477.901904761906": 803,
    "10883.387619047619": 785,
    "9046.056363636364": 784,
    "9208.470000000001": 780,
    "9430.93393939394": 768,
    "9446.798181818183": 736,
    "9510.255151515154": 726,
    "15678.623333333335": 689,
    "9437.957316017317": 669,
    "9159.74590909091": 656,
    "9411.103636363638": 642,
    "16512.19287878788": 601,
    "12344.345151515154": 575,
    "9526.119393939394": 544,
    "9466.628484848485": 534,
    "18457.188484848484": 499,
    "9013.573636363637": 490,
    "8834.918636363636": 485,
    "9541.983636363637": 474,
    "10224.583809523809": 470,
    "10718.686666666666": 469,
    "9378.040432900432": 444,
    "9465.918528138529": 438,
    "8932.36681818182": 421,
    "9409.996103896105": 417,
    "9429.968398268398": 411,
    "9387.307272727272": 403,
    "9403.366363636365": 393,
    "22069.32318181818": 393,
    "11171.614285714288": 379,
    "9407.137575757577": 372,
    "9000.218636363637": 357,
    "19012.901515151516": 329,
    "10677.51142857143": 326,
    "9454.730303030305": 311,
    "9453.935151515154": 299,
    "9252.101558441558": 295,
    "8802.43590909091": 280,
    "9163.603030303031": 263,
    "9391.273333333334": 260,
    "9457.929610389612": 257,
    "20402.184090909093": 257,
    "9403.171515151516": 253,
    "9111.021818181818": 244,
    "11501.016190476192": 234,
    "9462.662424242424": 233,
    "22625.036212121213": 222,
    "9443.793939393941": 218,
    "9379.375151515153": 213,
    "8640.022272727274": 210,
    "9426.967878787878": 191,
    "10965.738095238095": 191,
    "9138.46696969697": 189,
    "9395.239393939395": 189,
    "9442.832121212123": 189,
    "17345.762424242424": 188,
    "9374.08761904762": 174,
    "9359.54484848485": 166,
    "9339.714545454546": 159,
    "8786.194545454546": 149,
    "9386.029350649353": 144,
    "8931.880086580088": 143,
    "9286.95471861472": 142,
    "22902.892727272727": 137,
    "25403.601363636364": 128,
    "9450.764242424242": 127,
    "9347.94774891775": 125,
    "9473.907445887446": 124,
    "9338.095844155845": 119,
    "9111.025714285714": 115,
    "9398.012727272728": 109,
    "9225.96168831169": 107,
    "10025.538787878788": 104,
    "9156.255367965368": 100,
    "9374.045974025974": 99,
    "8851.160000000002": 97,
    "9537.818787878788": 96,
    "9269.528138528138": 95,
    "9367.47696969697": 89,
    "9390.023809523811": 89,
    "9434.9": 86,
    "9538.017575757576": 85,
    "9812.831428571431": 85,
    "9113.33090909091": 82,
    "9213.875151515153": 81,
    "9375.40909090909": 81,
    "9762.819480519482": 79,
    "8849.402272727273": 78,
    "9474.560606060606": 76,
    "18735.045": 75,
    "9877.759177489177": 72,
    "9029.815": 70,
    "9525.835411255413": 70,
    "9433.962857142857": 66,
    "9173.68194805195": 61,
    "9496.07367965368": 61,
    "9166.147445887445": 58,
    "11871.593333333334": 58,
    "9449.940692640694": 57,
    "9509.857575757576": 57,
    "9419.035757575759": 55,
    "9321.807878787879": 51,
    "10389.284761904762": 48,
    "10759.861904761905": 48,
    "21791.466666666667": 48,
    "9541.813246753249": 42,
    "9746.399523809523": 42,
    "9289.283333333335": 41,
    "10924.562857142857": 40,
    "11377.490476190478": 40,
    "9441.951774891775": 38,
    "8962.514545454545": 37,
    "9363.51090909091": 37,
    "10636.336190476191": 37,
    "17623.61893939394": 36,
    "8975.082575757577": 34,
    "9147.542077922079": 32,
    "9358.068138528139": 32,
    "11912.76857142857": 32,
    "9828.499307359309": 31,
    "11295.14": 31,
    "11418.665714285715": 30,
    "8780.295324675326": 29,
    "8849.19748917749": 29,
    "9055.903982683983": 29,
    "9069.122467532468": 28,
    "9504.78696969697": 28,
    "19290.75803030303": 28,
    "9445.946233766233": 27,
    "9533.824329004328": 27,
    "9861.339220779222": 27,
    "9513.500259740262": 26,
    "9977.532380952383": 26,
    "10553.985714285714": 26,
    "20680.040606060607": 26,
    "9094.780454545455": 25,
    "19846.47106060606": 25,
    "9406.001645021644": 24,
    "8883.642727272727": 23,
    "9383.341212121213": 23,
    "21235.753636363635": 23,
    "24014.318787878787": 23,
    "9251.579242424243": 22,
    "11542.19142857143": 22,
    "9885.969155844155": 21,
    "9417.985021645021": 20,
    "9771.02945887446": 17,
    "9143.504545454545": 16,
    "9179.92787878788": 16,
    "11130.439047619047": 16,
    "20957.89712121212": 16,
    "9182.39523809524": 15,
    "9402.007186147186": 15,
    "9647.879783549786": 15,
    "9394.01826839827": 14,
    "9399.205454545454": 14,
    "9951.648982683982": 14,
    "9959.858961038963": 14,
    "10033.748766233768": 13,
    "9199.821818181817": 12,
    "9425.97393939394": 12,
    "9452.090454545454": 12,
    "9278.24142857143": 11,
    "9313.094588744589": 11,
    "9478.6470995671": 11,
    "21513.610151515153": 11,
    "8964.849545454546": 10,
    "9382.034891774892": 10,
    "8918.099653679654": 9,
    "9208.535108225109": 9,
    "8959.440952380954": 8,
    "9112.688917748917": 8,
    "9012.786666666667": 7,
    "9217.248398268397": 7,
    "9366.057056277057": 7,
    "10142.233333333335": 7,
    "23458.605757575755": 7,
    "9075.62681818182": 6,
    "9239.011212121211": 6,
    "9243.38826839827": 6,
    "9304.381298701299": 6,
    "9469.912987012987": 6,
    "9138.58658008658": 5,
    "9201.307121212123": 5,
    "9295.668008658009": 5,
    "8721.229090909092": 4,
    "9014.562683982684": 4,
    "9461.924069264069": 4,
    "18179.331969696967": 4,
    "8997.332272727273": 3,
    "9362.062597402597": 3,
    "9426.367359307358": 3,
    "9844.919264069264": 3,
    "9943.439004329004": 3,
    "16790.049393939396": 3,
    "22347.179696969695": 3,
    "23736.462272727273": 3,
    "8737.470454545455": 2,
    "8753.711818181819": 2,
    "8818.677272727273": 2,
    "8945.66051948052": 2,
    "9037.922727272728": 2,
    "9069.684415584416": 2,
    "9193.708311688311": 2,
    "9260.814848484848": 2,
    "9415.069696969698": 2,
    "9440.099696969699": 2,
    "10512.810476190474": 2,
    "11212.789523809523": 2,
    "20124.327575757576": 2,
    "8899.88409090909": 1,
    "8916.125454545454": 1,
    "9028.343116883118": 1,
    "9121.402207792209": 1,
    "9191.10852813853": 1,
    "9262.610476190477": 1,
    "9330.52116883117": 1,
    "9342.090303030305": 1,
    "9391.5141991342": 1,
    "9501.868658008658": 1
  },
  "source": {
    "analyze": "dark",
    "fontface": "Consolas-Regular",
    "fontsize": 14,
    "language": "c",
    "theme": "Atom One Dark"
  },
  "average": 9384.036213011574,
  "diff65": 44.369787892485746
}
