{
  "colors": {
    "#abb2bf": 5311,
    "#c678dd": 2149,
    "#e06c75": 1291,
    "#e5c07b": 521,
    "#61afef": 421,
    "#d19a66": 301,
    "#7f848e": 223,
    "#56b6c2": 204,
    "#98c379": 174
  },
  "cccts": {
    "9565.78": 10526,
    "0.0": 6194,
    "7957.885000000001": 1229,
    "9170.328571428572": 1204,
    "37073.575": 1074,
    "13642.128571428571": 1002,
    "9336.740000000002": 952,
    "9173.140000000001": 927,
    "9385.820000000002": 872,
    "12283.345714285717": 783,
    "8493.85": 777,
    "9391.273333333334": 736,
    "9402.18": 736,
    "9302.145714285714": 695,
    "9403.235483870969": 672,
    "11253.300645161293": 616,
    "9402.071612903226": 599,
    "49681.314374999994": 575,
    "8900.146048387098": 554,
    "9304.02": 551,
    "8993.18": 544,
    "8449.18625": 533,
    "12396.577619047619": 533,
    "8806.49625": 489,
    "9380.366666666667": 487,
    "8204.256008064516": 485,
    "12056.881904761905": 485,
    "28668.415416666667": 482,
    "8878.66": 474,
    "9355.826666666668": 474,
    "13793.104444444445": 470,
    "12736.273333333336": 469,
    "9216.03935483871": 444,
    "7823.893750000001": 419,
    "20953.41556451613": 419,
    "27904.309999999998": 410,
    "9137.374285714286": 409,
    "9140.42": 406,
    "9233.30258064516": 403,
    "9246.76": 401,
    "7220.9331250000005": 393,
    "32858.670927419356": 393,
    "9379.039047619048": 385,
    "13981.824285714289": 379,
    "9293.113333333333": 368,
    "8512.193911290322": 357,
    "12944.858421052631": 326,
    "22555.572083333336": 317,
    "9291.160952380953": 304,
    "9238.58": 296,
    "9258.206666666669": 286,
    "8703.164285714287": 283,
    "8143.743830645161": 280,
    "10524.598548387097": 276,
    "26376.099166666667": 270,
    "9237.971578947368": 256,
    "9230.4": 253,
    "39365.89125": 251,
    "8315.195000000002": 243,
    "8736.29": 237,
    "13170.937741935484": 234,
    "8583.1775": 226,
    "33893.91052419354": 222,
    "9218.525806451613": 213,
    "8703.481471774192": 210,
    "9371.096000000001": 204,
    "9416.904": 204,
    "8783.03611111111": 200,
    "9324.115238095239": 198,
    "9279.48": 191,
    "11490.722380952382": 191,
    "8978.224583333333": 189,
    "9389.910000000002": 189,
    "9260.393333333333": 188,
    "9438.990000000002": 186,
    "9325.833333333334": 181,
    "30960.731666666667": 174,
    "9473.425161290323": 166,
    "9355.210967741934": 159,
    "8136.54": 156,
    "9335.1": 148,
    "9240.690967741937": 147,
    "8990.702857142858": 146,
    "9230.921935483871": 144,
    "8912.070714285715": 143,
    "27904.31": 137,
    "9472.763870967741": 131,
    "24317.944254032256": 128,
    "9414.190285714285": 124,
    "9187.578891129033": 123,
    "9353.703225806452": 119,
    "16036.027479838709": 119,
    "9216.766666666666": 117,
    "9208.675645161291": 116,
    "8627.849285714286": 115,
    "9335.100000000002": 109,
    "9994.02306451613": 104,
    "8802.875241935484": 100,
    "8631.279642857142": 98,
    "8234.512096774193": 95,
    "8966.74130952381": 93,
    "9158.433690476191": 91,
    "9328.560000000001": 90,
    "9361.28": 89,
    "34017.153333333335": 89,
    "16699.39": 85,
    "8598.041666666668": 81,
    "9238.363225806452": 79,
    "9932.845483870968": 79,
    "8321.545000000002": 78,
    "8898.50881048387": 78,
    "9287.660000000002": 77,
    "9434.082": 76,
    "9966.153277777777": 72,
    "8989.08": 70,
    "9431.83677419355": 69,
    "9021.170403225808": 65,
    "9295.84": 62,
    "9118.497777777779": 61,
    "10981.17880952381": 60,
    "8835.33927419355": 59,
    "8741.537857142857": 58,
    "9413.086666666666": 58,
    "11713.533548387099": 58,
    "9038.625952380953": 54,
    "28477.389062500002": 50,
    "9406.500952380953": 49,
    "11207.64261904762": 48,
    "11547.338333333333": 48,
    "9214.26761904762": 46,
    "10107.638571428572": 43,
    "8873.74": 42,
    "9062.5875": 42,
    "9263.12": 41,
    "8894.856666666668": 40,
    "12097.060967741936": 40,
    "12940.821290322581": 40,
    "8460.3521875": 39,
    "8736.289999999999": 37,
    "9357.19": 37,
    "9407.633333333335": 37,
    "12509.809523809523": 37,
    "8627.841250000001": 36,
    "11745.494166666665": 36,
    "32341.051129032257": 36,
    "8465.367862903226": 34,
    "9293.907142857144": 33,
    "9320.21741935484": 33,
    "11943.650000000001": 33,
    "8805.414166666667": 32,
    "11751.88629032258": 32,
    "8567.329072580647": 31,
    "9362.879798387097": 31,
    "8087.828571428572": 29,
    "8514.160714285714": 29,
    "8834.139032258065": 29,
    "9282.206666666667": 29,
    "11476.568392857143": 29,
    "31915.863437499997": 29,
    "9103.16754032258": 28,
    "9418.539999999999": 28,
    "9438.082142857142": 28,
    "29623.547187499997": 28,
    "9360.731111111112": 27,
    "9390.02380952381": 27,
    "9401.008571428572": 27,
    "9432.789032258066": 27,
    "10378.56785714286": 27,
    "8056.2025": 26,
    "8459.793333333333": 26,
    "9244.475714285714": 26,
    "9285.668571428572": 26,
    "9863.802214285715": 26,
    "11406.711612903227": 26,
    "15510.455000000002": 26,
    "32488.942499999997": 26,
    "8918.155625000001": 25,
    "26647.233346774196": 25,
    "9236.237142857144": 24,
    "9321.963225806454": 24,
    "9377.64": 23,
    "25611.99375": 23,
    "8799.010476190477": 22,
    "12283.345714285715": 22,
    "10446.30017857143": 21,
    "8701.727916666667": 19,
    "18882.936370967745": 19,
    "20645.308541666665": 18,
    "26185.072812500002": 18,
    "30769.705312500002": 18,
    "8404.522500000001": 16,
    "8504.686666666666": 16,
    "11573.759111111112": 16,
    "33062.0215625": 16,
    "8851.571290322581": 15,
    "9227.998571428572": 15,
    "9230.318333333335": 15,
    "10751.095625000002": 15,
    "9206.944444444445": 14,
    "9336.74": 14,
    "9351.577142857144": 14,
    "9352.401000000002": 14,
    "9353.918000000001": 14,
    "9388.650714285715": 14,
    "10062.483690476192": 14,
    "10284.616572580646": 14,
    "25611.993749999998": 14,
    "10001.670262096775": 13,
    "10130.216011904762": 13,
    "9062.587500000001": 12,
    "9273.60370967742": 12,
    "9277.430000000002": 12,
    "9384.531428571428": 12,
    "22173.519375": 12,
    "29050.468125000003": 12,
    "8307.79875": 11,
    "21886.979843749996": 11,
    "9310.384285714286": 10,
    "8359.214193548387": 9,
    "8828.962410714286": 9,
    "8864.904732142857": 9,
    "8972.731696428573": 9,
    "9050.693467741938": 9,
    "9376.292857142858": 9,
    "8940.492857142857": 8,
    "9326.86142857143": 8,
    "8535.606935483871": 7,
    "8631.279642857144": 7,
    "8846.933571428572": 7,
    "11151.026666666668": 7,
    "11483.417096774194": 7,
    "24408.52771875": 7,
    "8217.85875": 6,
    "8259.3653125": 6,
    "8667.165833333334": 6,
    "8698.186656250002": 6,
    "9182.39523809524": 6,
    "9206.356785714286": 6,
    "9218.33755952381": 6,
    "9260.952857142858": 6,
    "9359.815714285714": 6,
    "9387.189032258066": 6,
    "23892.756562500002": 6,
    "8684.693571428572": 5,
    "9044.616339285714": 5,
    "9064.629791666668": 5,
    "8326.3609375": 4,
    "8428.894285714287": 4,
    "8900.84705357143": 4,
    "8954.760535714286": 4,
    "9104.520208333333": 4,
    "9144.34556451613": 4,
    "9280.176190476192": 4,
    "9354.323333333334": 4,
    "9411.993333333334": 4,
    "9756.95993951613": 4,
    "8393.356562500001": 3,
    "8671.215555555556": 3,
    "9273.117197580645": 3,
    "9287.227008928572": 3,
    "9312.2": 3,
    "9355.69642857143": 3,
    "9949.596488095238": 3,
    "9955.240848214287": 3,
    "24179.296093749996": 3,
    "29432.520833333332": 3,
    "7751.270625": 2,
    "8201.517142857143": 2,
    "8410.557419354838": 2,
    "8711.58578125": 2,
    "8728.3346875": 2,
    "8795.3303125": 2,
    "8798.382142857143": 2,
    "8828.828125": 2,
    "8839.976250000002": 2,
    "8936.789375": 2,
    "8962.819375000001": 2,
    "9008.674017857144": 2,
    "9030.123467741936": 2,
    "9100.3269375": 2,