{
  "colors": {
    "#abb2bf": 3369,
    "#c678dd": 2149,
    "#e06c75": 960,
    "#e5c07b": 521,
    "#61afef": 421,
    "#d19a66": 301,
    "#7f848e": 223,
    "#56b6c2": 204,
    "#98c379": 174
  },
  "cccts": {
    "14294.37": 1472,
    "1031.135": 1229,
    "3860.17": 1205,
    "68967.745": 1074,
    "3866.73": 927,
    "2255.5925": 890,
    "1772.25125": 872,
    "9529.58": 805,
    "687.4233333333333": 777,
    "1611.1375": 736,
    "1718.5466666666666": 736,
    "2573.4466666666667": 695,
    "1635.9242307692307": 672,
    "6047.618076923077": 616,
    "1633.148846153846": 599,
    "86209.68125": 575,
    "436.24942307692305": 554,
    "2577.8199999999997": 551,
    "45978.49666666666": 547,
    "4833.4125": 544,
    "716.0659722222222": 533,
    "9926.645833333334": 533,
    "486.9248611111111": 489,
    "1825.9558333333332": 487,
    "892.3283653846154": 485,
    "8735.448333333334": 485,
    "47894.26736111111": 482,
    "2126.7015": 474,
    "5800.095": 474,
    "11117.843333333334": 469,
    "3488.999807692308": 444,
    "1117.0629166666665": 419,
    "29178.661346153844": 419,
    "4181.850833333333": 409,
    "4188.9574999999995": 406,
    "3346.208653846154": 403,
    "3141.718125": 401,
    "1288.91875": 393,
    "59683.62548076923": 393,
    "1822.8580555555554": 385,
    "15485.5675": 379,
    "2685.2291666666665": 368,
    "1626.641826923077": 357,
    "12060.874687500002": 326,
    "32568.101805555554": 317,
    "2680.673611111111": 304,
    "3222.275": 296,
    "2770.12": 286,
    "3002.3544444444447": 286,
    "931.9874038461538": 280,
    "3436.1466346153848": 276,
    "1253.1166666666666": 274,
    "42146.95527777778": 270,
    "2251.7658333333334": 257,
    "3257.0184375": 256,
    "3302.831875": 253,
    "74715.05708333332": 251,
    "801.9938888888889": 243,
    "12919.911346153847": 234,
    "630.1380555555556": 226,
    "62336.231057692305": 222,
    "3494.9290384615383": 213,
    "565.1412980769231": 210,
    "1478.455588235294": 204,
    "1933.365": 204,
    "2423.855": 200,
    "2358.992777777778": 198,
    "2819.490625": 191,
    "6750.119166666667": 191,
    "887.6243055555556": 189,
    "1731.9728125000001": 189,
    "3007.456666666667": 188,
    "1248.6315625": 186,
    "2363.001666666667": 181,
    "53641.57944444444": 174,
    "929.5024038461539": 166,
    "2119.265480769231": 159,
    "916.5644444444443": 156,
    "3271.8484615384614": 147,
    "1846.7466666666664": 146,
    "3340.5317307692308": 144,
    "766.4797916666666": 143,
    "927.9254807692308": 131,
    "37799.62947115385": 128,
    "1479.7318333333335": 124,
    "247.8689903846154": 123,
    "2115.6700961538463": 119,
    "16578.78485576923": 119,
    "3437.0933333333332": 117,
    "1171.9738461538461": 116,
    "1099.731875": 115,
    "3000.963333333333": 105,
    "3596.597307692308": 104,
    "2503.762307692308": 100,
    "872.4988461538461": 95,
    "1923.6944444444443": 93,
    "1308.112222222222": 91,
    "2336.149375": 90,
    "2013.9218750000002": 89,
    "61304.662222222214": 89,
    "21441.555": 85,
    "1461.9694444444444": 81,
    "3082.7976923076926": 79,
    "3266.297692307692": 79,
    "1030.2064903846156": 78,
    "1879.675": 78,
    "2738.93375": 77,
    "1307.8645588235295": 76,
    "2274.5470588235294": 76,
    "3339.6975": 72,
    "4825.2125": 70,
    "1336.2126923076924": 69,
    "356.93134615384616": 65,
    "7147.185": 64,
    "1385.06": 62,
    "2658.376875": 62,
    "4963.322916666667": 60,
    "2397.2192307692308": 59,
    "966.4310416666666": 58,
    "1503.7283333333335": 58,
    "7696.968461538461": 58,
    "1615.9033333333334": 54,
    "1692.851111111111": 54,
    "47415.3246875": 50,
    "1554.7906944444446": 49,
    "5757.454583333334": 48,
    "3431.262222222222": 46,
    "4452.93": 43,
    "5790.255": 42,
    "2980.6043750000003": 41,
    "2154.5377777777776": 40,
    "9071.427115384615": 40,
    "12095.236153846154": 40,
    "708.9053125": 39,
    "1557.4329166666666": 37,
    "2054.2003125": 37,
    "10323.711666666668": 37,
    "40231.184583333335": 37,
    "601.4954166666668": 36,
    "7861.903500000001": 36,
    "58357.32269230769": 36,
    "1698.9370192307692": 34,
    "2449.7232692307693": 33,
    "2653.866875": 33,
    "1148.6902777777777": 32,
    "7834.414326923078": 32,
    "654.3741346153846": 31,
    "665.8942307692307": 31,
    "8338.382500000002": 31,
    "876.7093269230769": 29,
    "1233.0327083333334": 29,
    "1732.9108333333331": 29,
    "2792.6383333333333": 29,
    "6700.485937500001": 29,
    "56036.292812499996": 29,
    "1246.5132291666669": 28,
    "1450.02375": 28,
    "1518.2388461538462": 28,
    "50288.98072916666": 28,
    "1338.4834615384616": 27,
    "1608.4041666666667": 27,
    "1715.631111111111": 27,
    "1930.085": 27,
    "6679.395": 27,
    "1670.822222222222": 26,
    "2449.1115": 26,
    "2734.2870833333336": 26,
    "3136.388125": 26,
    "4155.18": 26,
    "6597.4015384615395": 26,
    "17867.9625": 26,
    "57473.120833333334": 26,
    "415.3182638888889": 25,
    "43767.99201923076": 25,
    "2453.886346153846": 24,
    "3216.8083333333334": 24,
    "1852.808125": 23,
    "2462.3288888888887": 22,
    "7236.01125": 21,
    "1305.329861111111": 19,
    "23873.45019230769": 19,
    "27778.67506944444": 18,
    "41668.01260416666": 18,
    "53162.636770833335": 18,
    "744.708611111111": 16,
    "1244.141111111111": 16,
    "58909.94885416666": 16,
    "1077.2688888888888": 15,
    "2343.9476923076923": 15,
    "3297.2285416666664": 15,
    "8349.243750000001": 15,
    "1729.0344791666669": 14,
    "2090.9254166666665": 14,
    "2100.3866176470588": 14,
    "2103.9560294117646": 14,
    "3377.6487500000003": 14,
    "4081.8525000000004": 14,
    "6037.145480769232": 14,
    "3660.822259615385": 13,
    "4638.46875": 13,
    "958.8876923076922": 12,
    "1769.2445833333334": 12,
    "2814.7072916666666": 12,
    "31610.21645833333": 12,
    "48852.152708333335": 12,
    "3462.6499999999996": 11,
    "30891.802447916667": 11,
    "2493.0264583333337": 10,
    "795.2471153846153": 9,
    "1445.801346153846": 9,
    "1849.6647916666668": 9,
    "1904.4575": 9,
    "2250.7225": 9,
    "2366.1441666666665": 9,
    "733.1545833333332": 8,
    "2332.1860416666664": 8,
    "1590.4942307692306": 7,
    "2308.4333333333334": 7,
    "5558.921666666667": 7,
    "6872.2932692307695": 7,
    "37526.56713235294": 7,
    "561.0587499999999": 6,
    "837.7971875": 6,
    "1115.7427777777777": 6,
    "1154.2166666666667": 6,
    "1231.1644444444444": 6,
    "1357.5430555555556": 6,
    "1781.6169230769233": 6,
    "2010.5052083333335": 6,
    "2036.314583333333": 6,
    "2975.5477083333335": 6,
    "35920.700520833336": 6,
    "757.0913194444445": 5,
    "1033.0814583333333": 5,
    "1673.6141666666665": 5,
    "650.6567307692308": 4,
    "794.8332291666667": 4,
    "1333.0083333333332": 4,
    "1501.1772222222223": 4,
    "1523.566": 4,
    "1605.6237980769233": 4,
    "1962.1683333333333": 4,
    "2123.0935000000004": 4,
    "2135.3008333333332": 4,
    "2787.9005555555555": 4,
    "451.8449519230769": 3,
    "751.8692708333333": 3,
    "894.5179166666667": 3,
    "2050.7153125": 3,
    "2497.263125": 3,
    "3154.15875": 3,
    "3200.5434375000004": 3,
    "36639.11453125": 3,
    "49810.03805555555": 3,
    "386.67562499999997": 2,
    "472.6035416666666": 2,
    "494.08552083333336": 2,
    "537.0494791666667": 2,
    "547.79046875": 2,
    "899.780625": 2,
    "1096.4770833333334": 2,
    "1298.4937499999999": 2,
    "1384.2778846153847": 2,
    "1507.271176470588": 2,
    "1530.5806249999998": 2,
    "1599.61": 2,
    "1757.960769230769": 2,
    "1789.0358333333334": 2,
    "1855.8509615384617": 2,
    "2019.8791666666664": 2,
    "2349.59375": 2,
    "2825.8978846153846": 2,
    "4834.860441176471": 2,
    "5937.24": 2,
    "8408.45294117647": 2,
    "12706.106666666667": 2,
    "22270.834322916668": 2,
    "25862.904375": 2,
    "27299.73239583333": 2,
    "33047.04447916667": 2,