{
  "colors": {
    "#abb2bf": 5311,
    "#c678dd": 2149,
    "#e06c75": 1291,
    "#e5c07b": 521,
    "#61afef": 421,
    "#d19a66": 301,
    "#7f848e": 223,
    "#56b6c2": 204,
    "#98c379": 174
  },
  "cccts": {
    "9565.78": 10526,
    "0.0": 6194,
    "11102.98888888889": 2116,
    "9416.653535353536": 1557,
    "9463.984444444446": 1495,
    "8959.435757575759": 1477,
    "8845.746212121212": 1275,
    "9417.713737373739": 1258,
    "9388.692323232324": 1103,
    "9426.96787878788": 1032,
    "19939.0898989899": 1022,
    "21884.085505050505": 1006,
    "9398.012727272728": 949,
    "9389.951313131314": 940,
    "9436.22202020202": 922,
    "8883.642727272729": 861,
    "10814.762222222222": 859,
    "9399.205454545456": 820,
    "11295.140000000001": 792,
    "9343.680606060607": 763,
    "9510.255151515154": 726,
    "11391.215555555556": 674,
    "9371.44303030303": 641,
    "21235.753636363635": 583,
    "14104.103080808081": 575,
    "11006.913333333336": 566,
    "9444.614747474747": 560,
    "9528.763434343435": 559,
    "9501.00101010101": 544,
    "9073.125303030303": 533,
    "10526.535555555556": 506,
    "8997.332272727273": 496,
    "8656.263636363637": 486,
    "17994.094292929294": 482,
    "19290.75803030303": 482,
    "9473.238585858588": 474,
    "9425.973939393942": 426,
    "25125.74484848485": 423,
    "9360.73111111111": 408,
    "9300.504393939395": 393,
    "9408.459595959597": 380,
    "9445.476161616161": 368,
    "8861.970303030304": 357,
    "8732.056666666667": 356,
    "9288.155757575758": 341,
    "23829.08111111111": 317,
    "9240.48383838384": 302,
    "9037.922727272728": 299,
    "9096.573535353536": 280,
    "9179.490808080809": 277,
    "11199.064444444446": 276,
    "9352.934747474748": 238,
    "9362.188888888888": 215,
    "8428.884545454546": 210,
    "8697.612727272728": 201,
    "9403.13191919192": 200,
    "11679.442222222222": 195,
    "9325.172323232324": 189,
    "9407.333131313133": 189,
    "9380.697171717173": 186,
    "9199.82181818182": 175,
    "9342.090303030303": 172,
    "20587.42176767677": 154,
    "29015.73606060606": 152,
    "9232.63090909091": 141,
    "9528.498383838385": 138,
    "8921.539242424244": 131,
    "9472.575959595959": 129,
    "9286.167878787879": 122,
    "9260.81484848485": 114,
    "10718.686666666666": 108,
    "10178.791717171718": 104,
    "9118.497777777779": 102,
    "8826.230101010102": 100,
    "8694.16015151515": 97,
    "9301.476868686868": 94,
    "9351.410707070707": 94,
    "9454.730303030303": 90,
    "9379.371919191919": 88,
    "9008.597323232323": 87,
    "9950.082222222223": 85,
    "23180.74924242424": 82,
    "9738.189545454547": 79,
    "8686.01787878788": 78,
    "9833.972626262626": 72,
    "8807.849696969697": 70,
    "9500.537171717173": 70,
    "9077.835757575758": 66,
    "9370.051515151516": 66,
    "9504.78696969697": 61,
    "9179.92787878788": 58,
    "12640.19777777778": 58,
    "9435.294343434343": 57,
    "9484.45595959596": 54,
    "9872.28585858586": 52,
    "24477.412979797977": 50,
    "9220.15282828283": 48,
    "8769.953181818182": 46,
    "8920.621111111112": 44,
    "9509.857575757576": 43,
    "9315.918181818182": 41,
    "11775.517777777777": 40,
    "22532.41737373737": 38,
    "9306.66404040404": 37,
    "9125.898939393941": 32,
    "12448.046666666667": 32,
    "8408.223636363637": 29,
    "9138.828787878789": 29,
    "9463.255555555555": 29,
    "9929.755707070708": 29,
    "12159.820000000002": 29,
    "9334.426464646465": 28,
    "8955.849696969697": 27,
    "9537.818787878788": 27,
    "9776.502777777778": 26,
    "10238.308888888889": 26,
    "10430.460000000001": 26,
    "10910.837777777777": 23,
    "27070.740454545452": 21,
    "9184.549747474748": 19,
    "9443.79393939394": 18,
    "17345.762424242424": 18,
    "8890.538787878788": 16,
    "8987.00181818182": 16,
    "9314.129090909091": 16,
    "9987.225555555557": 16,
    "9098.166767676768": 15,
    "9699.876313131314": 15,
    "9910.59909090909": 15,
    "25774.07671717172": 15,
    "9159.159797979799": 14,
    "9295.488282828284": 14,
    "9323.449494949497": 14,
    "9491.216767676768": 14,
    "9853.129242424244": 14,
    "9814.81601010101": 13,
    "10140.478484848485": 13,
    "9414.19393939394": 12,
    "8858.384444444446": 11,
    "9423.46292929293": 11,
    "26422.40858585859": 11,
    "9230.245454545455": 10,
    "9281.14585858586": 10,
    "9332.7698989899": 9,
    "9453.935151515152": 9,
    "32905.72727272727": 9,
    "8665.458383838384": 8,
    "8891.295707070707": 7,
    "9016.842727272728": 7,
    "9362.469898989899": 7,
    "10142.233333333334": 7,
    "8542.574090909091": 6,
    "8794.075757575758": 6,
    "9321.807878787879": 6,
    "9342.138888888889": 6,
    "9481.896363636364": 6,
    "8833.863636363636": 5,
    "8979.27191919192": 4,
    "9304.808686868688": 4,
    "9891.442474747475": 4,
    "27719.072323232325": 4,
    "8618.367121212123": 3,
    "9019.156161616162": 3,
    "9067.248131313132": 3,
    "10083.008636363636": 3,
    "8201.505454545455": 2,
    "8504.677575757576": 2,
    "8922.693131313132": 2,
    "9051.310505050506": 2,
    "9057.504747474748": 2,
    "9360.502171717173": 2,
    "18642.42616161616": 2,
    "8976.180707070707": 1,
    "8996.511717171717": 1,
    "9037.173737373738": 1,
    "9083.46484848485": 1,
    "9267.527070707072": 1,
    "9297.4098989899": 1,
    "11871.593333333336": 1
  },
  "source": {
    "analyze": "dark",
    "fontface": "Consolas-Regular",
    "fontsize": 14,
    "language": "c",
    "theme": "Atom One Dark"
  },
  "average": 9608.894368169686,
  "diff65": 47.82914412568747
}
