{
  "colors": {
    "#90a4ae": 5828,
    "#39adb5": 4382,
    "#7c4dff": 1770,
    "#e53935": 1004,
    "#6182b8": 424,
    "#f76d47": 272,
    "#ffb62c": 146,
    "#91b859": 115,
    "#8796b0": 15
  },
  "cccts": {
    "6503.44": 10526,
    "0.0": 6194,
    "6652.596103896104": 2959,
    "6594.590952380951": 1843,
    "6858.316666666667": 1681,
    "6636.023203463203": 1593,
    "6665.0257792207785": 1363,
    "6607.020627705628": 1322,
    "16200.834805194805": 1101,
    "6644.309653679653": 1055,
    "6729.270606060605": 923,
    "7019.624242424242": 885,
    "6698.1715800865795": 870,
    "6544.872251082251": 819,
    "6689.88512987013": 746,
    "6987.362727272726": 736,
    "6619.450303030303": 717,
    "13244.949999999999": 711,
    "12429.625714285714": 689,
    "16309.272727272728": 636,
    "13237.741948051947": 601,
    "9197.160779220778": 578,
    "6253.359047619047": 572,
    "7084.147272727273": 559,
    "6139.685887445888": 546,
    "6906.708939393939": 545,
    "6116.951255411255": 524,
    "15123.346493506493": 508,
    "6600.224545454545": 470,
    "11406.356363636363": 470,
    "17535.00181818182": 443,
    "5991.910779220779": 419,
    "18625.183506493504": 396,
    "15083.543636363636": 376,
    "6094.216623376624": 364,
    "6685.741904761904": 350,
    "15662.090649350646": 332,
    "14164.246818181817": 331,
    "14777.111363636363": 326,
    "6669.169004329004": 321,
    "6702.314805194804": 311,
    "6212.191428571428": 306,
    "6739.603831168831": 306,
    "6395.308311688312": 295,
    "6673.31222943723": 269,
    "6615.307077922078": 257,
    "17008.951038961037": 257,
    "7051.885757575757": 236,
    "18454.298636363634": 236,
    "6631.8799783549775": 227,
    "19163.927662337657": 225,
    "6139.379285714285": 223,
    "6640.166428571428": 220,
    "6301.184047619047": 207,
    "6648.452878787879": 206,
    "6922.839696969697": 204,
    "6681.598679653679": 203,
    "6718.887705627706": 202,
    "6185.155151515152": 201,
    "14045.858181818183": 191,
    "6623.593528138528": 179,
    "6437.359523809523": 174,
    "20905.756818181813": 169,
    "5855.5029870129865": 163,
    "7132.539545454544": 162,
    "23663.64727272727": 162,
    "16922.137272727272": 159,
    "6244.55238095238": 155,
    "6422.537619047619": 149,
    "6677.455454545455": 148,
    "6026.56238095238": 143,
    "6407.322943722943": 142,
    "19433.299740259743": 137,
    "6532.4425757575755": 128,
    "21857.648441558442": 128,
    "6042.296428571428": 126,
    "6428.348549783549": 125,
    "6598.734177489177": 124,
    "6219.257099567099": 121,
    "6161.332142857143": 113,
    "6386.297337662337": 107,
    "13857.814545454545": 105,
    "6003.278095238095": 101,
    "6362.268073593073": 100,
    "6710.601255411255": 98,
    "6401.315627705628": 95,
    "6955.101212121212": 93,
    "6060.114675324674": 92,
    "18147.866363636364": 88,
    "5969.1761471861455": 85,
    "8342.033636363636": 85,
    "6656.739329004328": 83,
    "6874.447424242423": 76,
    "7148.670303030302": 76,
    "15392.71857142857": 75,
    "6228.371904761904": 72,
    "6325.454761904761": 67,
    "6616.355303030303": 65,
    "7261.585606060606": 65,
    "6368.2753896103895": 61,
    "6561.44515151515": 60,
    "6202.799761904763": 58,
    "5957.808831168831": 54,
    "6419.337575757576": 51,
    "12632.085454545455": 48,
    "15389.975909090906": 48,
    "18355.811428571425": 48,
    "6528.29935064935": 46,
    "6611.163852813852": 45,
    "6632.48606060606": 44,
    "6714.74448051948": 42,
    "7035.754999999999": 40,
    "7213.193333333333": 40,
    "6389.76683982684": 38,
    "14470.67909090909": 37,
    "14315.23025974026": 36,
    "6694.028354978355": 35,
    "6173.787835497836": 33,
    "6359.264415584415": 32,
    "6187.920714285713": 31,
    "6782.214718614718": 31,
    "7180.931818181818": 31,
    "6276.913333333333": 30,
    "5964.360952380952": 29,
    "6119.864523809524": 29,
    "7229.324090909091": 29,
    "6332.231493506493": 28,
    "6482.414393939393": 28,
    "15931.462727272727": 28,
    "6536.585800865801": 27,
    "6627.736753246752": 27,
    "6817.061558441558": 27,
    "6485.4180519480515": 26,
    "9567.762727272728": 26,
    "17278.323116883115": 26,
    "23970.07954545454": 26,
    "16470.206883116884": 25,
    "17817.067272727272": 23,
    "20510.788051948053": 23,
    "6123.198809523808": 22,
    "21212.18909090909": 22,
    "6461.388787878787": 18,
    "6479.410735930735": 17,
    "6721.232748917749": 17,
    "6695.0976190476185": 16,
    "17547.695194805194": 16,
    "6371.279047619048": 15,
    "6590.5570995671": 15,
    "6912.890367965367": 14,
    "6921.602077922077": 14,
    "7000.007467532467": 13,
    "6377.286363636364": 12,
    "6404.319285714285": 11,
    "6416.333917748918": 11,
    "6473.403419913419": 11,
    "18086.43935064935": 11,
    "6207.889783549784": 10,
    "6380.290021645021": 9,
    "6047.2961904761905": 8,
    "6347.249783549783": 8,
    "6383.293679653679": 7,
    "10793.491818181818": 7,
    "19972.043896103896": 7,
    "6392.304653679654": 6,
    "6413.330259740259": 6,
    "6602.877402597403": 6,
    "7422.893181818182": 6,
    "6182.065952380952": 5,
    "6410.326601731601": 5,
    "6088.763809523809": 4,
    "14853.974415584415": 4,
    "6236.462142857143": 3,
    "6455.381471861471": 3,
    "6799.638138528138": 3,
    "7245.454848484849": 3,
    "13507.114025974026": 3,
    "18894.555584415582": 3,
    "20241.415974025975": 3,
    "6147.469523809524": 2,
    "6204.101190476191": 2,
    "6223.533571428571": 2,
    "6268.823095238095": 2,
    "6398.31196969697": 2,
    "6660.882554112554": 2,
    "6843.1966883116875": 2,
    "13551.38227272727": 2,
    "16739.578961038962": 2,
    "18760.730909090908": 2,
    "6099.130714285713": 1,
    "6115.108571428571": 1,
    "6128.318571428571": 1,
    "6350.253441558441": 1,
    "6374.282705627706": 1,
    "6422.341233766234": 1,
    "6443.36683982684": 1,
    "6569.731601731602": 1,
    "6735.460606060606": 1,
    "20292.892272727273": 1
  },
  "source": {
    "analyze": "light",
    "fontface": "Consolas-Regular",
    "fontsize": 14,
    "language": "c",
    "theme": "Community Material"
  },
  "average": 7371.974824880505,
  "diff65": 13.414997305853928
}
