{
  "colors": {
    "#39adb5": {
      "cct": 13955.85,
      "frequency": 4382
    },
    "#90a4ae": {
      "cct": 8417.61,
      "frequency": 3180
    },
    "#fafafa": {
      "cct": 8417.61,
      "frequency": 2648
    },
    "#7c4dff": {
      "cct": 148075.15,
      "frequency": 1770
    },
    "#e53935": {
      "cct": 1251.74,
      "frequency": 1004
    },
    "#6182b8": {
      "cct": 130953.34,
      "frequency": 424
    },
    "#f76d47": {
      "cct": 1713.93,
      "frequency": 272
    },
    "#ffb62c": {
      "cct": 2765.75,
      "frequency": 146
    },
    "#91b859": {
      "cct": 5115.75,
      "frequency": 115
    },
    "#8796b0": {
      "cct": 10528.25,
      "frequency": 15
    }
  },
  "cccts": {
    "6503.44": 10526,
    "0.0": 6194,
    "6658.120404040404": 3458,
    "6687.12297979798": 2677,
    "6677.455454545454": 2049,
    "6917.462777777779": 1521,
    "17943.57818181818": 1405,
    "6629.117828282828": 1212,
    "6735.460606060605": 1135,
    "6648.452878787878": 1094,
    "16559.997575757574": 1037,
    "18445.60212121212": 1006,
    "6716.1255555555545": 926,
    "7105.6549494949495": 882,
    "6571.112676767677": 819,
    "6026.012727272728": 784,
    "6079.060202020201": 755,
    "6706.45803030303": 755,
    "7030.37808080808": 736,
    "6729.270606060606": 723,
    "6667.787929292928": 641,
    "19373.59545454545": 636,
    "17817.067272727276": 589,
    "10903.183939393939": 578,
    "15798.552272727271": 576,
    "7068.016515151515": 555,
    "6653.993737373737": 535,
    "13653.526363636362": 506,
    "14674.39303030303": 482,
    "15931.462727272728": 482,
    "6879.824343434343": 470,
    "6793.465757575757": 462,
    "6105.5839393939395": 443,
    "21588.276363636363": 426,
    "5866.870303030302": 419,
    "7218.570252525254": 419,
    "17228.569545454546": 419,
    "5999.48898989899": 409,
    "6725.793080808081": 333,
    "6696.790505050504": 332,
    "20331.206666666665": 320,
    "6144.772777777778": 319,
    "6391.303434343434": 302,
    "6992.739646464646": 283,
    "6370.2778282828285": 277,
    "7143.293383838383": 262,
    "20088.60409090909": 255,
    "6638.785353535353": 243,
    "6050.386666666665": 223,
    "6754.795656565657": 203,
    "6804.547474747475": 200,
    "6201.4044444444435": 194,
    "6258.036111111111": 193,
    "6377.286363636364": 175,
    "6542.1101010101": 174,
    "5850.325000000001": 172,
    "5707.727878787879": 163,
    "29383.716363636362": 162,
    "7180.931818181818": 156,
    "17188.532424242425": 154,
    "6851.470909090909": 153,
    "25359.48545454545": 152,
    "6371.299444444445": 149,
    "6600.115252525253": 133,
    "5937.123333333333": 126,
    "6398.31196969697": 114,
    "15083.543636363635": 108,
    "6163.65": 106,
    "7331.485555555555": 105,
    "12938.517727272727": 105,
    "6349.252222222222": 102,
    "5893.39404040404": 101,
    "5947.082777777778": 100,
    "6619.450303030302": 99,
    "16513.560909090906": 95,
    "6412.32904040404": 94,
    "6764.4631818181815": 92,
    "22233.63": 90,
    "9363.474545454545": 85,
    "19702.671818181818": 82,
    "5919.917777777778": 81,
    "6158.631414141414": 75,
    "6335.23515151515": 66,
    "6213.166666666665": 58,
    "6475.405858585858": 54,
    "20959.741515151516": 50,
    "6384.294898989899": 48,
    "6052.536464646464": 46,
    "6561.445151515151": 46,
    "6616.355303030302": 44,
    "6774.130707070708": 43,
    "6220.281666666667": 42,
    "6745.12813131313": 40,
    "7369.12398989899": 40,
    "6317.773838383839": 38,
    "19074.136969696967": 38,
    "6828.6771717171705": 33,
    "7519.677727272727": 32,
    "5632.62": 29,
    "6356.260757575757": 29,
    "6609.7827777777775": 29,
    "6889.659141414141": 29,
    "6293.183939393939": 27,
    "6532.4425757575755": 27,
    "11508.500454545454": 26,
    "27953.69909090909": 26,
    "6088.141111111111": 22,
    "23473.88090909091": 21,
    "6461.388787878788": 18,
    "14045.858181818181": 18,
    "6482.414393939393": 17,
    "6182.527222222222": 16,
    "6950.641111111111": 16,
    "6342.243686868687": 15,
    "6645.731262626263": 15,
    "6783.798232323232": 15,
    "6869.331818181818": 15,
    "22216.811212121214": 15,
    "5995.461666666666": 14,
    "6363.2692929292925": 14,
    "6580.780202020202": 14,
    "6808.349848484849": 14,
    "18658.586818181815": 14,
    "6767.695202020202": 13,
    "7113.259696969697": 13,
    "6454.380252525253": 11,
    "22845.346060606058": 11,
    "5972.965252525252": 10,
    "6405.320505050505": 10,
    "29130.69454545455": 9,
    "5826.135555555556": 8,
    "6314.209545454545": 7,
    "6433.354646464646": 7,
    "10793.491818181818": 7,
    "6125.895555555555": 6,
    "6419.337575757575": 6,
    "6426.346111111111": 6,
    "6590.447727272727": 6,
    "7632.59303030303": 6,
    "6251.132727272728": 5,
    "5922.8933333333325": 4,
    "6849.004494949494": 4,
    "24102.41575757576": 4,
    "6092.219444444444": 3,
    "5971.272222222222": 2,
    "6019.65111111111": 2,
    "6069.263888888889": 2,
    "6328.226616161615": 2,
    "15302.927878787877": 2,
    "6300.192474747474": 1,
    "6307.20101010101": 1,
    "6321.21808080808": 1,
    "6812.800808080809": 1,
    "23663.64727272727": 1
  },
  "source": {
    "analyze": "light",
    "fontface": "Consolas-Regular",
    "fontsize": 14,
    "language": "c",
    "theme": "Community Material"
  },
  "average_cct": 7761.649105385854,
  "average_cct_without_background": 4233.635139914264,
  "diff65": 19.409986236705453,
  "background_cct": 6503.44
}
