{
  "colors": {
    "#d4d4d4": 3442,
    "#c8c8c8": 1483,
    "#569cd6": 1166,
    "#b4b4b4": 1147,
    "#b5cea8": 243,
    "#7f7f7f": 228,
    "#57a64a": 223,
    "#d69d85": 122,
    "#9b9b9b": 29,
    "#bd63c5": 8
  },
  "cccts": {
    "3251.72": 3847,
    "2167.813333333333": 2192,
    "1375.7276923076922": 1696,
    "2813.9884615384613": 1638,
    "4064.6499999999996": 1505,
    "1535.5344444444443": 1485,
    "2258.1388888888887": 1415,
    "2960.715": 1205,
    "3522.6966666666663": 1095,
    "69199.31": 960,
    "1896.8366666666666": 954,
    "1490.3716666666664": 882,
    "46132.87333333333": 805,
    "2939.0546153846153": 787,
    "1354.8833333333332": 736,
    "1445.2088888888886": 736,
    "1987.1622222222222": 734,
    "1973.81": 695,
    "2529.1155555555556": 689,
    "1252.6101923076924": 599,
    "1782.1926923076924": 588,
    "29276.631153846152": 576,
    "4877.58": 559,
    "48055.07638888888": 533,
    "1788.4460000000001": 510,
    "42288.46722222222": 474,
    "53821.68555555555": 466,
    "2676.0308653846155": 444,
    "781.6634615384615": 435,
    "2642.0225": 415,
    "3207.44125": 409,
    "2890.4177777777772": 390,
    "74965.91916666666": 389,
    "1398.1154166666668": 385,
    "1625.86": 340,
    "2743.6387499999996": 326,
    "2709.7666666666664": 305,
    "2056.0520833333335": 304,
    "1743.01": 288,
    "2302.7783333333336": 286,
    "2751.4553846153844": 285,
    "1727.0837500000002": 257,
    "2498.1032812500002": 256,
    "16634.44951923077": 256,
    "2777.5108333333333": 255,
    "62545.53019230769": 210,
    "2371.045833333333": 207,
    "1243.304705882353": 204,
    "1525.13375": 200,
    "1809.3258333333335": 198,
    "1456.4995833333332": 193,
    "32677.45194444444": 191,
    "1050.0345833333333": 186,
    "1750.9261538461537": 162,
    "1162.0066666666667": 146,
    "2562.157211538462": 144,
    "1425.3004166666667": 143,
    "2235.5575": 141,
    "711.7103365384615": 131,
    "1134.9407500000002": 124,
    "1888.2608333333333": 124,
    "1622.6995673076926": 119,
    "737.4273076923076": 117,
    "1125.5953846153845": 115,
    "2044.99625": 113,
    "1575.4128846153847": 109,
    "1500.793846153846": 105,
    "1964.5808333333332": 99,
    "1693.6041666666667": 94,
    "1210.423611111111": 93,
    "823.0880555555556": 91,
    "1309.7205555555556": 85,
    "2303.3016666666667": 81,
    "2063.591538461538": 80,
    "2505.220384615385": 79,
    "1099.8464705882352": 76,
    "1912.7764705882353": 76,
    "3700.89375": 70,
    "1024.8628846153847": 69,
    "1264.5577777777778": 65,
    "871.505": 62,
    "1508.3740384615385": 61,
    "1129.0694444444443": 60,
    "41807.916458333326": 58,
    "955.3035576923078": 57,
    "2506.534166666667": 57,
    "1355.6744444444444": 56,
    "1016.7558333333334": 54,
    "1065.1727777777778": 54,
    "2348.4644444444443": 54,
    "1192.5102083333334": 49,
    "27871.944305555557": 48,
    "2631.7466666666664": 46,
    "4441.0725": 42,
    "43914.946730769225": 40,
    "58553.262307692305": 40,
    "1727.47625": 39,
    "49977.279444444444": 37,
    "1878.9152884615385": 33,
    "2035.4915625": 33,
    "1219.395": 32,
    "37926.54490384616": 32,
    "418.99278846153845": 31,
    "40366.26416666667": 31,
    "1524.2437499999999": 29,
    "53341.13479166667": 29,
    "956.0642187500001": 28,
    "1233.6312500000001": 27,
    "1315.8733333333332": 27,
    "1480.3575": 27,
    "1769.3182352941174": 27,
    "639.1036666666666": 26,
    "2097.1731250000003": 26,
    "2405.5809375": 26,
    "2614.515": 26,
    "86499.1375": 26,
    "2467.2625000000003": 24,
    "10975.40625": 24,
    "1558.1158333333333": 23,
    "1549.342222222222": 22,
    "7134.0140625": 21,
    "7316.937500000001": 18,
    "677.8372222222222": 15,
    "1474.8546153846153": 15,
    "2528.9440625": 15,
    "6402.3203125": 15,
    "7499.860937500001": 15,
    "1326.15359375": 14,
    "1603.720625": 14,
    "1610.9772794117646": 14,
    "2590.625625": 14,
    "603.3496153846154": 12,
    "1356.994375": 12,
    "2158.8546875": 12,
    "1198.319375": 11,
    "2178.7625": 11,
    "5121.856250000001": 11,
    "1912.1284375000002": 10,
    "6036.473437500001": 10,
    "1416.195625": 9,
    "1418.6759375000001": 9,
    "1488.8210416666666": 9,
    "5304.7796875": 9,
    "6219.396875000001": 9,
    "1363.3308333333332": 8,
    "1788.7653125": 8,
    "9512.01875": 8,
    "1452.5083333333334": 7,
    "1563.326923076923": 7,
    "3932.8539062500004": 7,
    "702.0456944444445": 6,
    "726.2541666666667": 6,
    "774.671111111111": 6,
    "1366.4838461538463": 6,
    "1542.0390625000002": 6,
    "2282.2178125": 6,
    "6768.167187500001": 6,
    "835.1922916666667": 5,
    "1053.0685416666665": 5,
    "1921.0570833333334": 5,
    "958.6555000000001": 4,
    "1151.3891666666668": 4,
    "1234.6320833333334": 4,
    "1343.5702083333333": 4,
    "1628.3932500000003": 4,
    "2138.2941666666666": 4,
    "2478.7833333333333": 4,
    "4024.315625": 4,
    "562.8469791666666": 3,
    "1572.87984375": 3,
    "2100.0691666666667": 3,
    "4573.085937500001": 3,
    "4664.547656250001": 3,
    "817.0359375": 2,
    "948.4024999999999": 2,
    "1106.1409615384614": 2,
    "1125.6939583333333": 2,
    "1270.9447916666666": 2,
    "1287.1391666666666": 2,
    "1423.420673076923": 2,
    "1673.17875": 2,
    "2835.3132812500003": 2,
    "3475.5453125": 2,
    "4207.239062500001": 2,
    "5670.626562500001": 2,
    "23405.648970588234": 2,
    "40705.47647058823": 2,
    "61510.497777777775": 2,
    "755.3043333333334": 1,
    "780.7232291666667": 1,
    "837.9855769230769": 1,
    "1028.0260416666667": 1,
    "1388.96109375": 1,
    "1470.6646875": 1,
    "1594.2311538461538": 1,
    "1665.4021875": 1,
    "1761.3483333333331": 1,
    "2416.81375": 1,
    "2837.3518750000003": 1,
    "3084.0781250000005": 1,
    "3116.2316666666666": 1,
    "3387.2083333333335": 1,
    "59884.01826923077": 1
  },
  "source": {
    "analyze": "dark",
    "fontface": "Consolas-Regular",
    "fontsize": 14,
    "language": "c",
    "theme": "Visual Studio C/C++"
  },
  "average": 8405.548708676695,
  "diff65": 29.316133979641464
}
