{
  "colors": {
    "#d4d4d4": 5581,
    "#c8c8c8": 1483,
    "#569cd6": 1186,
    "#b4b4b4": 1147,
    "#b5cea8": 243,
    "#7f7f7f": 228,
    "#57a64a": 223,
    "#d69d85": 122,
    "#9b9b9b": 29,
    "#bd63c5": 8
  },
  "cccts": {
    "6503.44": 33056,
    "0.0": 6194,
    "6503.4400000000005": 4104,
    "6378.723571428572": 1204,
    "34766.69285714286": 960,
    "25345.608571428573": 805,
    "6420.295714285714": 695,
    "6451.810080645161": 599,
    "18203.81887096774": 576,
    "26130.69892857143": 533,
    "23775.427857142855": 474,
    "6503.439999999999": 470,
    "28485.97": 466,
    "6393.139717741935": 444,
    "6368.330535714284": 391,
    "6444.546130952381": 385,
    "37121.96392857142": 360,
    "6416.831369047619": 304,
    "6406.438333333333": 286,
    "5856.849999999999": 285,
    "6400.056644736842": 256,
    "13151.382540322582": 256,
    "31499.703951612904": 210,
    "5916.719444444443": 200,
    "6427.224404761904": 198,
    "19849.976071428573": 191,
    "6430.68875": 148,
    "6397.833346774193": 144,
    "6446.519107142857": 143,
    "6474.104818548387": 131,
    "5802.9675": 124,
    "6455.632035714285": 124,
    "6436.555786290322": 119,
    "6235.76564516129": 117,
    "6072.379999999999": 114,
    "6421.770892857143": 113,
    "5931.590241935483": 109,
    "6430.688749999999": 109,
    "6054.419166666667": 93,
    "6198.105833333333": 91,
    "6400.180161290323": 79,
    "6321.561874999999": 70,
    "6461.197338709677": 69,
    "5955.924274193548": 61,
    "6168.171111111111": 61,
    "23579.15526785714": 58,
    "6156.680040322581": 57,
    "6000.536666666666": 56,
    "6108.301666666666": 54,
    "6126.2625": 54,
    "6453.2069940476185": 49,
    "17887.250178571427": 48,
    "6392.580952380953": 46,
    "6285.18625": 42,
    "24054.00830645161": 40,
    "29904.19774193548": 40,
    "26915.789285714283": 37,
    "6417.697455357143": 33,
    "6425.995120967741": 33,
    "22990.3375": 33,
    "6072.38": 32,
    "21660.748991935485": 32,
    "6351.352298387096": 31,
    "28289.697410714285": 29,
    "37121.96392857143": 29,
    "6463.166986607143": 28,
    "6438.772222222222": 27,
    "6448.010476190475": 27,
    "6451.474821428572": 27,
    "5371.907499999999": 26,
    "6266.356999999999": 26,
    "6402.107901785714": 26,
    "6415.09919642857": 26,
    "47720.68375": 26,
    "6399.509642857142": 24,
    "9958.818125": 24,
    "5928.693333333334": 22,
    "8428.57924107143": 21,
    "6368.330535714286": 18,
    "8477.941785714285": 18,
    "5968.091290322581": 15,
    "6251.988333333332": 15,
    "6396.911383928571": 15,
    "8231.1290625": 15,
    "8527.304330357143": 15,
    "6390.271388888888": 14,
    "6435.885267857142": 14,
    "6436.145093749999": 14,
    "6447.577433035714": 14,
    "6284.43370967742": 12,
    "6412.5009375": 12,
    "6446.278303571428": 12,
    "5560.49625": 11,
    "6058.909375": 11,
    "7885.5912499999995": 11,
    "6422.893973214285": 10,
    "8132.403973214286": 10,
    "5951.144375000001": 9,
    "5978.085625": 9,
    "6443.680044642858": 9,
    "7934.953794642856": 9,
    "8181.766517857142": 9,
    "6428.090491071428": 8,
    "6448.993928571428": 8,
    "9070.292321428571": 8,
    "5964.615": 7,
    "7564.734709821429": 7,
    "6216.066666666666": 6,
    "6234.0275": 6,
    "6243.007916666666": 6,
    "6407.304419642857": 6,
    "6438.483526785713": 6,
    "6447.116451612903": 6,
    "8329.854151785714": 6,
    "6112.791875": 5,
    "6193.615624999999": 5,
    "6426.720535714286": 5,
    "6005.0268750000005": 4,
    "6045.438749999999": 4,
    "6157.693958333333": 4,
    "6404.447142857142": 4,
    "6413.367023809524": 4,
    "6436.751354166667": 4,
    "6454.939166666665": 4,
    "7589.415982142857": 4,
    "5832.902222222222": 3,
    "6294.6453125": 3,
    "6437.184397321428": 3,
    "7737.503616071428": 3,
    "7762.184888392856": 3,
    "6031.968124999999": 2,
    "6085.850625": 2,
    "6101.928467741935": 2,
    "6154.5508125": 2,
    "6200.350937499999": 2,
    "6436.6198214285705": 2,
    "6444.769637096773": 2,
    "7268.559441964286": 2,
    "7441.328348214286": 2,
    "7638.778526785713": 2,
    "8033.678883928571": 2,
    "15983.406062499998": 2,
    "31626.331428571426": 2,
    "5967.450921052632": 1,
    "5997.2280921052625": 1,
    "6189.125416666666": 1,
    "6199.264596774193": 1,
    "6213.821562499999": 1,
    "6223.251": 1,
    "6373.527053571428": 1,
    "6374.104444444444": 1,
    "6383.920089285713": 1,
    "6406.921964285714": 1,
    "6433.287008928572": 1,
    "6437.729193548386": 1,
    "6460.135684523809": 1,
    "30436.033145161284": 1
  },
  "source": {
    "analyze": "dark",
    "fontface": "Consolas-Regular",
    "fontsize": 14,
    "language": "c",
    "theme": "Visual Studio C/C++"
  },
  "average": 7626.83726393166,
  "diff65": 17.335957906640928
}
