{
  "colors": {
    "#d4d4d4": 5581,
    "#c8c8c8": 1483,
    "#569cd6": 1186,
    "#b4b4b4": 1147,
    "#b5cea8": 243,
    "#7f7f7f": 228,
    "#57a64a": 223,
    "#d69d85": 122,
    "#9b9b9b": 29,
    "#bd63c5": 8
  },
  "cccts": {
    "6503.44": 37516,
    "0.0": 6194,
    "6458.088571428571": 1273,
    "12784.162857142856": 1050,
    "16780.986493506494": 960,
    "6475.725238095237": 803,
    "13640.625064935064": 789,
    "15639.036883116882": 785,
    "6463.127619047619": 669,
    "14497.087272727273": 466,
    "6444.23119047619": 444,
    "6471.945952380952": 438,
    "6454.309285714285": 417,
    "6460.608095238095": 411,
    "17637.448701298697": 360,
    "6468.166666666667": 299,
    "6268.316363636364": 297,
    "6469.426428571428": 257,
    "6412.003030303029": 218,
    "19921.34792207792": 210,
    "6359.753333333332": 201,
    "16210.01168831169": 191,
    "6446.750714285715": 144,
    "6448.243982683983": 143,
    "6294.441212121212": 142,
    "6248.722727272726": 126,
    "6340.159696969697": 125,
    "6474.465476190476": 124,
    "6431.6335714285715": 119,
    "6503.4400000000005": 114,
    "6463.842857142857": 113,
    "6196.473030303029": 109,
    "6450.53": 109,
    "14782.574675324675": 106,
    "6442.971428571428": 99,
    "6494.621666666666": 96,
    "6281.378787878788": 95,
    "6448.010476190476": 89,
    "6490.84238095238": 70,
    "6320.566060606061": 67,
    "6461.867857142856": 66,
    "6209.535454545455": 63,
    "6451.190303030303": 61,
    "6131.160909090909": 57,
    "6466.906904761905": 57,
    "6485.803333333332": 57,
    "6495.881428571428": 42,
    "15924.524285714286": 40,
    "19064.885714285712": 40,
    "6464.38738095238": 38,
    "13926.112467532468": 37,
    "6189.941818181817": 32,
    "6437.93238095238": 32,
    "22776.221948051945": 32,
    "18493.910909090908": 31,
    "17066.473896103897": 29,
    "21348.784935064938": 29,
    "6457.721515151515": 28,
    "6465.647142857142": 27,
    "6493.361904761904": 27,
    "6464.252727272727": 26,
    "9358.314025974027": 26,
    "6453.049523809524": 24,
    "6742.773549783549": 24,
    "20206.835324675325": 22,
    "7436.840844155844": 21,
    "6456.8288095238095": 20,
    "7460.774199134198": 18,
    "6216.066666666667": 15,
    "6451.789761904761": 15,
    "7341.107424242424": 15,
    "7484.707554112553": 15,
    "6449.270238095239": 14,
    "6287.91": 13,
    "6229.12909090909": 12,
    "6459.348333333332": 12,
    "6314.034848484849": 11,
    "6438.127878787879": 11,
    "7173.573939393939": 11,
    "6445.490952380953": 10,
    "7293.240714285715": 10,
    "6235.660303030302": 9,
    "7197.507294372294": 9,
    "7317.174069264069": 9,
    "6163.81696969697": 8,
    "6450.643809523809": 8,
    "7747.974458874459": 8,
    "6242.191515151514": 7,
    "6440.451904761904": 7,
    "7532.574264069264": 7,
    "6261.785151515152": 6,
    "6307.503636363635": 6,
    "6473.205714285713": 6,
    "7388.974134199134": 6,
    "6203.004242424242": 5,
    "6300.972424242424": 5,
    "6466.242683982683": 5,
    "6455.443463203463": 4,
    "6470.686190476191": 4,
    "7245.374004329004": 4,
    "7556.507619047619": 4,
    "6398.940606060605": 3,
    "6439.192142857143": 3,
    "7700.107748917749": 3,
    "7724.041103896104": 3,
    "6274.847575757576": 2,
    "6471.042337662338": 2,
    "7412.90748917749": 2,
    "7604.3743290043285": 2,
    "13069.65025974026": 2,
    "17922.936103896103": 2,
    "6170.348181818182": 1,
    "6222.5978787878785": 1,
    "6327.097272727273": 1,
    "6372.815757575758": 1,
    "6432.8933333333325": 1,
    "6456.643376623376": 1,
    "6483.2838095238085": 1,
    "19350.373116883115": 1
  },
  "source": {
    "analyze": "dark",
    "fontface": "Consolas-Regular",
    "fontsize": 14,
    "language": "c",
    "theme": "Visual Studio C/C++"
  },
  "average": 6590.093626459122,
  "diff65": 1.386055791678798
}
