{
  "colors": {
    "#d4d4d4": 5581,
    "#c8c8c8": 1483,
    "#569cd6": 1186,
    "#b4b4b4": 1147,
    "#b5cea8": 243,
    "#7f7f7f": 228,
    "#57a64a": 223,
    "#d69d85": 122,
    "#9b9b9b": 29,
    "#bd63c5": 8
  },
  "cccts": {
    "6503.44": 28445,
    "6503.4400000000005": 9185,
    "0.0": 6194,
    "17161.636363636364": 2060,
    "6456.408888888889": 1557,
    "6447.5905555555555": 1103,
    "6450.53": 949,
    "18493.91090909091": 789,
    "19160.048181818183": 643,
    "6465.227222222222": 560,
    "16495.49909090909": 541,
    "15163.224545454545": 533,
    "6459.348333333333": 426,
    "6438.772222222222": 408,
    "6259.608080808081": 323,
    "6213.889595959597": 277,
    "17827.773636363636": 256,
    "6381.52404040404": 200,
    "6229.129090909091": 191,
    "6453.469444444444": 189,
    "6432.8933333333325": 172,
    "21158.46": 171,
    "6427.845454545454": 143,
    "6491.682222222222": 138,
    "6474.045555555555": 129,
    "6415.256666666666": 122,
    "6274.847575757576": 115,
    "6168.171111111111": 111,
    "6439.044646464647": 100,
    "6305.326565656565": 94,
    "6435.832777777779": 94,
    "6444.65111111111": 88,
    "6482.863888888889": 70,
    "6137.692121212121": 68,
    "6441.711666666666": 66,
    "6457.721515151515": 61,
    "14497.08727272727": 58,
    "6462.287777777778": 57,
    "6442.48202020202": 54,
    "6244.368585858586": 48,
    "6485.803333333333": 43,
    "6091.973636363637": 41,
    "7676.174393939393": 40,
    "21824.59727272727": 40,
    "6335.805555555556": 32,
    "26487.558181818178": 32,
    "6183.4106060606055": 31,
    "6471.106111111111": 29,
    "24489.146363636362": 29,
    "30484.38181818182": 29,
    "6046.255151515152": 27,
    "6494.621666666666": 27,
    "11166.40090909091": 26,
    "6894.3514646464655": 24,
    "7452.796414141414": 22,
    "6412.003030303031": 18,
    "7843.707878787878": 18,
    "6424.075000000001": 16,
    "6152.931616161616": 15,
    "6198.6501010101": 14,
    "6418.19611111111": 14,
    "6427.014444444444": 14,
    "6444.644242424241": 14,
    "6479.924444444444": 14,
    "8178.774848484848": 14,
    "6396.763535353535": 11,
    "6290.087070707071": 10,
    "6397.62": 10,
    "6429.953888888888": 9,
    "6468.166666666665": 9,
    "7173.573939393939": 9,
    "6425.045656565657": 8,
    "7620.3298989898985": 8,
    "8011.2413636363635": 8,
    "6351.04505050505": 7,
    "7787.863383838384": 7,
    "7955.396868686869": 7,
    "6320.56606060606": 6,
    "6476.985000000001": 6,
    "7899.552373737373": 6,
    "5954.818181818182": 5,
    "6421.135555555556": 4,
    "6436.244848484847": 4,
    "8067.085858585859": 4,
    "6455.843434343435": 3,
    "6122.452626262626": 2,
    "6441.844444444444": 2,
    "6447.44404040404": 2,
    "7285.26292929293": 2,
    "8513.84181818182": 2,
    "6061.494646464646": 1,
    "6076.734141414142": 1,
    "6107.213131313131": 1,
    "6409.377777777778": 1,
    "22490.734545454543": 1
  },
  "source": {
    "analyze": "dark",
    "fontface": "Consolas-Regular",
    "fontsize": 14,
    "language": "c",
    "theme": "Visual Studio C/C++"
  },
  "average": 6802.159307098114,
  "diff65": 4.648604724586375,
  "cctbg": 6503.44
}
