{
  "colors": {
    "#24292e": 3436,
    "#3b4252": 1599,
    "#0d7579": 1205,
    "#cb5c69": 1161,
    "#0c60a5": 624,
    "#748599": 223,
    "#509546": 115,
    "#27c0b2": 24
  },
  "cccts": {
    "7262.79": 1633,
    "5136.79": 1205,
    "4406.12": 1177,
    "5974.11": 1059,
    "3982.74": 936,
    "2570.2366666666667": 903,
    "2019.4716666666666": 874,
    "3072.7188461538462": 770,
    "5043.604166666666": 765,
    "1835.8833333333334": 736,
    "1958.2755555555555": 736,
    "1864.1276923076923": 732,
    "49248.10999999999": 699,
    "4841.86": 696,
    "3424.5266666666666": 695,
    "2937.413333333333": 666,
    "5507.65": 664,
    "5169.902884615384": 651,
    "2173.2573076923077": 599,
    "3812.9884615384617": 596,
    "2080.6677777777777": 587,
    "2821.1074999999996": 578,
    "9078.4875": 575,
    "3059.805555555555": 527,
    "2527.5080769230767": 504,
    "984.11": 484,
    "2423.366": 474,
    "6609.18": 474,
    "73872.165": 456,
    "4642.867884615384": 444,
    "4773.296666666666": 433,
    "6471.952499999999": 427,
    "45144.10083333333": 424,
    "5564.855833333333": 409,
    "3579.9725": 407,
    "7868.022499999999": 394,
    "4148.6875": 393,
    "6285.106730769231": 393,
    "2425.706388888889": 385,
    "1745.8629807692307": 381,
    "57456.12833333333": 362,
    "3429.650833333333": 349,
    "4438.371666666667": 345,
    "830.3428125": 326,
    "3567.215277777778": 304,
    "4646.53": 302,
    "5399.676346153846": 301,
    "3671.766666666667": 297,
    "6564.444807692308": 287,
    "2975.36": 286,
    "3995.281111111111": 286,
    "7467.6375": 275,
    "2414.8926923076924": 269,
    "5648.836666666667": 267,
    "51300.11458333333": 263,
    "2996.4608333333335": 257,
    "4334.1665625": 256,
    "3763.560833333333": 254,
    "31253.608269230765": 253,
    "80028.17874999999": 238,
    "3982.4546153846154": 235,
    "3426.9822222222224": 226,
    "2692.628888888889": 224,
    "3650.8450000000003": 215,
    "3274.2718269230772": 207,
    "1684.6929411764704": 204,
    "2203.06": 204,
    "6354.94125": 200,
    "3139.1494444444447": 198,
    "3212.795833333333": 194,
    "1973.5745833333333": 189,
    "1422.8095833333334": 186,
    "66769.07221153846": 183,
    "1059.1634615384614": 177,
    "529.9053846153846": 162,
    "3728.2553846153846": 159,
    "3916.551111111111": 156,
    "4107.2006249999995": 153,
    "34884.07791666666": 148,
    "1983.5733333333333": 146,
    "2862.594375": 145,
    "4445.299038461539": 144,
    "5310.32": 143,
    "492.055": 136,
    "3980.5675961538464": 134,
    "1234.8052884615386": 131,
    "1969.1028333333334": 124,
    "2815.356057692308": 119,
    "1258.8061538461538": 116,
    "1436.0841346153845": 115,
    "454.2046153846154": 105,
    "3223.3066666666664": 105,
    "2689.2676923076924": 100,
    "2066.222222222222": 93,
    "1405.0311111111112": 91,
    "2294.854166666667": 91,
    "2662.0308333333332": 90,
    "5055.016153846153": 90,
    "6455.813333333333": 89,
    "1476.165": 85,
    "4346.514615384615": 79,
    "3121.0016666666666": 78,
    "1490.305294117647": 76,
    "2591.835294117647": 76,
    "6145.4376923076925": 76,
    "6420.9875": 70,
    "1778.1196153846154": 69,
    "4236.6275000000005": 68,
    "4609.078269230769": 65,
    "3029.2075": 63,
    "341.7048611111111": 60,
    "2574.8307692307694": 59,
    "1713.4911111111112": 58,
    "3609.3581249999997": 58,
    "2067.9611538461536": 57,
    "1735.6266666666668": 54,
    "1818.2755555555557": 54,
    "4993.168125": 50,
    "2068.984861111111": 49,
    "29754.06645833333": 48,
    "4566.035555555555": 46,
    "3396.3841666666667": 45,
    "3631.395": 44,
    "7705.1849999999995": 42,
    "92340.20624999999": 41,
    "2314.168888888889": 40,
    "1525.1953846153845": 39,
    "2340.75125": 39,
    "40487.62889423077": 39,
    "1774.6872222222223": 38,
    "541.2605000000001": 36,
    "3259.8859615384613": 33,
    "3531.543125": 33,
    "715.2307692307693": 31,
    "1652.295": 30,
    "2406.23875": 29,
    "3182.1977777777774": 29,
    "3404.4328125": 29,
    "4605.043125": 29,
    "5901.016875": 29,
    "1630.7261538461541": 28,
    "1658.7551041666668": 28,
    "3791.262115384615": 28,
    "5295.784374999999": 28,
    "2140.329166666667": 27,
    "2283.0177777777776": 27,
    "2568.395": 27,
    "2796.191538461538": 27,
    "2005.8078333333333": 26,
    "3638.5595833333336": 26,
    "4173.641875": 26,
    "4463.04": 26,
    "6052.325": 26,
    "3484.8975": 25,
    "4280.658333333334": 24,
    "2111.2658333333334": 23,
    "53352.119166666664": 23,
    "2644.7644444444445": 22,
    "4314.634999999999": 22,
    "2514.042692307692": 19,
    "5926.250416666667": 19,
    "1487.68": 18,
    "2925.2904166666667": 18,
    "4387.935625": 18,
    "5598.400625": 18,
    "6203.633124999999": 16,
    "1157.0844444444444": 15,
    "2397.4476470588233": 15,
    "2517.6123076923077": 15,
    "4387.674791666666": 15,
    "236.56490384615387": 14,
    "416.35423076923075": 14,
    "464.7186111111111": 14,
    "710.7461111111111": 14,
    "765.4188888888889": 14,
    "2300.8538541666667": 14,
    "2782.4279166666665": 14,
    "2795.018088235294": 14,
    "4494.69125": 14,
    "1029.9323076923076": 12,
    "2354.3620833333334": 12,
    "3328.77875": 12,
    "3745.5760416666662": 12,
    "5144.476250000001": 12,
    "3253.1246875": 11,
    "3719.2000000000003": 11,
    "3317.5102083333336": 10,
    "2045.5600000000002": 9,
    "2417.48": 9,
    "2461.378541666667": 9,
    "2541.4533333333334": 9,
    "2738.13375": 8,
    "3103.4772916666666": 8,
    "382.70944444444444": 7,
    "473.12980769230774": 7,
    "2479.4666666666667": 7,
    "3951.8122058823524": 7,
    "1198.408888888889": 6,
    "1239.7333333333333": 6,
    "1322.3822222222223": 6,
    "2370.826153846154": 6,
    "2675.4114583333335": 6,
    "3782.7031250000005": 6,
    "3959.6089583333337": 6,
    "1797.6133333333332": 5,
    "3250.6186764705876": 5,
    "3858.279375": 5,
    "1636.448": 4,
    "1997.6405555555555": 4,
    "2107.546666666667": 4,
    "2293.5066666666667": 4,
    "2825.2345": 4,
    "3709.903888888889": 4,
    "4978.425": 4,
    "17757.731971153844": 4,
    "65664.14666666665": 4,
    "960.7933333333334": 3,
    "2621.2261458333337": 3,
    "2728.9196875": 3,
    "2845.619166666667": 3,
    "3858.3571875": 3,
    "5245.348333333333": 3,
    "1394.7": 2,
    "1618.945882352941": 2,
    "1744.0891666666666": 2,
    "1888.2092307692308": 2,
    "1921.5866666666668": 2,
    "2169.5333333333333": 2,
    "2345.2759375": 2,
    "2469.610576923077": 2,
    "2723.54625": 2,
    "2874.854375": 2,
    "3360.436875": 2,
    "3480.086875": 2,
    "4690.551875": 2,
    "24986.173455882352": 2,
    "43454.214705882354": 2,
    "1289.3226666666667": 1,
    "1332.7133333333334": 1,
    "1430.4615384615386": 1,
    "1783.607638888889": 1,
    "2370.9900000000002": 1,
    "2386.648333333333": 1,
    "2510.46": 1,
    "2765.963846153846": 1,
    "2889.444375": 1,
    "4853.964375": 1,
    "4922.757083333334": 1,
    "5350.822916666667": 1,
    "6960.17375": 1,
    "7565.406250000001": 1,
    "63927.835096153845": 1
  },
  "source": {
    "analyze": "light",
    "fontface": "Consolas-Regular",
    "fontsize": 14,
    "language": "c",
    "theme": "Nord"
  },
  "average": 7836.709121037839,
  "diff65": 20.564755708274454
}
