{
  "colors": {
    "#24292e": 5616,
    "#3b4252": 1599,
    "#0d7579": 1205,
    "#cb5c69": 1161,
    "#0c60a5": 624,
    "#748599": 223,
    "#509546": 115,
    "#27c0b2": 24
  },
  "cccts": {
    "6830.31": 10526,
    "0.0": 6194,
    "6924.68761904762": 2189,
    "7429.941428571428": 1654,
    "6967.586536796538": 1476,
    "7098.616753246753": 1273,
    "6984.746103896105": 1246,
    "7246.720714285715": 1146,
    "7229.108181818182": 1116,
    "7196.751428571429": 1115,
    "7184.797272727274": 894,
    "6976.166320346321": 869,
    "6994.275238095239": 803,
    "6959.006753246755": 736,
    "6890.368484848485": 726,
    "7074.02": 719,
    "6937.557294372295": 704,
    "13540.50142857143": 677,
    "6997.61577922078": 671,
    "7068.804891774893": 669,
    "16590.58844155844": 667,
    "6873.208917748918": 664,
    "7328.807727272727": 651,
    "7363.315714285715": 648,
    "7023.3551298701295": 596,
    "7206.952727272727": 578,
    "6996.874285714285": 575,
    "7107.253181818182": 508,
    "6856.049350649351": 474,
    "6661.925930735932": 470,
    "17810.623246753246": 456,
    "7180.599372294372": 444,
    "7016.634134199135": 438,
    "7579.8492857142855": 422,
    "7120.97564935065": 417,
    "7083.710822510823": 411,
    "7479.910714285716": 400,
    "7262.341363636365": 399,
    "7001.905670995672": 373,
    "15370.553636363635": 362,
    "7396.628571428572": 361,
    "6950.42696969697": 350,
    "6546.1618831168835": 326,
    "7140.486363636364": 302,
    "7350.963181818182": 301,
    "7038.9930303030305": 299,
    "6761.770519480519": 295,
    "7613.162142857143": 287,
    "7296.6900000000005": 281,
    "6941.087272727274": 275,
    "7019.065238095239": 274,
    "7074.833831168832": 269,
    "14455.527532467531": 267,
    "7031.540064935066": 257,
    "7006.195562770563": 254,
    "18725.64935064935": 238,
    "7031.934913419914": 235,
    "6941.847186147187": 233,
    "7461.740454545456": 207,
    "7063.500000000001": 200,
    "6980.456212121212": 194,
    "6963.296645021645": 189,
    "7014.775346320346": 189,
    "7362.04090909091": 185,
    "21165.71896103896": 183,
    "7195.875": 181,
    "6788.424761904763": 174,
    "7053.384372294372": 170,
    "6240.965757575758": 162,
    "17200.605844155845": 148,
    "7339.885454545455": 145,
    "7165.693441558442": 144,
    "6769.386017316018": 142,
    "7629.818571428572": 137,
    "7779.726428571429": 134,
    "6954.716861471861": 128,
    "6782.713138528139": 125,
    "7001.7282034632035": 124,
    "7255.129025974026": 119,
    "7379.972142857144": 115,
    "7143.334545454545": 109,
    "6756.058896103897": 107,
    "6577.733896103896": 105,
    "6740.827900432901": 100,
    "7188.052337662338": 99,
    "7317.73": 98,
    "6860.339242424244": 97,
    "6882.480757575759": 96,
    "6765.578268398269": 95,
    "7044.80458874459": 91,
    "6971.876428571429": 90,
    "7158.240476190476": 89,
    "6430.397835497835": 88,
    "7563.192857142857": 88,
    "7151.564090909091": 87,
    "6767.165974025975": 85,
    "7036.224805194806": 82,
    "6567.209891774893": 81,
    "6928.977510822511": 76,
    "6904.839653679654": 70,
    "7076.257857142858": 66,
    "6744.635649350649": 61,
    "6989.035995670995": 60,
    "6934.651515151516": 57,
    "7046.445995670995": 57,
    "7529.88": 54,
    "6777.001515151515": 51,
    "6598.781904761905": 50,
    "6619.829913419913": 48,
    "15675.562337662335": 48,
    "6963.561428571429": 44,
    "6875.027792207793": 42,
    "9880.397012987012": 41,
    "7049.094480519481": 39,
    "24215.805974025974": 39,
    "7061.351926406927": 38,
    "7313.346428571428": 36,
    "21470.72766233766": 36,
    "7240.185909090909": 34,
    "6738.924025974026": 32,
    "7217.864199134199": 32,
    "7406.351818181818": 29,
    "6721.789155844156": 28,
    "6816.98287878788": 28,
    "7413.285": 28,
    "6889.933722943723": 27,
    "7053.898961038962": 27,
    "6818.886753246754": 26,
    "7026.046190476191": 26,
    "7496.567142857144": 26,
    "7295.574545454547": 25,
    "7446.597857142857": 25,
    "7128.428614718616": 24,
    "7027.645021645022": 23,
    "7696.444285714286": 23,
    "14760.536233766234": 23,
    "7118.330909090909": 22,
    "7106.069718614718": 20,
    "7177.296883116884": 19,
    "6803.655757575759": 18,
    "6815.079004329004": 17,
    "7513.223571428572": 16,
    "6746.539523809524": 15,
    "7135.8815800865805": 15,
    "6451.4458441558445": 14,
    "6472.493852813853": 14,
    "6535.637878787879": 14,
    "6556.6858874458885": 14,
    "7010.4854545454555": 14,
    "7150.787510822511": 14,
    "6750.347272727274": 12,
    "7091.163787878788": 12,
    "6767.482142857143": 11,
    "6775.09764069264": 11,
    "6811.271255411256": 11,
    "7546.536428571429": 11,
    "7173.1464069264075": 10,
    "6752.251147186148": 9,
    "6731.308528138528": 8,
    "6682.97393939394": 7,
    "6754.155021645022": 7,
    "7202.958268398269": 7,
    "7663.131428571429": 7,
    "6759.866645021645": 6,
    "6773.193766233767": 6,
    "7009.181168831169": 6,
    "6771.289891774893": 5,
    "7173.719545454545": 5,
    "7024.0870995671": 4,
    "7273.419090909091": 4,
    "7346.659285714287": 4,
    "6799.848008658009": 3,
    "7210.411233766235": 3,
    "7239.57658008658": 3,
    "7263.377142857144": 3,
    "7596.505714285715": 3,
    "7679.787857142857": 3,
    "6763.674393939395": 2,
    "6993.325887445888": 2,
    "7129.408636363636": 2,
    "7463.254285714285": 2,
    "13845.510129870128": 2,
    "19030.658051948052": 2,
    "6733.2124025974035": 1,
    "6748.443398268399": 1,
    "6778.90538961039": 1,
    "6792.23251082251": 1,
    "6949.557445887446": 1,
    "7247.676060606062": 1,
    "20555.701558441557": 1
  },
  "source": {
    "analyze": "light",
    "fontface": "Consolas-Regular",
    "fontsize": 14,
    "language": "c",
    "theme": "Nord"
  },
  "average": 6783.521977353398,
  "diff65": 4.361876574667663
}
