{
  "colors": {
    "#24292e": 5616,
    "#3b4252": 1599,
    "#0d7579": 1205,
    "#cb5c69": 1161,
    "#0c60a5": 624,
    "#748599": 223,
    "#509546": 115,
    "#27c0b2": 24
  },
  "cccts": {
    "6830.31": 10526,
    "0.0": 6194,
    "8479.29642857143": 1633,
    "7568.153571428572": 1204,
    "7255.009285714286": 1177,
    "7927.005": 1059,
    "7078.0512499999995": 965,
    "7024.963839285715": 874,
    "7512.954919354839": 770,
    "7975.439464285715": 765,
    "7561.4400000000005": 751,
    "7007.268035714286": 736,
    "7019.06523809524": 736,
    "7006.126370967742": 732,
    "26960.884285714284": 699,
    "7929.634285714286": 696,
    "7322.205714285715": 695,
    "7449.663125": 664,
    "7758.963024193548": 651,
    "7135.761370967743": 599,
    "7189.934395161291": 596,
    "7030.862440476191": 587,
    "7113.442857142857": 584,
    "7348.19375": 578,
    "9235.081875": 575,
    "7125.24005952381": 527,
    "7284.31814516129": 504,
    "7057.4061458333335": 474,
    "7573.5337500000005": 474,
    "5749.8455555555565": 470,
    "37026.171428571426": 456,
    "7482.865201612904": 444,
    "25283.336428571427": 424,
    "7175.378169642857": 407,
    "8018.396250000001": 398,
    "8616.711964285714": 394,
    "7591.90375": 393,
    "8226.629153225807": 393,
    "7629.640535714287": 391,
    "7178.73613095238": 385,
    "7218.176431451613": 381,
    "30315.98": 362,
    "7608.998035714285": 349,
    "7838.023928571429": 345,
    "5966.649276315789": 326,
    "7342.70136904762": 304,
    "7683.295": 302,
    "7800.236491935483": 301,
    "7184.226071428572": 297,
    "8288.687782258065": 287,
    "7404.188333333334": 286,
    "6641.8264285714295": 283,
    "8429.656875": 275,
    "7058.072116935485": 269,
    "8112.8550000000005": 267,
    "7290.400892857144": 264,
    "27799.658214285715": 263,
    "7260.71875": 257,
    "7441.943486842105": 256,
    "7193.073973214285": 254,
    "19330.74725806452": 253,
    "39542.493214285714": 238,
    "7205.917701612903": 235,
    "7160.631666666667": 226,
    "7089.848452380953": 224,
    "7500.512500000001": 215,
    "7418.456915322581": 207,
    "6991.3418125": 204,
    "7040.890062500001": 204,
    "8326.612500000001": 200,
    "7281.214404761905": 198,
    "7139.9865625": 194,
    "7020.539888392857": 189,
    "6967.452477678571": 186,
    "7561.44": 185,
    "33535.78959677419": 183,
    "6930.205665322581": 177,
    "7290.400892857143": 169,
    "6281.36435483871": 162,
    "7181.942741935484": 159,
    "7207.820476190476": 156,
    "7584.2878125": 153,
    "21089.466785714285": 148,
    "7355.8096875": 145,
    "7455.096895161291": 144,
    "7805.15": 143,
    "7714.645463709679": 134,
    "7003.861915322581": 131,
    "7113.150035714287": 124,
    "7226.008366935484": 119,
    "6752.28185483871": 116,
    "7088.269173387097": 115,
    "6704.654285714286": 114,
    "6359.785161290323": 105,
    "6626.1194642857145": 105,
    "6663.613508064516": 100,
    "6699.418630952381": 93,
    "6741.30386904762": 91,
    "7051.507544642858": 91,
    "7086.899151785715": 90,
    "7738.3262903225805": 90,
    "8296.075714285715": 89,
    "6317.0893888888895": 88,
    "5007.026250000001": 85,
    "7113.442857142856": 82,
    "7441.212741935484": 79,
    "7131.138660714286": 78,
    "6972.76121875": 76,
    "8195.599838709677": 76,
    "7906.331875": 70,
    "7080.224758064516": 69,
    "7792.21875": 68,
    "7854.277379032258": 65,
    "7122.2907589285705": 63,
    "6468.547351190477": 60,
    "6670.706975806452": 59,
    "6995.470833333334": 58,
    "7492.8965625": 58,
    "7201.771209677419": 57,
    "6715.125595238096": 54,
    "7963.988169642857": 50,
    "7127.496994047619": 49,
    "6323.842291666667": 48,
    "18992.531964285714": 48,
    "7486.170952380952": 46,
    "7157.682366071429": 45,
    "7685.34": 44,
    "6720.36125": 42,
    "8121.53625": 42,
    "50865.941249999996": 41,
    "6683.711666666667": 40,
    "6974.159758064517": 39,
    "7055.931495535716": 39,
    "23024.05826612903": 39,
    "7001.369434523811": 38,
    "6273.195520833334": 36,
    "7288.487056451613": 33,
    "7337.577455357144": 33,
    "6704.654285714285": 32,
    "6785.975826612904": 31,
    "6989.5722321428575": 30,
    "7137.037261904762": 29,
    "7272.034375000001": 29,
    "7603.2723883928575": 29,
    "7675.679062499999": 29,
    "8018.39625": 29,
    "8170.111473214287": 29,
    "6729.22808467742": 28,
    "7068.571986607143": 28,
    "7511.322217741936": 28,
    "8032.695937500001": 28,
    "7094.034556451613": 27,
    "7137.744821428572": 27,
    "7158.240476190477": 27,
    "7212.895555555556": 27,
    "6500.463750000001": 26,
    "7153.274714285715": 26,
    "7352.949196428572": 26,
    "7429.807901785715": 26,
    "8204.465357142857": 26,
    "7470.04875": 25,
    "7445.179642857142": 24,
    "7033.8117410714285": 23,
    "28638.432142857142": 23,
    "6662.769047619047": 22,
    "7622.3675": 22,
    "7388.837661290322": 19,
    "7784.523928571429": 19,
    "7494.485089285715": 18,
    "7629.640535714286": 18,
    "7826.572633928573": 18,
    "8101.403705357143": 18,
    "6732.5777777777785": 17,
    "8238.81924107143": 16,
    "6674.2537096774195": 15,
    "6757.010833333334": 15,
    "7059.470656250001": 15,
    "7460.551383928571": 15,
    "5788.433571428572": 14,
    "6019.961666666667": 14,
    "6077.84369047619": 14,
    "6338.312797619048": 14,
    "6398.99556451613": 14,
    "6585.244979838711": 14,
    "7078.05125": 14,
    "7160.802433035715": 14,
    "7228.438093750001": 14,
    "7229.975267857144": 14,
    "7499.834722222224": 14,
    "6720.361250000001": 12,
    "6766.46879032258": 12,
    "7168.488303571429": 12,
    "7368.320937500001": 12,
    "7586.095446428572": 12,
    "7998.3420535714295": 12,
    "6555.438125000001": 11,
    "7568.918504464286": 11,
    "7306.833973214286": 10,
    "6669.313616071428": 9,
    "6677.167098214287": 9,
    "6700.727544642857": 9,
    "7183.860044642858": 9,
    "7276.09049107143": 8,
    "7332.961875": 8,
    "6340.17995967742": 7,
    "6425.135833333334": 7,
    "6673.240357142858": 7,
    "7720.075593750002": 7,
    "6746.539523809524": 6,
    "6751.775178571428": 6,
    "6754.393005952382": 6,
    "7163.529677419355": 6,
    "7214.603526785715": 6,
    "7399.064419642857": 6,
    "7689.157098214287": 6,
    "6716.434508928572": 5,
    "7422.06834375": 5,
    "7538.5921875": 5,
    "6685.0205803571425": 4,
    "6696.800803571429": 4,
    "6729.523645833334": 4,
    "7117.249166666666": 4,
    "7224.851354166666": 4,
    "7363.197023809525": 4,
    "7744.222500000001": 4,
    "13932.831169354838": 4,
    "33671.07571428571": 4,
    "6634.8455555555565": 3,
    "6769.445513392857": 3,
    "7104.594955357143": 3,
    "7222.2893973214295": 3,
    "7252.366160714286": 3,
    "7706.334040178573": 3,
    "8021.244642857144": 3,
    "6692.8740625": 2,
    "6708.581026785715": 2,
    "6713.267782258065": 2,
    "6728.60740625": 2,
    "6741.958325892857": 2,
    "6998.420133928572": 2,
    "7177.413830645161": 2,
    "7362.795200892857": 2,
    "7447.2009375": 2,
    "7448.679910714286": 2,
    "7483.033794642857": 2,
    "7620.4493303571435": 2,
    "7895.280401785714": 2,
    "16958.5051875": 2,
    "24444.562499999996": 2,
    "6674.0670394736835": 1,
    "6682.747203947369": 1,
    "6738.686041666667": 1,
    "6741.641653225807": 1,
    "6745.885066964286": 1,
    "6748.633785714285": 1,
    "7060.355446428572": 1,
    "7086.50568452381": 1,
    "7219.066290322581": 1,
    "7245.347008928571": 1,
    "7537.410089285715": 1,
    "7595.481111111111": 1,
    "7598.89705357143": 1,
    "7721.374687500001": 1,
    "8410.588660714287": 1,
    "8548.004196428572": 1,
    "32399.386209677417": 1
  },
  "source": {
    "analyze": "light",
    "fontface": "Consolas-Regular",
    "fontsize": 14,
    "language": "c",
    "theme": "Nord"
  },
  "average": 7717.870152968493,
  "diff65": 18.73646389182297
}
