{
  "colors": {
    "#499504": {
      "cct": 5474.7,
      "frequency": 3789
    },
    "#577909": {
      "cct": 4862.56,
      "frequency": 2315
    },
    "#fffbe8": {
      "cct": 5474.7,
      "frequency": 803
    },
    "#db7800": {
      "cct": 2021.94,
      "frequency": 421
    },
    "#9b1ceb": {
      "cct": 147952.69,
      "frequency": 324
    },
    "#a57800": {
      "cct": 2827.89,
      "frequency": 228
    },
    "#95a3ab": {
      "cct": 7860.69,
      "frequency": 223
    },
    "#2aa198": {
      "cct": 11106.36,
      "frequency": 174
    },
    "#3c7a03": {
      "cct": 5450.17,
      "frequency": 15
    }
  },
  "cccts": {
    "5753.66": 10526,
    "0.0": 6194,
    "5731.117777777778": 2817,
    "5726.891111111111": 2165,
    "5681.65191919192": 2116,
    "5728.299999999999": 1820,
    "5923.92505050505": 1557,
    "5719.846666666666": 1531,
    "5738.162222222221": 1495,
    "5732.526666666667": 1447,
    "5955.849747474747": 1103,
    "5452.106868686868": 1022,
    "5395.565656565656": 1006,
    "5945.208181818181": 949,
    "5743.797777777778": 927,
    "5733.935555555556": 922,
    "5735.344444444444": 893,
    "5695.153434343434": 859,
    "5672.6509090909085": 792,
    "5745.206666666666": 726,
    "5724.073333333334": 687,
    "5668.150404040404": 674,
    "5711.3933333333325": 593,
    "5722.664444444444": 584,
    "5414.412727272727": 583,
    "5621.730505050506": 575,
    "5748.024444444445": 571,
    "5686.152424242424": 566,
    "5892.000353535353": 560,
    "5708.65494949495": 506,
    "5729.708888888888": 493,
    "5470.95393939394": 482,
    "5508.64808080808": 482,
    "5739.571111111111": 474,
    "5913.283484848485": 426,
    "5301.330303030302": 423,
    "5987.774444444443": 408,
    "5721.255555555556": 322,
    "5339.024444444443": 317,
    "6186.201414141414": 302,
    "6267.30292929293": 277,
    "5677.151414141414": 276,
    "5725.482222222222": 255,
    "25144.43681818182": 204,
    "5969.930707070706": 200,
    "5517.234141414142": 198,
    "5654.648888888889": 195,
    "5717.028888888889": 189,
    "5934.5666161616155": 189,
    "6240.269090909091": 175,
    "6009.057575757575": 172,
    "5609.643838383839": 162,
    "5487.680909090908": 160,
    "5433.259797979797": 154,
    "5188.247878787879": 152,
    "5702.94": 143,
    "5796.226262626263": 138,
    "5472.904292929293": 137,
    "5860.075656565657": 129,
    "6072.90696969697": 122,
    "6159.167575757577": 114,
    "5532.010757575758": 113,
    "5699.653939393939": 108,
    "5713.155454545455": 105,
    "6348.4044444444435": 102,
    "22271.729141414144": 100,
    "5690.652929292929": 95,
    "5998.41601010101": 94,
    "6105.099898989898": 94,
    "5736.753333333333": 90,
    "5966.491313131313": 88,
    "5735.65797979798": 85,
    "5357.871515151515": 82,
    "5399.021212121212": 75,
    "5828.150959595961": 70,
    "5977.132878787879": 66,
    "6402.472121212121": 66,
    "5834.761515151516": 61,
    "14371.78303030303": 58,
    "5902.6419191919185": 57,
    "5861.795353535354": 54,
    "5320.177373737374": 50,
    "6213.235252525253": 48,
    "5715.62": 45,
    "5817.509393939394": 43,
    "5650.148383838383": 40,
    "5714.211111111112": 39,
    "5376.718585858586": 38,
    "5310.361515151516": 36,
    "5729.135555555556": 33,
    "5618.644848484848": 32,
    "5428.574444444444": 31,
    "5632.146363636363": 31,
    "5718.437777777777": 31,
    "5724.537222222223": 29,
    "5870.7172222222225": 29,
    "6321.3706060606055": 29,
    "31608.02909090909": 29,
    "5561.563989898989": 27,
    "5785.584696969697": 27,
    "6564.675151515153": 27,
    "5722.156464646465": 26,
    "13653.60611111111": 26,
    "5244.789090909091": 21,
    "5502.457525252525": 21,
    "17244.49070707071": 21,
    "5413.797828282828": 20,
    "5527.4951515151515": 18,
    "5915.8630303030295": 18,
    "5719.938888888889": 16,
    "6040.982272727273": 16,
    "18680.844545454544": 16,
    "20835.375303030305": 16,
    "5282.483232323232": 15,
    "5726.07": 15,
    "5742.930555555556": 15,
    "6375.438282828283": 15,
    "5730.668333333334": 14,
    "5838.792525252525": 14,
    "6030.340707070707": 14,
    "6062.265404040403": 14,
    "6294.3367676767675": 14,
    "5707.676666666666": 13,
    "5733.733888888888": 13,
    "5650.223686868687": 12,
    "5263.636161616161": 11,
    "5942.896868686869": 11,
    "21553.55222222222": 11,
    "6132.133737373737": 10,
    "6136.756363636363": 10,
    "5075.165454545454": 9,
    "5881.3587878787885": 9,
    "6019.699141414141": 9,
    "25862.61373737374": 8,
    "5726.65696969697": 7,
    "6023.998383838385": 7,
    "6483.573636363637": 7,
    "5849.434090909091": 6,
    "6051.032222222221": 6,
    "6078.066060606061": 6,
    "22989.906060606063": 6,
    "5458.127676767677": 5,
    "6726.8781818181815": 5,
    "5225.94202020202": 4,
    "5727.602777777777": 4,
    "6051.623838383838": 4,
    "17962.667626262624": 3,
    "5489.8010101010095": 2,
    "6429.505959595959": 2,
    "20117.198383838382": 2,
    "5645.647878787879": 1,
    "5712.802222222222": 1,
    "6094.1901010101": 1,
    "6456.539797979797": 1,
    "6510.607474747475": 1,
    "6537.641313131313": 1,
    "16526.313787878786": 1
  },
  "source": {
    "analyze": "light",
    "fontface": "Consolas-Regular",
    "fontsize": 14,
    "language": "c",
    "theme": "Tiny Light"
  },
  "average_cct": 5259.662027568053,
  "average_cct_without_background": 2356.0459721312,
  "diff65": -19.08212265279918,
  "background_cct": 5753.66
}
