{
  "colors": {
    "#499504": 4592,
    "#577909": 2315,
    "#db7800": 421,
    "#9b1ceb": 324,
    "#a57800": 228,
    "#95a3ab": 223,
    "#2aa198": 174,
    "#3c7a03": 15
  },
  "cccts": {
    "5753.66": 10526,
    "0.0": 6194,
    "5740.3761904761905": 2745,
    "5734.338095238095": 2254,
    "5731.9228571428575": 2230,
    "5733.130476190476": 1350,
    "5917.8441558441555": 1273,
    "5726.488571428571": 1170,
    "5738.564761904761": 1164,
    "5711.2266666666665": 1137,
    "5462.876623376624": 1095,
    "5730.111428571428": 1032,
    "5684.223636363637": 1002,
    "5747.621904761904": 927,
    "5705.440303030303": 876,
    "5853.994761904762": 803,
    "5691.9387878787875": 785,
    "5735.545714285715": 736,
    "5745.206666666666": 726,
    "5575.959047619048": 689,
    "5899.6014718614715": 669,
    "5551.7270995671": 601,
    "5736.753333333333": 590,
    "5672.88683982684": 575,
    "5495.185887445888": 499,
    "5725.280952380952": 496,
    "5750.037142857143": 474,
    "5722.799393939394": 470,
    "5699.653939393939": 469,
    "5968.011536796537": 444,
    "5867.676774891775": 438,
    "5931.526168831169": 417,
    "5719.242857142856": 411,
    "5908.7228138528135": 411,
    "5390.180779220778": 393,
    "5678.437272727273": 379,
    "5729.507619047619": 373,
    "5727.09238095238": 344,
    "5479.031255411255": 329,
    "5701.582727272727": 326,
    "5881.358787878788": 299,
    "6170.753506493506": 295,
    "5438.644675324676": 257,
    "5876.798116883117": 257,
    "5728.903809523809": 254,
    "5724.677142857143": 251,
    "5737.960952380952": 250,
    "5663.0069696969695": 234,
    "5374.026147186148": 222,
    "5915.8630303030295": 218,
    "5732.526666666667": 194,
    "5688.081212121212": 191,
    "5727.696190476191": 189,
    "5734.941904761905": 189,
    "5527.495151515151": 188,
    "6008.550476190476": 174,
    "5722.261904761905": 170,
    "5614.337619047619": 162,
    "5645.647878787879": 162,
    "5733.734285714286": 155,
    "5736.149523809523": 154,
    "19912.00497835498": 146,
    "5958.8901948051935": 144,
    "6124.409783549783": 142,
    "5365.948831168831": 137,
    "5525.677922077923": 130,
    "5293.2529870129865": 128,
    "6043.308268398268": 125,
    "5858.555432900433": 124,
    "6013.618246753246": 119,
    "5551.009264069264": 116,
    "15910.733571428571": 115,
    "5945.208181818181": 109,
    "6205.511298701299": 107,
    "5707.369090909091": 105,
    "6298.198744588744": 100,
    "5972.572207792207": 99,
    "5538.343593073592": 97,
    "5749.4333333333325": 97,
    "5785.584696969697": 96,
    "6147.581645021644": 95,
    "5723.469523809524": 91,
    "5954.329523809523": 89,
    "5680.366060606061": 88,
    "5742.087272727273": 85,
    "5739.77238095238": 76,
    "5468.682402597402": 75,
    "5487.108571428572": 75,
    "5799.26670995671": 70,
    "5904.162142857143": 66,
    "5731.3190476190475": 65,
    "5846.347445887446": 61,
    "6275.026883116883": 61,
    "14679.573138528136": 58,
    "5817.509393939394": 57,
    "5885.919458874458": 57,
    "6078.066060606061": 51,
    "5398.258095238095": 48,
    "5595.339112554112": 48,
    "5697.725151515152": 48,
    "5715.084242424242": 48,
    "5576.340606060606": 46,
    "5781.024025974026": 42,
    "5668.793333333333": 40,
    "5690.01": 40,
    "5722.865714285715": 39,
    "5728.299999999999": 39,
    "5895.040800865801": 38,
    "5506.679415584415": 37,
    "5703.511515151515": 37,
    "5392.688376623376": 36,
    "5519.417835497835": 36,
    "5643.7190909090905": 32,
    "5990.814891774891": 32,
    "6309.784675324674": 32,
    "5456.016731601731": 31,
    "5672.6509090909085": 31,
    "5732.639047619047": 31,
    "5666.864545454545": 30,
    "17141.894004329006": 29,
    "21758.74562770563": 29,
    "23297.696168831168": 29,
    "5470.9539393939385": 28,
    "5834.761515151515": 28,
    "6414.058051948052": 28,
    "5730.011428571429": 27,
    "5790.145367965369": 27,
    "5890.48012987013": 27,
    "12525.042380952382": 27,
    "5430.56735930736": 26,
    "5734.372121212121": 26,
    "5823.175584415585": 26,
    "5454.799307359307": 25,
    "5936.08683982684": 24,
    "5333.639567099567": 23,
    "5414.412727272726": 23,
    "5725.884761904763": 23,
    "5661.078181818181": 22,
    "5475.015238095239": 20,
    "5922.4048268398265": 20,
    "17757.47422077922": 20,
    "5737.237380952381": 17,
    "5422.490043290043": 16,
    "5449.683896103896": 16,
    "5739.208095238096": 16,
    "14371.78303030303": 16,
    "5747.090952380952": 15,
    "5940.64751082251": 15,
    "6263.440952380952": 15,
    "5722.128571428571": 14,
    "5722.7854761904755": 14,
    "5949.768852813852": 14,
    "5716.216428571428": 13,
    "5690.331645021644": 12,
    "5913.2834848484845": 12,
    "6240.269090909091": 12,
    "5406.335411255412": 11,
    "5869.519307359307": 11,
    "6089.651991341991": 11,
    "6135.995714285715": 11,
    "5963.450865800865": 10,
    "6228.68316017316": 9,
    "20219.79508658009": 9,
    "6356.128398268399": 8,
    "19296.424761904764": 8,
    "5349.794199134199": 7,
    "5726.656969696969": 7,
    "5981.693549783549": 7,
    "6217.0972294372295": 7,
    "5863.1161038961045": 6,
    "6101.237922077922": 6,
    "6182.339437229437": 6,
    "5589.006277056277": 5,
    "6112.823852813853": 5,
    "15295.153354978354": 5,
    "5503.263203463203": 4,
    "5872.237445887446": 4,
    "18065.264329004327": 4,
    "5341.716883116883": 3,
    "5382.103463203463": 3,
    "5543.649783549783": 3,
    "5570.00777056277": 3,
    "5731.325238095237": 3,
    "5939.0348917748925": 3,
    "5986.25422077922": 3,
    "5446.721991341991": 2,
    "5664.9357575757585": 2,
    "5676.508484848485": 2,
    "5709.297878787878": 2,
    "5728.040714285715": 2,
    "5730.715238095238": 2,
    "6159.167575757576": 2,
    "14063.992922077923": 2,
    "16834.103896103898": 2,
    "19604.21487012987": 2,
    "5544.676428571429": 1,
    "5826.630735930736": 1,
    "5985.378614718615": 1,
    "6009.057575757576": 1,
    "6066.48012987013": 1,
    "6251.855021645022": 1,
    "6344.542467532467": 1
  },
  "source": {
    "analyze": "light",
    "fontface": "Consolas-Regular",
    "fontsize": 14,
    "language": "c",
    "theme": "Tiny Light"
  },
  "average": 5225.113741013388,
  "diff65": -19.613634753640184
}
