{
  "colors": {
    "#499504": 4592,
    "#577909": 2315,
    "#db7800": 421,
    "#9b1ceb": 324,
    "#a57800": 228,
    "#95a3ab": 223,
    "#2aa198": 174,
    "#3c7a03": 15
  },
  "cccts": {
    "5753.66": 10526,
    "0.0": 6194,
    "5693.882857142857": 2109,
    "5713.808571428571": 1236,
    "6205.166428571429": 1204,
    "5703.042258064516": 1170,
    "5728.913548387096": 1107,
    "4954.005714285714": 1074,
    "5725.431904761905": 1068,
    "5718.79": 1004,
    "5562.71": 1002,
    "5666.485": 927,
    "5712.148095238095": 893,
    "5726.262142857143": 874,
    "5626.36": 805,
    "5688.901428571428": 794,
    "5727.09238095238": 736,
    "5728.7528571428575": 736,
    "6054.664285714286": 695,
    "5674.610806451613": 616,
    "5940.573951612902": 599,
    "4587.4974999999995": 575,
    "5621.055833333334": 533,
    "5700.79258064516": 496,
    "5636.968333333333": 485,
    "5198.344523809524": 482,
    "5649.049999999999": 474,
    "5721.695833333332": 474,
    "5555.637777777778": 470,
    "5605.143333333333": 469,
    "5707.166666666667": 466,
    "6152.976169354838": 444,
    "5422.620322580645": 419,
    "5721.602096774192": 411,
    "5220.557142857143": 410,
    "6242.791964285714": 409,
    "5705.091071428571": 407,
    "5717.129523809524": 405,
    "5076.533387096774": 393,
    "5966.871369047619": 385,
    "5546.7975": 379,
    "5595.3725": 326,
    "5376.045476190477": 317,
    "6067.206130952381": 304,
    "5703.845714285714": 297,
    "6104.831666666667": 286,
    "6900.6671428571435": 283,
    "5700.524761904762": 282,
    "5708.745685483871": 276,
    "5739.599516129032": 271,
    "5264.982380952381": 270,
    "6017.03875": 257,
    "6127.935065789474": 256,
    "5702.600357142857": 254,
    "5713.808571428572": 251,
    "5584.782177419354": 234,
    "5704.167096774193": 229,
    "4887.367857142857": 228,
    "5046.438870967741": 222,
    "5724.0205000000005": 204,
    "5730.9945": 204,
    "6794.462777777777": 200,
    "6029.580595238095": 198,
    "5710.0725": 194,
    "5663.489166666667": 191,
    "5726.884821428571": 189,
    "5734.356964285714": 186,
    "5131.706666666667": 174,
    "5653.051935483871": 162,
    "20354.453258928574": 146,
    "6135.983991935484": 144,
    "5220.557142857144": 137,
    "5859.861108870968": 131,
    "5324.81314516129": 128,
    "5494.115887096774": 128,
    "5126.709285714286": 125,
    "5926.737464285713": 124,
    "5565.569274193548": 119,
    "5995.798528225806": 119,
    "6228.49629032258": 116,
    "5335.692857142857": 115,
    "26702.62424107143": 115,
    "6518.331428571429": 114,
    "5667.424516129032": 105,
    "5712.563214285715": 101,
    "6768.082983870968": 100,
    "6996.251071428573": 98,
    "5457.599940476191": 97,
    "6550.1927380952375": 93,
    "5722.526071428571": 91,
    "5733.412903225807": 91,
    "6295.302261904762": 91,
    "5717.544642857143": 90,
    "5042.85619047619": 89,
    "5659.599444444445": 88,
    "5419.4974999999995": 85,
    "6127.487903225807": 79,
    "5711.317857142857": 78,
    "5733.6097500000005": 76,
    "5222.774314516129": 75,
    "6412.1068749999995": 70,
    "5906.5895967741935": 69,
    "5729.583095238095": 64,
    "6348.404444444444": 61,
    "5687.357916666667": 60,
    "6724.916048387096": 59,
    "5730.413333333334": 58,
    "24163.355848214287": 58,
    "5716.540322580645": 54,
    "6454.60880952381": 54,
    "5203.8976785714285": 50,
    "5935.516755952381": 49,
    "5660.837083333333": 48,
    "5676.749583333333": 48,
    "5266.031666666667": 46,
    "5710.487619047619": 46,
    "6154.999047619048": 46,
    "5707.581785714285": 45,
    "5710.3042857142855": 43,
    "6422.7474999999995": 42,
    "6543.796249999999": 42,
    "5595.561612903225": 40,
    "5635.086209677419": 40,
    "6645.776666666667": 40,
    "5721.903392857143": 39,
    "5074.463392857143": 37,
    "5287.195": 37,
    "5615.751666666667": 37,
    "5091.580645161291": 36,
    "5417.432399193548": 36,
    "5651.5547916666665": 36,
    "5370.523452380952": 34,
    "6034.030927419354": 33,
    "6064.070669642858": 33,
    "5651.255362903225": 32,
    "6518.33142857143": 32,
    "5199.17939516129": 31,
    "5642.2725": 31,
    "6023.453346774193": 31,
    "5731.243571428572": 30,
    "5103.940892857142": 29,
    "5664.152187500001": 29,
    "22095.080786290324": 29,
    "29241.89263392857": 29,
    "38764.14910714286": 29,
    "5170.57875": 28,
    "5899.458950892857": 28,
    "6368.7888306451605": 28,
    "5318.27755952381": 27,
    "5688.626428571429": 27,
    "5941.787678571428": 27,
    "5954.329523809523": 27,
    "5987.774444444444": 27,
    "5087.2814285714285": 26,
    "5475.19125": 26,
    "6073.477053571428": 26,
    "6120.508973214285": 26,
    "7760.922500000001": 26,
    "16926.44092857143": 26,
    "5257.100483870968": 25,
    "6129.915357142857": 24,
    "4887.367857142856": 23,
    "5725.016785714286": 23,
    "6773.221904761905": 22,
    "5606.191754032257": 21,
    "5234.571774193548": 20,
    "5721.40525": 20,
    "5482.80935483871": 19,
    "38764.14910714285": 19,
    "5137.259821428571": 18,
    "5270.535535714285": 18,
    "5431.577023809524": 18,
    "5196.370476190476": 17,
    "5070.621964285715": 16,
    "29453.498333333337": 16,
    "5658.819374999999": 15,
    "6139.321741071429": 15,
    "6199.718333333333": 15,
    "6703.332580645161": 15,
    "5696.143749999999": 14,
    "5713.917261904762": 14,
    "5955.897254464285": 14,
    "5997.28534375": 14,
    "5998.225982142857": 14,
    "6163.360277777777": 14,
    "5708.497797619048": 13,
    "5718.783124999999": 13,
    "4839.3568749999995": 12,
    "5187.238214285714": 12,
    "5387.151785714285": 12,
    "5960.600446428572": 12,
    "6082.8834375": 12,
    "6142.162419354839": 12,
    "6422.7475": 12,
    "5395.4815178571425": 11,
    "7426.37875": 11,
    "6045.257901785713": 10,
    "5970.006830357142": 9,
    "6542.227410714286": 9,
    "6685.603303571428": 9,
    "6733.395267857143": 9,
    "32702.669717741934": 9,
    "6026.4451339285715": 8,
    "19719.636160714286": 8,
    "5322.179875": 7,
    "5663.831370967741": 7,
    "5679.401666666667": 7,
    "6709.499285714285": 7,
    "6996.251071428572": 7,
    "5337.173392857143": 6,
    "5957.566129032258": 6,
    "5988.819598214286": 6,
    "6101.696205357142": 6,
    "6215.648988095238": 6,
    "6231.579642857143": 6,
    "6263.440952380953": 6,
    "5300.862261904762": 5,
    "5541.305725806452": 5,
    "6446.643482142857": 5,
    "25432.990044642855": 5,
    "5738.363125": 4,
    "5929.245833333333": 4,
    "5995.090520833332": 4,
    "6079.747976190476": 4,
    "6366.990208333333": 4,
    "6566.123392857143": 4,
    "6637.811339285714": 4,
    "31146.343928571423": 4,
    "5176.1319047619045": 3,
    "5328.843660714286": 3,
    "5501.138184523809": 3,
    "5715.053928571428": 3,
    "5722.949702380953": 3,
    "5993.522790178571": 3,
    "6124.047723214286": 3,
    "6943.148888888889": 3,
    "5237.216607142856": 2,
    "5370.492321428572": 2,
    "5437.1301785714295": 2,
    "5453.789642857142": 2,
    "5495.438303571428": 2,
    "5583.926666666667": 2,
    "5642.272500000001": 2,
    "5662.163125": 2,
    "5683.206964285714": 2,
    "5689.6121875": 2,
    "5695.85238095238": 2,
    "5726.737499999999": 2,
    "5729.998214285714": 2,
    "5966.0622177419355": 2,
    "6291.319598214286": 2,
    "6372.5659375000005": 2,
    "6465.91443548387": 2,
    "6494.435446428572": 2,
    "6590.019375000001": 2,
    "22893.721651785716": 2,
    "31555.90334677419": 2,
    "36224.88071428571": 2,
    "4920.686785714285": 1,
    "4987.324642857143": 1,
    "5364.343830645162": 1,
    "5591.9684677419355": 1,
    "5721.280714285714": 1,
    "5910.433065476191": 1,
    "5991.550483870968": 1,
    "6007.632366071428": 1,
    "6186.353660714286": 1,
    "6221.888888888888": 1,
    "6223.9791964285705": 1,
    "6250.696428571428": 1,
    "6267.423616071428": 1,
    "6293.246693548387": 1,
    "6311.232916666667": 1,
    "6651.6458552631575": 1,