{
  "colors": {
    "#499504": 2887,
    "#577909": 2315,
    "#db7800": 421,
    "#9b1ceb": 324,
    "#a57800": 228,
    "#95a3ab": 223,
    "#2aa198": 174,
    "#3c7a03": 15
  },
  "cccts": {
    "2737.35": 2109,
    "1824.8999999999999": 1487,
    "2431.28": 1472,
    "3930.345": 1205,
    "2368.860576923077": 1170,
    "1158.1096153846154": 1107,
    "1010.97": 1074,
    "1292.6374999999998": 1068,
    "1596.7875000000001": 928,
    "3421.6875": 927,
    "1900.9374999999998": 893,
    "1254.6187499999999": 874,
    "1620.8533333333335": 805,
    "2965.4624999999996": 794,
    "1140.5625": 736,
    "1216.6": 736,
    "2620.2299999999996": 695,
    "1028.6184615384616": 616,
    "1662.8382692307691": 599,
    "1263.7125": 575,
    "673.98": 547,
    "1688.388888888889": 533,
    "2474.143269230769": 496,
    "1485.7822222222226": 485,
    "702.0625": 482,
    "1505.5425": 474,
    "4106.025": 474,
    "1890.9955555555557": 469,
    "2129.05": 466,
    "3552.4272115384615": 444,
    "427.7180769230769": 419,
    "1500.2783653846154": 411,
    "4257.87375": 409,
    "2224.0968749999997": 407,
    "1672.825": 405,
    "874.8778846153847": 393,
    "1855.99625": 385,
    "2633.8866666666668": 379,
    "2051.3925000000004": 326,
    "477.4025": 317,
    "2729.4062499999995": 304,
    "2281.125": 297,
    "3056.935": 286,
    "5553.18": 286,
    "2433.2": 282,
    "584.4423076923077": 276,
    "658.0168269230769": 271,
    "617.815": 270,
    "2292.70125": 257,
    "3316.2285937499996": 256,
    "2338.153125": 254,
    "1095.2175": 251,
    "2197.503076923077": 234,
    "2316.2192307692308": 229,
    "913.7613461538461": 222,
    "1046.6338235294118": 204,
    "1368.675": 204,
    "4859.0325": 200,
    "2401.8775": 198,
    "1995.9843749999998": 194,
    "1148.1044444444444": 191,
    "1226.1046875": 189,
    "883.9359375": 186,
    "786.3100000000001": 174,
    "1309.1507692307694": 162,
    "3702.12": 146,
    "35446.99864583334": 146,
    "3401.260096153846": 144,
    "1215.64": 136,
    "944.7944711538461": 131,
    "554.089326923077": 128,
    "598.2075": 128,
    "1413.945": 125,
    "1506.63225": 124,
    "243.02163461538464": 119,
    "2154.1313942307693": 119,
    "2349.4223076923076": 116,
    "942.6299999999999": 115,
    "50858.7371875": 115,
    "1122.1292307692308": 105,
    "6015.945": 105,
    "1881.928125": 101,
    "5019.220384615385": 100,
    "667.69625": 97,
    "3856.375": 93,
    "947.5442307692307": 91,
    "1425.703125": 91,
    "2622.335": 91,
    "1653.815625": 90,
    "898.64": 89,
    "3646.92": 85,
    "3325.6765384615383": 79,
    "1938.95625": 78,
    "925.8683823529412": 76,
    "1610.2058823529412": 76,
    "1223.60625": 75,
    "4912.93125": 70,
    "1360.5040384615384": 69,
    "1102.54375": 64,
    "2776.59": 62,
    "844.1944444444445": 60,
    "4805.636538461539": 59,
    "1064.525": 58,
    "44694.04177083333": 58,
    "1737.164423076923": 54,
    "3239.3550000000005": 54,
    "3393.6100000000006": 54,
    "695.041875": 50,
    "1583.055625": 49,
    "979.2655555555557": 48,
    "80141.04041666666": 48,
    "1099.735": 46,
    "1976.975": 46,
    "3493.6399999999994": 46,
    "2110.040625": 45,
    "1816.7233333333334": 43,
    "5895.5175": 42,
    "1542.9276923076923": 40,
    "2057.236923076923": 40,
    "4319.14": 40,
    "1454.2171875": 39,
    "589.7325000000001": 37,
    "1531.7737499999998": 37,
    "1755.9244444444446": 37,
    "774.9506250000001": 36,
    "855.4361538461538": 36,
    "1337.2040000000002": 36,
    "864.0775": 34,
    "2494.2574038461535": 33,
    "2702.1121875": 33,
    "1332.5284615384617": 32,
    "1277.98875": 31,
    "1334.8990384615386": 31,
    "1418.246666666667": 31,
    "1026.50625": 30,
    "821.413125": 29,
    "1139.6625000000001": 29,
    "40544.727548076924": 29,
    "57023.43260416667": 29,
    "737.165625": 28,
    "1269.17390625": 28,
    "3043.569807692308": 28,
    "981.9062499999999": 27,
    "1637.64375": 27,
    "1746.8199999999997": 27,
    "1965.1725": 27,
    "2725.085": 27,
    "842.475": 26,
    "2783.994375": 26,
    "3039.1000000000004": 26,
    "3193.4053125": 26,
    "8329.77": 26,
    "27124.65983333333": 26,
    "641.5771153846154": 25,
    "3275.2875": 24,
    "1311.646875": 23,
    "4936.16": 22,
    "339.890625": 21,
    "1196.415": 20,
    "1489.4404411764704": 20,
    "349.95115384615383": 19,
    "407.19625": 18,
    "610.794375": 18,
    "779.2893750000001": 18,
    "1256.84": 17,
    "863.536875": 16,
    "57537.157222222224": 16,
    "2159.57": 15,
    "3357.1696875": 15,
    "3406.35625": 15,
    "4698.844615384615": 15,
    "1665.3297222222225": 14,
    "1760.46703125": 14,
    "2128.936875": 14,
    "2138.5700735294113": 14,
    "2463.057596153846": 14,
    "3439.0518749999997": 14,
    "1493.556201923077": 13,
    "1892.420138888889": 13,
    "463.36125": 12,
    "716.1037500000001": 12,
    "1767.4312499999999": 12,
    "1801.408125": 12,
    "1922.2546153846154": 12,
    "2865.8765624999996": 12,
    "452.83031250000005": 11,
    "6941.475": 11,
    "2538.3478125": 10,
    "1883.2903125": 9,
    "3817.81125": 9,
    "4511.95875": 9,
    "4743.34125": 9,
    "66863.23490384615": 9,
    "2374.5834375": 8,
    "33905.824791666666": 8,
    "550.0866176470588": 7,
    "945.4977777777779": 7,
    "1168.8846153846155": 7,
    "4627.650000000001": 7,
    "526.546875": 6,
    "1814.0053846153846": 6,
    "2047.0546875": 6,
    "2236.6975": 6,
    "2313.8250000000003": 6,
    "2468.08": 6,
    "3029.6409375": 6,
    "489.44249999999994": 5,
    "1021.1824999999999": 5,
    "3355.04625": 5,
    "47776.38947916667": 5,
    "655.0685096153846": 4,
    "1528.4675": 4,
    "2161.68975": 4,
    "2838.5825": 4,
    "3054.2490000000003": 4,
    "3933.5025000000005": 4,
    "4280.57625": 4,
    "61646.95416666667": 4,
    "537.0778125": 3,
    "569.505625": 3,
    "730.145": 3,
    "1286.8456944444445": 3,
    "1767.871875": 3,
    "1793.2143750000002": 3,
    "2087.9957812499997": 3,
    "326.4590625": 2,
    "379.11375": 2,
    "400.17562499999997": 2,
    "484.423125": 2,
    "652.918125": 2,
    "822.3447058823531": 2,
    "1083.534375": 2,
    "1152.9205769230769": 2,
    "1164.9883333333335": 2,
    "1430.164705882353": 2,
    "1889.5889423076922": 2,
    "2161.137777777778": 2,
    "2422.297777777778": 2,
    "2603.0531250000004": 2,
    "2952.1754166666665": 2,
    "3021.5832352941175": 2,
    "3524.1334615384617": 2,
    "3586.4287500000005": 2,
    "4049.19375": 2,
    "41611.6940625": 2,
    "64017.99086538462": 2,
    "73976.345": 2,
    "897.3112499999999": 1,
    "968.84625": 1,
    "1053.09375": 1,
    "1364.7031249999998": 1,
    "1482.7312499999998": 1,
    "2103.992307692308": 1,
    "2116.339615384615": 1,
    "2210.8190624999997": 1,
    "2406.378": 1,
    "2487.361875": 1,
    "2669.798076923077": 1,
    "3766.580625": 1,
    "4094.109375": 1,
    "4425.1903125": 1,
    "4685.4956250000005": 1,
    "31297.684423076924": 1,
    "60105.7803125": 1
  },
  "source": {
    "analyze": "light",
    "fontface": "Consolas-Regular",
    "fontsize": 14,
    "language": "c",
    "theme": "Tiny Light"
  },
  "average": 2563.1317531513087,
  "diff65": -60.56720379767218
}
