{
  "colors": {
    "#000000": 3015,
    "#0000ff": 1186,
    "#808080": 257,
    "#008000": 223,
    "#a31515": 122,
    "#bd63c5": 8,
    "#09885a": 2
  },
  "cccts": {
    "6503.44": 11430,
    "0.0": 6194,
    "6503.6285714285705": 3210,
    "6503.565714285714": 2077,
    "6503.599677419354": 1563,
    "6503.518064516129": 1528,
    "6503.715": 1493,
    "6503.529047619047": 1388,
    "6503.570952380952": 1388,
    "6409.263571428572": 1204,
    "6503.644285714285": 1039,
    "6503.55": 968,
    "36853.41142857143": 960,
    "6503.526428571428": 890,
    "26736.75428571429": 805,
    "6503.518571428571": 736,
    "6503.523809523809": 736,
    "6503.6067741935485": 732,
    "6440.655714285714": 695,
    "6503.555238095239": 689,
    "6503.586666666667": 640,
    "6464.452983870967": 599,
    "19067.675483870968": 576,
    "6503.7699999999995": 559,
    "6503.541129032257": 552,
    "27579.80904761905": 533,
    "6503.5408333333335": 510,
    "25050.644761904765": 474,
    "6503.635555555555": 470,
    "30108.973333333335": 466,
    "6420.149556451613": 444,
    "6503.593214285714": 416,
    "6503.484354838709": 394,
    "6401.4155357142845": 391,
    "39382.57571428572": 389,
    "6458.967797619047": 385,
    "6503.60761904762": 373,
    "6503.596315789474": 326,
    "6503.597142857143": 309,
    "6438.039702380952": 304,
    "6430.191666666667": 286,
    "5344.640714285713": 285,
    "6503.5961290322575": 265,
    "6425.3726973684215": 256,
    "13642.210161290323": 256,
    "6503.601071428572": 255,
    "6503.569642857144": 254,
    "33345.21580645162": 210,
    "6503.577499999999": 207,
    "6503.5115": 204,
    "6503.5335": 204,
    "5451.936944444444": 200,
    "6445.887738095237": 198,
    "6503.524464285714": 193,
    "20835.370952380956": 191,
    "6503.500892857142": 186,
    "6503.530357142857": 164,
    "6503.539354838709": 162,
    "6448.503750000001": 148,
    "6423.69383064516": 144,
    "6481.2882862903225": 131,
    "5248.0741071428565": 124,
    "6467.339035714285": 124,
    "6452.934092741934": 119,
    "6503.4400000000005": 119,
    "6023.722016129032": 117,
    "5730.907142857142": 114,
    "6503.503870967742": 110,
    "5478.587943548388": 109,
    "6448.503749999999": 109,
    "6503.525161290321": 105,
    "6503.553928571428": 99,
    "6503.538214285713": 94,
    "5698.718273809523": 93,
    "5956.229226190476": 91,
    "6503.532888888889": 88,
    "6503.515952380952": 82,
    "6503.573571428571": 81,
    "6425.465967741936": 79,
    "6503.557096774193": 79,
    "6503.50325": 76,
    "6366.099375": 70,
    "6471.541532258065": 69,
    "6503.513333333333": 65,
    "6503.549999999999": 62,
    "5522.198669354838": 61,
    "5902.581111111111": 61,
    "6503.505476190476": 60,
    "24839.881071428572": 58,
    "5881.987157258064": 57,
    "6503.585357142858": 57,
    "5602.151666666667": 56,
    "5795.284880952381": 54,
    "6465.507827380952": 49,
    "6503.576190476191": 49,
    "6503.531666666666": 48,
    "18727.73404761905": 48,
    "6419.727619047619": 46,
    "5827.473749999999": 42,
    "6338.631249999999": 42,
    "25349.79322580645": 40,
    "31631.910967741936": 40,
    "6503.5401785714275": 39,
    "28422.863809523817": 37,
    "6438.693705357144": 33,
    "6444.959475806451": 33,
    "5730.907142857143": 32,
    "6503.510714285714": 32,
    "22779.835967741936": 32,
    "6230.872963709677": 31,
    "24207.59": 31,
    "29898.209642857146": 29,
    "6473.028861607143": 28,
    "6454.607777777777": 27,
    "6461.583809523809": 27,
    "6464.19982142857": 27,
    "6503.541749999999": 27,
    "4475.541249999999": 26,
    "6078.546928571428": 26,
    "6426.921651785714": 26,
    "6436.731696428571": 26,
    "50763.815": 26,
    "6424.959642857143": 24,
    "9958.818125": 24,
    "5473.39619047619": 22,
    "8428.57924107143": 21,
    "6401.415535714285": 18,
    "8477.941785714285": 18,
    "5544.004032258064": 15,
    "6052.795833333333": 15,
    "6422.997633928571": 15,
    "8231.1290625": 15,
    "8527.304330357143": 15,
    "6417.983611111111": 14,
    "6452.4277678571425": 14,
    "6452.623968749999": 14,
    "6461.256808035714": 14,
    "5827.47375": 12,
    "6110.943467741936": 12,
    "6434.769687499999": 12,
    "6460.275803571428": 12,
    "4813.524375": 11,
    "5706.765491071428": 11,
    "7885.5912499999995": 11,
    "6442.617723214285": 10,
    "8132.403973214286": 10,
    "5513.632276785715": 9,
    "5561.915580357142": 9,
    "6458.313794642857": 9,
    "7934.953794642856": 9,
    "8181.766517857142": 9,
    "6446.541741071428": 8,
    "6503.561785714285": 8,
    "9070.292321428571": 8,
    "5537.773928571428": 7,
    "6503.528709677419": 7,
    "7564.734709821429": 7,
    "5988.418095238095": 6,
    "6020.606964285714": 6,
    "6036.701398809523": 6,
    "6430.845669642857": 6,
    "6454.389776785713": 6,
    "6460.908709677419": 6,
    "8329.854151785714": 6,
    "5803.332098214285": 5,
    "5948.182008928571": 5,
    "5610.198883928571": 4,
    "5682.623839285713": 4,
    "5883.804270833334": 4,
    "6435.42369047619": 4,
    "6453.081770833333": 4,
    "6466.815833333332": 4,
    "7589.415982142857": 4,
    "5301.722222222222": 3,
    "6129.244397321428": 3,
    "6453.408772321428": 3,
    "7737.503616071428": 3,
    "7762.184888392856": 3,
    "5658.4821875": 2,
    "5755.048794642857": 2,
    "5783.863024193548": 2,
    "5878.17121875": 2,
    "5960.252834821428": 2,
    "6459.1365725806445": 2,
    "6503.514642857143": 2,
    "6503.546071428571": 2,
    "6635.3141964285705": 2,
    "7268.559441964286": 2,
    "7441.328348214286": 2,
    "7638.778526785713": 2,
    "8033.678883928571": 2,
    "16683.326250000002": 2,
    "24207.590000000004": 2,
    "33481.19238095238": 2,
    "5542.856381578948": 1,
    "5596.222138157894": 1,
    "5940.134791666666": 1,
    "5958.305927419355": 1,
    "5984.3944866071415": 1,
    "6001.293642857143": 1,
    "6405.339553571428": 1,
    "6405.775555555555": 1,
    "6413.187589285713": 1,
    "6450.465758928571": 1,
    "6453.820161290322": 1,
    "6470.739851190476": 1,
    "6503.542142857143": 1,
    "6503.620714285714": 1,
    "6503.636428571428": 1,
    "32203.012580645165": 1
  },
  "source": {
    "analyze": "light",
    "fontface": "Consolas-Regular",
    "fontsize": 14,
    "language": "c",
    "theme": "Visual Studio C/C++"
  },
  "average": 7753.733958628562,
  "diff65": 19.288214748131715
}
