{
  "colors": {
    "#000000": 3015,
    "#0000ff": 1186,
    "#808080": 257,
    "#008000": 223,
    "#a31515": 122,
    "#bd63c5": 8,
    "#09885a": 2
  },
  "cccts": {
    "6503.44": 11549,
    "0.0": 6194,
    "6503.481904761904": 3486,
    "6503.5085714285715": 3352,
    "6503.500952380951": 2784,
    "6503.487619047619": 1849,
    "6503.504761904761": 1673,
    "6503.5257142857145": 1563,
    "6503.459047619048": 1493,
    "6469.194025974026": 1273,
    "6503.514285714285": 1271,
    "13247.878095238095": 1050,
    "17539.79324675325": 960,
    "6482.511904761904": 803,
    "14167.5741991342": 789,
    "16313.531774891775": 785,
    "6503.493333333333": 767,
    "6503.4971428571425": 736,
    "6503.466666666666": 733,
    "6503.529523809523": 732,
    "6472.999134199134": 669,
    "6503.451428571428": 559,
    "6503.5485714285705": 552,
    "6503.470476190476": 470,
    "15087.270303030306": 466,
    "6458.729978354977": 444,
    "6479.658073593073": 438,
    "6466.340194805193": 417,
    "6471.09658008658": 411,
    "6503.531428571428": 402,
    "6503.523809523809": 396,
    "6503.51619047619": 385,
    "18459.48935064935": 360,
    "6503.502857142857": 333,
    "6503.4914285714285": 328,
    "6476.804242424242": 299,
    "6082.058441558442": 297,
    "6477.755519480519": 257,
    "6503.518095238095": 255,
    "6503.489523809523": 253,
    "6339.569393939393": 218,
    "20912.012294372293": 210,
    "6503.506666666667": 207,
    "6245.929047619047": 201,
    "6503.499047619047": 194,
    "6503.521904761905": 193,
    "16926.662510822513": 191,
    "6503.539047619048": 185,
    "6503.495238095237": 181,
    "6503.527619047619": 165,
    "6503.546666666666": 162,
    "6460.632532467533": 144,
    "6128.878614718615": 142,
    "6046.943311688311": 126,
    "6210.813917748917": 125,
    "6481.560627705628": 124,
    "6449.217207792207": 119,
    "5953.302965367965": 109,
    "6463.486363636363": 109,
    "15393.835670995672": 106,
    "6503.4857142857145": 105,
    "6457.778701298701": 99,
    "6503.453333333333": 97,
    "6496.78106060606": 96,
    "6105.468528138528": 95,
    "6503.535238095237": 95,
    "6503.512380952381": 90,
    "6461.583809523809": 89,
    "6503.510476190476": 84,
    "6503.483809523808": 76,
    "6493.9272294372295": 70,
    "6175.698787878788": 67,
    "6472.047857142857": 66,
    "5976.713051948052": 63,
    "6503.5199999999995": 62,
    "6409.799653679654": 61,
    "5836.252532467533": 57,
    "6475.852965367965": 57,
    "6490.12212121212": 57,
    "6503.478095238095": 48,
    "6497.732337662337": 42,
    "16620.097142857143": 40,
    "19992.31619047619": 40,
    "6503.5371428571425": 39,
    "6473.950411255411": 38,
    "14474.139567099568": 37,
    "5941.597922077922": 32,
    "6453.973593073592": 32,
    "23977.665974025975": 32,
    "19379.185454545455": 31,
    "17846.358614718618": 29,
    "22444.839134199137": 29,
    "6421.504696969697": 28,
    "6474.901688311687": 27,
    "6495.829783549783": 27,
    "6433.209740259739": 26,
    "9569.09367965368": 26,
    "6465.388917748917": 24,
    "6742.773549783549": 24,
    "21218.577662337662": 22,
    "7436.840844155844": 21,
    "6468.242748917749": 20,
    "7460.774199134198": 18,
    "5988.418095238096": 15,
    "6464.43764069264": 15,
    "7341.107424242424": 15,
    "7484.707554112553": 15,
    "6462.5350865800865": 14,
    "6117.173571428571": 13,
    "6011.828181818181": 12,
    "6470.145303030303": 12,
    "6163.993744588744": 11,
    "6386.389567099567": 11,
    "7173.573939393939": 11,
    "6459.681255411256": 10,
    "7293.240714285715": 10,
    "6023.5332251082245": 9,
    "7197.507294372294": 9,
    "7317.174069264069": 9,
    "5894.777748917749": 8,
    "7747.974458874459": 8,
    "6035.238268398268": 7,
    "6455.876147186147": 7,
    "7532.574264069264": 7,
    "6070.353398268398": 6,
    "6152.2887012987": 6,
    "6480.60935064935": 6,
    "7388.974134199134": 6,
    "5965.008008658009": 5,
    "6140.583658008657": 5,
    "6478.706796536797": 4,
    "7245.374004329004": 4,
    "7556.507619047619": 4,
    "6316.159307359307": 3,
    "6454.92487012987": 3,
    "7700.107748917749": 3,
    "7724.041103896104": 3,
    "6093.763484848485": 2,
    "6631.318008658009": 2,
    "7412.90748917749": 2,
    "7604.3743290043285": 2,
    "13554.443463203463": 2,
    "18766.05471861472": 2,
    "5906.482792207792": 1,
    "6000.123138528138": 1,
    "6187.403831168831": 1,
    "6269.339134199135": 1,
    "6450.168484848485": 1,
    "6488.219567099567": 1,
    "20298.88155844156": 1
  },
  "source": {
    "analyze": "light",
    "fontface": "Consolas-Regular",
    "fontsize": 14,
    "language": "c",
    "theme": "Visual Studio C/C++"
  },
  "average": 6645.328254552178,
  "diff65": 2.2358193008027367
}
