{
  "colors": {
    "#000000": 3015,
    "#0000ff": 1186,
    "#808080": 257,
    "#008000": 223,
    "#a31515": 122,
    "#bd63c5": 8,
    "#09885a": 2
  },
  "cccts": {
    "6503.44": 11211,
    "0.0": 6194,
    "6503.51111111111": 3872,
    "6503.524444444445": 3200,
    "6503.5199999999995": 2418,
    "17948.54707070707": 2060,
    "6503.506666666667": 1943,
    "6503.546666666665": 1940,
    "6503.497777777777": 1714,
    "6467.925656565655": 1557,
    "6503.488888888889": 1495,
    "6503.471111111111": 1493,
    "6461.266717171718": 1103,
    "6503.502222222222": 1017,
    "6503.484444444444": 980,
    "6463.486363636363": 949,
    "6503.537777777778": 919,
    "19379.18545454546": 789,
    "6503.573333333334": 744,
    "6503.533333333333": 743,
    "6503.466666666666": 733,
    "6503.457777777778": 656,
    "20094.504646464648": 643,
    "6503.515555555555": 632,
    "6474.584595959596": 560,
    "17233.22787878788": 541,
    "15802.589494949496": 533,
    "6503.542222222221": 465,
    "6470.145303030303": 426,
    "6454.607777777777": 408,
    "6503.4400000000005": 338,
    "6066.451717171717": 323,
    "6503.528888888887": 287,
    "5984.516414141414": 277,
    "18663.866262626267": 256,
    "6503.493333333333": 207,
    "6284.945858585857": 200,
    "6503.5599999999995": 199,
    "6503.555555555556": 193,
    "6011.828181818181": 191,
    "6465.706010101009": 189,
    "6450.168484848484": 172,
    "22240.46222222222": 171,
    "6503.582222222222": 162,
    "6503.6": 150,
    "6494.5614141414135": 138,
    "6481.243535353536": 129,
    "6436.850606060606": 122,
    "6093.763484848484": 115,
    "5902.581111111112": 111,
    "6503.479999999999": 105,
    "6148.38702020202": 94,
    "6452.388131313131": 94,
    "6459.04707070707": 88,
    "6487.902474747474": 70,
    "5847.957575757575": 68,
    "6456.827424242423": 66,
    "6421.504696969695": 61,
    "15087.270303030304": 58,
    "6472.3649494949495": 57,
    "6394.192929292929": 54,
    "6039.139949494949": 48,
    "6503.564444444444": 47,
    "6490.122121212121": 43,
    "5766.022272727272": 41,
    "6503.551111111111": 40,
    "7676.174393939393": 40,
    "22955.781414141416": 40,
    "6203.010555555556": 32,
    "27963.01575757576": 32,
    "5929.892878787878": 31,
    "6479.023888888889": 29,
    "25817.058181818185": 29,
    "32254.930909090916": 29,
    "5684.086969696969": 27,
    "6496.78106060606": 27,
    "11510.674343434344": 26,
    "6894.3514646464655": 24,
    "7452.796414141414": 22,
    "6339.569393939394": 18,
    "7843.707878787878": 18,
    "6443.509545454545": 16,
    "5875.269343434344": 15,
    "5957.2046464646455": 14,
    "6439.070252525252": 14,
    "6445.729191919191": 14,
    "6485.682828282828": 14,
    "8178.774848484848": 14,
    "6312.257626262626": 11,
    "6121.075252525252": 10,
    "6423.532727272727": 10,
    "6447.948838383838": 9,
    "6476.804242424241": 9,
    "7173.573939393939": 9,
    "7620.3298989898985": 8,
    "8011.2413636363635": 8,
    "6230.3223232323235": 7,
    "7787.863383838384": 7,
    "7955.396868686869": 7,
    "6175.698787878787": 6,
    "6483.4631818181815": 6,
    "7899.552373737373": 6,
    "5520.216363636364": 5,
    "6441.2898989898995": 4,
    "8067.085858585859": 4,
    "5820.645808080808": 2,
    "6678.577272727273": 2,
    "7285.26292929293": 2,
    "8513.84181818182": 2,
    "5711.398737373737": 1,
    "5738.710505050505": 1,
    "5793.33404040404": 1,
    "6432.411313131312": 1,
    "6503.568888888888": 1,
    "23671.100606060605": 1
  },
  "source": {
    "analyze": "light",
    "fontface": "Consolas-Regular",
    "fontsize": 14,
    "language": "c",
    "theme": "Visual Studio C/C++"
  },
  "average": 6872.458510722596,
  "diff65": 5.730130934193781,
  "cctbg": 6503.44
}
