{
  "colors": {
    "#000000": 2080,
    "#0000ff": 1166,
    "#808080": 257,
    "#008000": 223,
    "#a31515": 122,
    "#bd63c5": 8,
    "#09885a": 2
  },
  "cccts": {
    "3252.16": 3680,
    "2168.1066666666666": 2077,
    "2814.369230769231": 1563,
    "1375.9138461538462": 1528,
    "4065.2": 1493,
    "1535.7422222222222": 1388,
    "2258.4444444444443": 1388,
    "3031.975": 1205,
    "3523.1733333333327": 1039,
    "74068.32": 960,
    "1897.0933333333335": 954,
    "1490.5733333333333": 890,
    "49378.880000000005": 805,
    "1355.0666666666666": 736,
    "1445.4044444444444": 736,
    "2939.4523076923074": 732,
    "2021.3166666666666": 695,
    "1987.4311111111112": 689,
    "2529.4577777777777": 640,
    "1282.7586538461537": 599,
    "31336.596923076926": 576,
    "4878.24": 559,
    "1782.4338461538462": 552,
    "51436.333333333336": 533,
    "1788.688": 510,
    "45263.97333333334": 474,
    "57608.693333333336": 466,
    "2740.4389423076923": 444,
    "2642.38": 416,
    "3284.639583333333": 409,
    "781.7692307692307": 394,
    "80240.68000000001": 389,
    "1431.7659722222222": 385,
    "2890.8088888888888": 373,
    "1626.08": 340,
    "2744.0099999999998": 326,
    "2710.133333333333": 309,
    "2105.5381944444443": 304,
    "547.855": 288,
    "2358.2027777777776": 286,
    "2751.8276923076924": 265,
    "1768.6520833333334": 257,
    "2558.22890625": 256,
    "17804.884615384617": 256,
    "2777.8866666666663": 255,
    "2235.8599999999997": 254,
    "66946.36615384616": 210,
    "2371.3666666666663": 207,
    "1243.4729411764704": 204,
    "479.373125": 200,
    "1852.8736111111111": 198,
    "1456.6966666666667": 193,
    "34976.70666666667": 191,
    "1050.1766666666667": 186,
    "1375.7276923076922": 168,
    "3251.72": 167,
    "1558.3266666666666": 164,
    "1751.1630769230767": 162,
    "365.2366666666667": 146,
    "2623.824519230769": 144,
    "728.8401442307693": 131,
    "593.5095833333334": 124,
    "1162.2570833333334": 124,
    "1661.755528846154": 119,
    "231.7848076923077": 117,
    "2167.813333333333": 115,
    "1125.7476923076922": 110,
    "495.1766346153846": 109,
    "1500.9969230769232": 105,
    "1964.8466666666664": 99,
    "1535.5344444444443": 97,
    "1693.8333333333335": 94,
    "380.4548611111111": 93,
    "258.70930555555555": 91,
    "1309.8977777777777": 82,
    "2303.6133333333332": 81,
    "2063.870769230769": 79,
    "2565.5173076923074": 79,
    "1099.995294117647": 76,
    "1913.035294117647": 76,
    "2813.9884615384613": 75,
    "3789.96875": 70,
    "1049.5298076923077": 69,
    "1264.7288888888888": 65,
    "273.9275": 62,
    "474.1052884615385": 61,
    "1129.2222222222222": 60,
    "44749.61": 58,
    "300.2666826923077": 57,
    "2506.8733333333334": 57,
    "426.1094444444445": 56,
    "3522.6966666666663": 56,
    "2939.0546153846153": 55,
    "319.58208333333334": 54,
    "334.8002777777778": 54,
    "1221.2121527777779": 49,
    "2348.782222222222": 49,
    "2529.1155555555556": 49,
    "29833.073333333337": 48,
    "2695.0888888888885": 46,
    "1987.1622222222222": 45,
    "4547.9625": 42,
    "781.6634615384615": 41,
    "47004.89538461539": 40,
    "62673.19384615385": 40,
    "1727.71": 39,
    "53493.786666666674": 37,
    "1782.1926923076924": 36,
    "1924.1379807692306": 33,
    "2084.4828125": 33,
    "1219.56": 32,
    "40595.136923076934": 32,
    "131.69591346153848": 31,
    "43206.520000000004": 31,
    "1524.2437499999999": 29,
    "57094.33000000001": 29,
    "979.0752604166667": 28,
    "1263.3229166666667": 27,
    "1347.5444444444443": 27,
    "1515.9875": 27,
    "1769.5576470588232": 27,
    "2258.1388888888887": 27,
    "200.88016666666667": 26,
    "821.7825": 26,
    "2147.648958333333": 26,
    "2463.4796874999997": 26,
    "92585.40000000001": 26,
    "2526.6458333333335": 24,
    "10975.40625": 24,
    "486.9822222222222": 22,
    "7134.0140625": 21,
    "2751.4553846153844": 20,
    "7316.937500000001": 18,
    "2890.4177777777772": 17,
    "213.05472222222224": 15,
    "463.5696153846154": 15,
    "2589.8119791666663": 15,
    "6402.3203125": 15,
    "7499.860937500001": 15,
    "1358.0721354166667": 14,
    "1642.3197916666666": 14,
    "1649.7511029411762": 14,
    "2652.978125": 14,
    "189.64211538461538": 12,
    "1389.6552083333333": 12,
    "2210.8151041666665": 12,
    "4064.6499999999996": 12,
    "376.65031250000004": 11,
    "684.81875": 11,
    "5121.856250000001": 11,
    "1958.1505208333333": 10,
    "6036.473437500001": 10,
    "445.1321875": 9,
    "467.95947916666665": 9,
    "1452.8213541666667": 9,
    "5304.7796875": 9,
    "6219.396875000001": 9,
    "1831.8182291666665": 8,
    "2100.3533333333335": 8,
    "9512.01875": 8,
    "456.54583333333335": 7,
    "1563.5384615384614": 7,
    "3932.8539062500004": 7,
    "220.66381944444447": 6,
    "228.27291666666667": 6,
    "243.4911111111111": 6,
    "1399.373076923077": 6,
    "1579.1536458333335": 6,
    "2337.1473958333336": 6,
    "6768.167187500001": 6,
    "262.5138541666667": 5,
    "330.99572916666665": 5,
    "1125.5953846153845": 5,
    "2348.4644444444443": 5,
    "301.32025000000004": 4,
    "388.06395833333335": 4,
    "422.3048958333334": 4,
    "1179.1013888888888": 4,
    "1667.58625": 4,
    "2189.759722222222": 4,
    "4024.315625": 4,
    "176.9115104166667": 3,
    "1309.7205555555556": 3,
    "1610.73671875": 3,
    "4573.085937500001": 3,
    "4664.547656250001": 3,
    "256.80703125": 2,
    "298.09757352941176": 2,
    "347.6772115384615": 2,
    "353.8230208333334": 2,
    "399.47760416666665": 2,
    "1287.3133333333333": 2,
    "1457.6802884615386": 2,
    "1829.34": 2,
    "1865.8222916666666": 2,
    "2835.3132812500003": 2,
    "3475.5453125": 2,
    "4207.239062500001": 2,
    "5670.626562500001": 2,
    "25052.520000000004": 2,
    "43569.600000000006": 2,
    "65838.50666666667": 2,
    "237.40383333333335": 1,
    "245.3933854166667": 1,
    "263.39182692307696": 1,
    "436.571953125": 1,
    "462.25265625000003": 1,
    "1052.7690972222222": 1,
    "1632.601923076923": 1,
    "1705.4859374999999": 1,
    "1761.5866666666664": 1,
    "2063.591538461538": 1,
    "2905.6427083333333": 1,
    "3116.653333333333": 1,
    "3158.307291666667": 1,
    "3387.666666666667": 1,
    "64097.58461538462": 1
  },
  "source": {
    "analyze": "light",
    "fontface": "Consolas-Regular",
    "fontsize": 14,
    "language": "c",
    "theme": "Visual Studio C/C++"
  },
  "average": 8823.977336477608,
  "diff65": 35.753497484270895
}
