{
  "colors": {
    "#96e072": 1895,
    "#d5ced9": 105,
    "#c74ded": 10
  },
  "cccts": {
    "9799.61": 10526,
    "9461.808787878788": 7731,
    "0.0": 6194,
    "9398.471060606062": 5105,
    "9419.583636363637": 4328,
    "9482.921363636364": 3028,
    "9525.146515151515": 2833,
    "9292.908181818182": 2205,
    "9651.82196969697": 1627,
    "9335.133333333333": 1547,
    "9567.371666666668": 1532,
    "9440.696212121213": 1149,
    "9588.484242424243": 1114,
    "9504.033939393941": 1076,
    "9166.232727272727": 948,
    "9356.24590909091": 849,
    "9715.159696969698": 801,
    "9672.934545454546": 779,
    "9314.020757575758": 624,
    "9377.358484848484": 387,
    "9553.584141414141": 305,
    "9546.259090909092": 284,
    "9507.454292929295": 276,
    "9229.570454545454": 273,
    "9250.683030303031": 214,
    "9630.709393939394": 213,
    "9039.557272727274": 191,
    "9522.83090909091": 182,
    "9124.007575757576": 163,
    "9568.960757575758": 115,
    "9609.596818181817": 111,
    "9461.324444444446": 107,
    "9599.71398989899": 95,
    "9736.272272727274": 71,
    "9430.571212121213": 69,
    "9208.45787878788": 56,
    "9271.795606060607": 55,
    "9738.103535353535": 47,
    "9384.441363636364": 41,
    "9538.207525252526": 39,
    "9476.701060606061": 31,
    "20879.352222222224": 30,
    "9338.311515151514": 27,
    "9630.467222222222": 24,
    "20186.868333333336": 20,
    "9445.947828282828": 17,
    "9753.480151515154": 17,
    "9187.345303030304": 15,
    "9492.077676767678": 15,
    "9707.350303030304": 15,
    "9584.337373737375": 10,
    "22956.803888888895": 10,
    "25034.25555555556": 10,
    "28496.675000000003": 10,
    "9691.973686868687": 9,
    "9246.051818181819": 5,
    "9615.090606060607": 5,
    "9415.194595959596": 2,
    "9645.843838383838": 2,
    "9353.68813131313": 1,
    "9399.817979797981": 1
  },
  "source": {
    "analyze": "dark",
    "fontface": "Consolas-Regular",
    "fontsize": 14,
    "language": "c",
    "theme": "Andromeda"
  },
  "average": 8516.556704240578,
  "diff65": 31.023949296008894
}
