{
  "colors": {
    "#96e072": 1895,
    "#d5ced9": 105,
    "#c74ded": 10
  },
  "cccts": {
    "9799.61": 10526,
    "0.0": 6194,
    "9473.873116883116": 5736,
    "9600.548571428571": 5540,
    "9510.066103896104": 4358,
    "9573.403831168831": 3152,
    "9491.96961038961": 2380,
    "9446.728376623376": 2123,
    "9392.438896103897": 1801,
    "9709.127532467533": 1627,
    "9546.25909090909": 1594,
    "9374.342402597404": 1442,
    "9672.934545454547": 992,
    "9528.162597402597": 763,
    "9283.859935064935": 739,
    "9745.32051948052": 601,
    "9555.307337662338": 584,
    "9401.487142857144": 547,
    "9365.294155844156": 540,
    "9654.838051948052": 474,
    "9501.017857142857": 450,
    "9437.680129870132": 429,
    "9537.210844155845": 355,
    "9564.355584415585": 299,
    "9562.37077922078": 298,
    "9428.631883116883": 285,
    "9329.10116883117": 254,
    "9519.11435064935": 236,
    "9482.921363636364": 234,
    "9410.535389610392": 214,
    "9419.583636363637": 202,
    "9591.500324675326": 202,
    "9736.272272727272": 200,
    "9654.630476190478": 183,
    "9383.390649350651": 179,
    "9292.908181818182": 163,
    "9464.824870129873": 140,
    "9588.730692640693": 138,
    "9542.600844155844": 118,
    "9634.860541125541": 117,
    "9582.452077922078": 111,
    "9347.197662337663": 105,
    "9489.881017316018": 98,
    "9575.550735930738": 96,
    "9455.776623376623": 92,
    "9727.224025974027": 71,
    "9615.090606060607": 65,
    "9503.060974025973": 64,
    "9423.981233766233": 57,
    "9618.645064935066": 49,
    "9338.149415584416": 46,
    "9483.291038961039": 31,
    "16328.74380952381": 30,
    "9760.070129870131": 26,
    "9753.480151515152": 21,
    "20483.647142857142": 20,
    "9509.650952380953": 17,
    "9746.890173160175": 17,
    "9707.350303030302": 15,
    "9582.140714285715": 13,
    "9522.83090909091": 12,
    "9608.500627705627": 12,
    "21373.983571428573": 10,
    "23154.656428571427": 10,
    "23748.21404761905": 10,
    "9529.420887445887": 9,
    "9733.71021645022": 9,
    "9456.931125541125": 8,
    "9536.010865800867": 7,
    "9601.910649350652": 6,
    "9496.470995670998": 5,
    "9555.780800865801": 5,
    "9595.320670995672": 5,
    "9568.960757575758": 2,
    "9621.680584415586": 2,
    "9516.240930735932": 1
  },
  "source": {
    "analyze": "dark",
    "fontface": "Consolas-Regular",
    "fontsize": 14,
    "language": "c",
    "theme": "Andromeda"
  },
  "average": 8560.462936500291,
  "diff65": 31.69942979231217
}
