{
  "colors": {
    "#96e072": 1895,
    "#d5ced9": 105,
    "#c74ded": 10
  },
  "cccts": {
    "9799.61": 10526,
    "0.0": 6194,
    "8903.833571428571": 5521,
    "9202.425714285715": 3696,
    "9428.777822580647": 2856,
    "9177.543035714285": 2252,
    "9376.604464285714": 2060,
    "8829.185535714287": 1899,
    "9041.089637096775": 1782,
    "8493.269375": 1627,
    "9102.895": 1443,
    "9007.377620967742": 1442,
    "9252.191071428571": 1399,
    "9277.07375": 1136,
    "9389.04580357143": 906,
    "9588.90989919355": 830,
    "9401.487142857144": 763,
    "9426.369821428572": 763,
    "9319.21377016129": 739,
    "8232.001250000001": 601,
    "9057.058486842105": 581,
    "9320.618437500001": 516,
    "8870.656666666668": 474,
    "9071.791651785714": 463,
    "9003.364285714286": 439,
    "9057.94564516129": 402,
    "9053.129642857144": 351,
    "9183.763705357143": 297,
    "9034.46763392857": 285,
    "9147.202142857142": 285,
    "9146.4396875": 234,
    "9510.348861607143": 216,
    "9398.376808035715": 214,
    "8986.775833333333": 213,
    "9355.4541875": 204,
    "9459.9614375": 204,
    "9277.073750000001": 202,
    "9496.20185483871": 183,
    "9438.811160714286": 181,
    "9370.383794642858": 177,
    "9258.41174107143": 174,
    "9327.64177419355": 163,
    "9243.361733870968": 153,
    "9456.229035714285": 124,
    "9092.834821428572": 116,
    "9165.101696428572": 116,
    "9529.527177419355": 112,
    "9364.671428571428": 111,
    "9395.065806451614": 111,
    "9333.059776785714": 103,
    "9109.115669642857": 98,
    "9222.614879032259": 98,
    "9152.660357142859": 95,
    "9346.548988095237": 93,
    "9491.528511904762": 92,
    "9358.357166666668": 88,
    "9499.15165625": 78,
    "9451.2525": 72,
    "9335.133333333335": 71,
    "9247.167862903225": 62,
    "9488.576517857142": 61,
    "9449.72997983871": 57,
    "9292.181666666667": 54,
    "9400.91630952381": 51,
    "9364.163125000001": 49,
    "9419.038750000002": 47,
    "9323.728772321429": 45,
    "9316.263968750001": 42,
    "9463.693839285714": 32,
    "9364.67142857143": 31,
    "8657.89625": 26,
    "9646.153850806453": 23,
    "9219.691904761905": 21,
    "9221.087723214287": 20,
    "21962.754435483872": 20,
    "39180.71214285715": 20,
    "9379.714799107143": 19,
    "9560.393785714286": 18,
    "9259.44435483871": 17,
    "9461.324444444444": 17,
    "9314.397767857143": 15,
    "9578.633145161291": 13,
    "9545.895833333334": 12,
    "9351.079598214286": 11,
    "23572.00162946429": 10,
    "27754.72797619048": 10,
    "35784.50947580645": 10,
    "41629.13732142858": 10,
    "8848.181875": 9,
    "9242.344955357143": 9,
    "9269.52861607143": 9,
    "9378.209798387097": 9,
    "9471.158642857145": 8,
    "9255.936785714288": 7,
    "9536.834613095238": 7,
    "9509.650952380953": 6,
    "9527.773392857143": 6,
    "9405.446919642858": 5,
    "9486.997901785715": 5,
    "9296.712276785714": 4,
    "9337.487767857145": 4,
    "9445.031830357142": 4,
    "9295.735758928571": 3,
    "9588.936629464286": 3,
    "8866.50955357143": 2,
    "8941.157589285714": 2,
    "9258.79822368421": 2,
    "9323.8959375": 2,
    "9378.263258928573": 2,
    "9394.485766129032": 2,
    "9450.753020833334": 2,
    "9493.793816964286": 2,
    "9098.31134868421": 1,
    "9447.581593750001": 1,
    "9492.697701612904": 1,
    "9507.38564732143": 1,
    "9516.899928571429": 1
  },
  "source": {
    "analyze": "dark",
    "fontface": "Consolas-Regular",
    "fontsize": 14,
    "language": "c",
    "theme": "Andromeda"
  },
  "average": 8305.822433593523,
  "diff65": 27.781883593746507
}
