{
  "colors": {
    "#96e072": 1895,
    "#d5ced9": 96,
    "#c74ded": 10
  },
  "cccts": {
    "2809.66": 5995,
    "1873.1066666666666": 3696,
    "1188.7023076923076": 2856,
    "1951.1527777777776": 2252,
    "1326.783888888889": 2060,
    "3043.798333333333": 1899,
    "2431.4365384615385": 1782,
    "3512.075": 1627,
    "2185.291111111111": 1443,
    "2539.5003846153845": 1442,
    "1717.0144444444445": 1399,
    "1638.9683333333332": 1260,
    "1287.7608333333333": 906,
    "675.3990384615385": 830,
    "1170.6916666666666": 763,
    "1248.7377777777776": 763,
    "1539.9098076923078": 739,
    "4214.49": 601,
    "2370.6506249999998": 581,
    "1545.313": 516,
    "2282.84875": 463,
    "2497.4755555555553": 439,
    "1404.83": 412,
    "2377.404615384615": 402,
    "2341.383333333333": 351,
    "1931.64125": 297,
    "2399.9179166666663": 285,
    "3377.52": 285,
    "2048.7104166666663": 234,
    "907.2860416666666": 216,
    "1258.4935416666667": 214,
    "2458.4525": 213,
    "1074.2817647058823": 204,
    "972.5746153846153": 183,
    "1131.668611111111": 181,
    "1346.2954166666666": 177,
    "1697.5029166666666": 174,
    "1512.893846153846": 163,
    "1783.0534615384613": 153,
    "2251.68": 142,
    "1077.0363333333335": 124,
    "1990.1758333333332": 116,
    "3658.9799999999996": 116,
    "1428.9507692307693": 112,
    "1296.7661538461539": 111,
    "1463.3645833333333": 103,
    "2165.7795833333334": 98,
    "3052.7584615384617": 98,
    "2029.1988888888889": 95,
    "2345.5": 93,
    "1594.94": 92,
    "950.3261764705883": 78,
    "1652.7411764705882": 78,
    "1092.6455555555556": 72,
    "2922.8538461538465": 62,
    "975.5763888888888": 61,
    "1851.1407692307694": 57,
    "2626.96": 54,
    "2064.04": 51,
    "1970.22": 47,
    "1492.631875": 45,
    "1528.785588235294": 42,
    "1053.6225": 32,
    "5066.28": 26,
    "811.9038461538462": 23,
    "3002.24": 21,
    "1814.5720833333332": 20,
    "31077.41576923077": 20,
    "73455.71": 20,
    "1317.0281249999998": 19,
    "1238.424": 18,
    "1688.76": 17,
    "2857.9015384615386": 17,
    "1521.8991666666666": 15,
    "1169.1415384615384": 13,
    "1313.48": 12,
    "2322.045": 11,
    "34432.364062500004": 10,
    "44889.60055555556": 10,
    "66392.66096153847": 10,
    "79577.01916666667": 10,
    "1350.798076923077": 9,
    "2744.235": 9,
    "2884.9649999999997": 9,
    "4221.9": 9,
    "1030.2086666666664": 8,
    "1360.39": 7,
    "2814.6": 7,
    "1407.3": 6,
    "1501.12": 6,
    "1618.395": 5,
    "2040.5849999999998": 5,
    "1112.1570833333333": 4,
    "2392.4100000000003": 4,
    "2603.505": 4,
    "1090.6575": 3,
    "1580.43375": 3,
    "1583.2125": 2,
    "1857.6360000000002": 2,
    "2143.4261538461537": 2,
    "2181.315": 2,
    "2462.7749999999996": 2,
    "2692.590833333333": 2,
    "2849.7825": 2,
    "2926.7291666666665": 2,
    "1463.592": 1,
    "1512.8475": 1,
    "1623.8076923076924": 1,
    "1837.7682352941174": 1,
    "2238.9478125": 1
  },
  "source": {
    "analyze": "dark",
    "fontface": "Consolas-Regular",
    "fontsize": 14,
    "language": "c",
    "theme": "Andromeda"
  },
  "average": 2190.8117778768305,
  "diff65": -66.29520341727954
}
