{
  "colors": {
    "#383a42": 5568,
    "#a626a4": 2313,
    "#e45649": 1070,
    "#4078f2": 421,
    "#986801": 301,
    "#a0a1a7": 223,
    "#50a14f": 174,
    "#0184bc": 39
  },
  "cccts": {
    "6503.44": 10526,
    "0.0": 6194,
    "6592.657142857142": 2351,
    "6633.210389610389": 1592,
    "6649.431688311688": 1376,
    "6537.7070129870135": 1273,
    "13001.68476190476": 1137,
    "191484.43662337662": 1095,
    "17136.931428571428": 1002,
    "6118.283636363636": 984,
    "6641.3210389610385": 966,
    "13887.809047619046": 876,
    "6524.380952380951": 803,
    "15955.432380952381": 785,
    "6161.078787878788": 778,
    "6604.823116883116": 752,
    "6625.0997402597395": 736,
    "6560.214545454544": 726,
    "6661.597662337662": 708,
    "119547.38238095239": 689,
    "6543.993246753246": 676,
    "6685.92961038961": 671,
    "6533.899567099566": 669,
    "134962.46543290044": 601,
    "57887.05017316017": 575,
    "6021.994545454545": 574,
    "6268.066666666667": 556,
    "170930.99255411257": 499,
    "6139.6812121212115": 481,
    "6527.771948051947": 474,
    "11229.43619047619": 470,
    "14773.933333333332": 469,
    "6235.970303030303": 460,
    "6548.1774891774885": 444,
    "6527.236536796537": 438,
    "6540.562597402596": 417,
    "6535.803290043289": 411,
    "6616.989090909091": 396,
    "237729.68577922077": 393,
    "18023.05571428571": 379,
    "6665.652987012986": 373,
    "6086.187272727272": 361,
    "181207.71458874457": 329,
    "14478.55857142857": 326,
    "6734.593506493506": 305,
    "6530.092121212121": 299,
    "6474.239480519481": 295,
    "6681.874285714285": 294,
    "6694.040259740259": 266,
    "6396.452121212121": 263,
    "6000.59696969697": 261,
    "6529.140259740259": 257,
    "206899.51967532467": 257,
    "6669.708311688311": 254,
    "6203.873939393939": 240,
    "6608.878441558441": 238,
    "20386.053809523808": 234,
    "248006.4078138528": 222,
    "6492.084242424241": 218,
    "6645.376363636364": 194,
    "16546.181904761903": 191,
    "6629.155064935064": 189,
    "6677.818961038961": 189,
    "150377.54848484846": 188,
    "6485.595238095237": 174,
    "6714.316883116883": 170,
    "5989.898181818181": 169,
    "23044.426666666666": 162,
    "6119.156796536797": 145,
    "6546.273766233766": 144,
    "5893.609090909091": 142,
    "6477.483982683982": 142,
    "253144.7688311688": 137,
    "6621.044415584415": 131,
    "299390.0179870129": 128,
    "6483.161861471861": 125,
    "6525.332813852813": 124,
    "6557.6961038961035": 119,
    "6227.7585714285715": 115,
    "6543.418181818181": 109,
    "6471.806103896102": 107,
    "13592.434285714286": 105,
    "6465.317099567099": 100,
    "6549.12935064935": 99,
    "6698.095584415583": 98,
    "6531.827272727272": 97,
    "6510.103030303029": 96,
    "6475.861731601731": 95,
    "6637.265714285714": 91,
    "6706.206233766234": 91,
    "6545.321904761904": 89,
    "17727.680952380953": 88,
    "8275.68857142857": 85,
    "6596.712467532467": 76,
    "176069.3535714286": 75,
    "6032.693333333333": 70,
    "6512.958614718615": 70,
    "6534.851428571428": 66,
    "6150.379999999999": 65,
    "6466.939350649351": 61,
    "6496.950995670995": 61,
    "6653.487012987013": 60,
    "6261.174502164502": 58,
    "6516.766060606059": 57,
    "6531.043982683982": 57,
    "6480.728484848485": 51,
    "12410.935238095239": 48,
    "15069.308095238095": 48,
    "232591.32476190478": 48,
    "6509.151168831168": 42,
    "13110.212857142857": 42,
    "16250.807142857142": 40,
    "19499.929523809522": 40,
    "6710.261558441558": 39,
    "6532.947705627706": 38,
    "14183.183809523809": 37,
    "155515.9095021645": 36,
    "6464.505974025974": 32,
    "6552.9367965367965": 32,
    "23339.801428571427": 32,
    "16113.29142857143": 31,
    "18909.18": 31,
    "19795.304285714286": 30,
    "6027.262987012986": 29,
    "6069.0329004329": 29,
    "6194.34264069264": 29,
    "6457.205844155843": 28,
    "6497.76212121212": 28,
    "186346.0756060606": 28,
    "6511.054891774891": 27,
    "6531.995844155843": 27,
    "17314.52285714286": 27,
    "6193.175151515151": 26,
    "6498.573246753246": 26,
    "9457.187619047618": 26,
    "212037.88069264067": 26,
    "6054.090909090909": 25,
    "196622.79764069265": 25,
    "6541.514458874458": 24,
    "6689.984935064936": 23,
    "222314.60272727272": 23,
    "273698.2129004329": 23,
    "20681.428571428572": 22,
    "18215.446428571428": 21,
    "6538.658874458874": 20,
    "6225.271515151515": 17,
    "14011.13642857143": 17,
    "6269.528484848485": 16,
    "217176.2417099567": 16,
    "6467.750476190476": 15,
    "6542.466320346321": 15,
    "9506.51857142857": 15,
    "6544.370043290043": 14,
    "6673.763636363636": 14,
    "20617.909285714286": 14,
    "20918.217142857142": 14,
    "23620.98785714286": 13,
    "6469.3727272727265": 12,
    "6536.755151515151": 12,
    "6476.672857142857": 11,
    "6479.917359307359": 11,
    "6495.3287445887445": 11,
    "227452.96374458875": 11,
    "6547.2256277056285": 10,
    "6110.8028138528125": 9,
    "6470.183852813852": 9,
    "6135.8647619047615": 8,
    "6461.261471861471": 8,
    "6470.994978354977": 7,
    "6551.033073593073": 7,
    "10638.686666666665": 7,
    "263421.4908658009": 7,
    "6473.428354978355": 6,
    "6479.106233766233": 6,
    "6526.284675324674": 6,
    "6107.584848484849": 5,
    "6244.466536796536": 5,
    "6478.2951082251075": 5,
    "6169.280692640692": 4,
    "6528.1883982683985": 4,
    "165792.6315367965": 4,
    "6490.461991341991": 3,
    "6551.984935064936": 3,
    "16713.90714285714": 3,
    "20317.601428571426": 3,
    "140100.82645021644": 3,
    "242868.0467965368": 3,
    "268559.8518831169": 3,
    "6127.510779220779": 2,
    "6202.696623376623": 2,
    "6277.882467532467": 2,
    "6475.050606060606": 2,
    "6657.542337662338": 2,
    "13297.059523809523": 2,
    "18318.430476190475": 2,
    "201761.15865800864": 2,
    "6177.634675324674": 1,
    "6319.65238095238": 1,
    "6462.072597402597": 1,
    "6468.5616017316015": 1,
    "6481.53961038961": 1,
    "6487.217489177489": 1,
    "6518.6697835497835": 1,
    "6556.744242424242": 1
  },
  "source": {
    "analyze": "light",
    "fontface": "Consolas-Regular",
    "fontsize": 14,
    "language": "c",
    "theme": "Atom One Light"
  },
  "average": 22252.656224877664,
  "diff65": 242.34855730581023
}
