{
  "colors": {
    "#383a42": 5568,
    "#a626a4": 2313,
    "#e45649": 1070,
    "#4078f2": 421,
    "#986801": 301,
    "#a0a1a7": 223,
    "#50a14f": 174,
    "#0184bc": 39
  },
  "cccts": {
    "6503.44": 10526,
    "0.0": 6194,
    "6904.9171428571435": 1302,
    "6597.674285714286": 1204,
    "515201.1807142857": 1074,
    "35745.54142857143": 1002,
    "6737.635": 965,
    "5444.259999999999": 932,
    "6687.450357142857": 874,
    "6669.642903225807": 860,
    "5797.32": 821,
    "25998.17428571428": 783,
    "6670.722142857142": 736,
    "6681.874285714285": 736,
    "6566.262857142857": 695,
    "6693.026428571428": 684,
    "6771.091428571429": 683,
    "7088.9275": 676,
    "6843.400483870967": 671,
    "18609.041129032255": 616,
    "6542.450967741935": 599,
    "748354.311875": 575,
    "5606.553709677419": 574,
    "6782.243571428571": 554,
    "345635.26714285713": 547,
    "26810.45488095238": 533,
    "24373.613095238095": 485,
    "359765.7599404762": 482,
    "6003.271666666666": 481,
    "6718.118750000001": 474,
    "7206.025": 474,
    "36828.58222222222": 470,
    "29247.296666666665": 469,
    "6586.781612903225": 444,
    "217093.36491935485": 419,
    "6829.640178571428": 407,
    "437255.55915322574": 393,
    "6605.527142857141": 391,
    "6547.939523809523": 385,
    "38182.383214285706": 379,
    "6064.9622580645155": 375,
    "5767.898333333333": 366,
    "5355.995": 361,
    "30743.60302631579": 326,
    "246721.81755952377": 317,
    "6718.748306451612": 305,
    "6568.880476190476": 304,
    "6938.37357142857": 301,
    "6838.004285714285": 297,
    "6576.733333333333": 286,
    "6423.138571428572": 283,
    "13381.622459677417": 276,
    "6815.700000000001": 272,
    "317374.2815476191": 270,
    "6858.509838709677": 266,
    "4958.8025": 263,
    "5566.6920967741935": 261,
    "6748.7871428571425": 258,
    "6581.555263157895": 256,
    "6846.368392857143": 254,
    "557592.6591071428": 251,
    "5679.633333333333": 240,
    "32365.406048387093": 234,
    "456400.09778225806": 222,
    "6655.666749999999": 204,
    "6702.505749999999": 204,
    "6430.573888888888": 200,
    "6561.027619047619": 198,
    "6597.873467741935": 198,
    "6796.183749999999": 194,
    "20312.210119047617": 191,
    "6683.268303571428": 189,
    "6633.0836607142855": 186,
    "5856.163333333333": 181,
    "6835.845806451613": 179,
    "402157.2383333333": 174,
    "6860.308571428571": 173,
    "6938.373571428571": 169,
    "21910.568709677416": 162,
    "6558.410000000001": 148,
    "6449.905714285714": 146,
    "6107.147946428571": 145,
    "6583.235161290322": 144,
    "5935.412016129032": 142,
    "6525.6053225806445": 131,
    "279313.11546370963": 128,
    "5561.946666666666": 126,
    "6539.563142857142": 124,
    "6553.97693548387": 119,
    "126156.80643145162": 119,
    "6470.19693548387": 116,
    "5934.847053571429": 115,
    "6558.409999999999": 109,
    "19709.550322580642": 105,
    "6432.420725806451": 100,
    "6416.4467857142845": 98,
    "6771.091428571428": 98,
    "6254.304919354839": 94,
    "6447.675119047619": 93,
    "6465.51988095238": 91,
    "6712.542678571428": 91,
    "6745.999107142857": 90,
    "458679.20952380955": 89,
    "20907.882555555552": 88,
    "57677.1175": 85,
    "6581.4619354838715": 79,
    "6787.819642857142": 78,
    "6638.102124999999": 76,
    "5626.484516129032": 70,
    "6640.865": 70,
    "6535.358064516129": 69,
    "6779.455535714286": 63,
    "6461.802222222222": 61,
    "16656.94744047619": 60,
    "6435.442822580644": 59,
    "6003.767410714286": 58,
    "6659.569999999999": 58,
    "6454.366904761904": 54,
    "6144.685483870968": 52,
    "356233.1367410715": 50,
    "6541.395476190476": 49,
    "18281.50863095238": 48,
    "20718.350416666664": 48,
    "6587.2038095238095": 46,
    "6812.911964285714": 45,
    "6639.424193548387": 44,
    "6456.597500000001": 42,
    "6668.349999999999": 42,
    "6665.146071428571": 41,
    "6440.983333333333": 40,
    "24661.841693548384": 40,
    "30714.642258064512": 40,
    "6716.724732142857": 39,
    "5775.253750000001": 38,
    "27622.735476190475": 37,
    "22139.841458333332": 36,
    "427683.2898387097": 36,
    "6793.395714285714": 34,
    "6561.956451612903": 33,
    "6568.226071428572": 33,
    "23561.332499999997": 33,
    "22185.696008064515": 32,
    "6484.551895161289": 31,
    "6653.993928571428": 30,
    "5607.475357142857": 29,
    "5865.926696428572": 29,
    "6059.904153225805": 29,
    "20210.675044642856": 29,
    "26323.75857142857": 29,
    "419820.35433035716": 29,
    "6460.375120967741": 28,
    "6533.869821428571": 28,
    "6752.744354838709": 28,
    "377428.8759375": 28,
    "5845.723387096774": 27,
    "6542.704285714285": 27,
    "6545.321904761904": 27,
    "6552.302222222222": 27,
    "36233.91785714286": 27,
    "6076.825833333332": 26,
    "6362.912499999999": 26,
    "6570.189285714286": 26,
    "6580.005357142857": 26,
    "17404.615214285714": 26,
    "49148.17124999999": 26,
    "430418.2239285714": 26,
    "5885.584999999999": 25,
    "322388.3273790323": 25,
    "6581.9685714285715": 24,
    "6695.814464285714": 23,
    "303243.78875": 23,
    "6432.060952380953": 22,
    "25998.17428571429": 22,
    "38711.45767857143": 21,
    "178804.28766129035": 19,
    "6605.527142857142": 18,
    "211395.58556547618": 18,
    "313841.6583482143": 18,
    "398624.6151339286": 18,
    "5738.4766666666665": 17,
    "5860.1833333333325": 16,
    "441016.09352678567": 16,
    "6436.953870967742": 15,
    "6472.211666666665": 15,
    "6583.931785714286": 15,
    "6720.070374999998": 15,
    "49860.386875000004": 15,
    "6545.649107142856": 14,
    "6554.287249999999": 14,
    "6554.483571428571": 14,
    "6588.948888888888": 14,
    "6737.634999999999": 14,
    "24672.06535714286": 14,
    "26323.758571428574": 14,
    "32797.33036290322": 14,
    "303243.78874999995": 14,
    "22447.60756048387": 13,
    "27149.60517857143": 13,
    "6456.597499999999": 12,
    "6476.241129032258": 12,
    "6546.630714285713": 12,
    "6572.152499999999": 12,
    "239656.57116071432": 12,
    "366831.00633928564": 12,
    "6386.33375": 11,
    "234357.63636160715": 11,
    "6564.299642857142": 10,
    "5771.994919354839": 9,
    "6434.849196428571": 9,
    "6438.195089285714": 9,
    "6448.232767857144": 9,
    "6548.5939285714285": 9,
    "6124.378035714285": 8,
    "6560.373214285713": 8,
    "6416.446785714285": 7,
    "6436.522142857143": 7,
    "17875.368333333332": 7,
    "20259.804919354836": 7,
    "280988.26259375": 7,
    "6467.750476190476": 6,
    "6469.98107142857": 6,
    "6471.096369047618": 6,
    "6545.997419354838": 6,
    "6552.5203571428565": 6,
    "6576.078928571428": 6,
    "271450.17995535716": 6,
    "5931.924125": 5,
    "5969.307232142856": 5,
    "6454.924553571428": 5,
    "5814.236428571428": 4,
    "6441.540982142857": 4,
    "6446.559821428571": 4,
    "6460.501041666666": 4,
    "6540.086666666665": 4,
    "6553.829166666666": 4,
    "6571.498095238095": 4,
    "13496.495947580646": 4,
    "6420.164444444444": 3,
    "6477.509330357143": 3,
    "6553.501964285714": 3,
    "6762.7273214285715": 3,
    "20542.83232142857": 3,
    "20749.293973214284": 3,
    "276749.1147544643": 3,
    "373896.2527380952": 3,
    "5676.395714285714": 2,
    "5803.120241935483": 2,
    "6038.227589285714": 2,
    "6444.886874999999": 2,
    "6451.578660714285": 2,
    "6453.575403225806": 2,
    "6460.110687499999": 2,
    "6465.798705357142": 2,
    "6547.770645161289": 2,
    "6662.3580357142855": 2,
    "16311.728187499999": 2,
    "18811.218467741935": 2,
    "32496.419047619045": 2,
    "32930.53142857143": 2,
    "170770.41877232143": 2,
    "197265.09276785716": 2,
    "207862.96236607144": 2,
    "250254.44075892857": 2,
    "335037.39754464285": 2,
    "5831.466517857143": 1,
    "6161.0614516129035": 1,
    "6436.874342105263": 1,
    "6440.572434210526": 1,
    "6464.404583333333": 1,