{
  "colors": {
    "#383a42": 5568,
    "#a626a4": 2313,
    "#e45649": 1070,
    "#4078f2": 421,
    "#986801": 301,
    "#a0a1a7": 223,
    "#50a14f": 174,
    "#0184bc": 39
  },
  "cccts": {
    "6503.44": 10526,
    "0.0": 6194,
    "17530.76444444444": 2116,
    "6654.838787878787": 1648,
    "6538.97616161616": 1557,
    "6607.526666666667": 1495,
    "6104.0185858585855": 1367,
    "6683.226060606061": 1338,
    "6645.376363636364": 1221,
    "6673.763636363637": 1127,
    "6545.639191919192": 1103,
    "6730.538181818181": 1032,
    "198335.58464646465": 1022,
    "234304.11176767675": 1006,
    "6029.12707070707": 964,
    "6543.418181818182": 949,
    "6635.9139393939395": 922,
    "15463.141111111108": 859,
    "6054.090909090909": 853,
    "18909.179999999997": 792,
    "6560.214545454545": 726,
    "6569.6769696969695": 676,
    "19598.387777777774": 674,
    "6702.1509090909085": 649,
    "222314.60272727275": 583,
    "90430.00328282827": 575,
    "5904.307878787878": 574,
    "6541.289696969697": 571,
    "16841.556666666664": 566,
    "6532.313131313132": 560,
    "6626.451515151514": 554,
    "13395.517777777775": 506,
    "6787.312727272727": 487,
    "162367.05752525252": 482,
    "186346.07560606065": 482,
    "6598.064242424242": 474,
    "6536.755151515152": 426,
    "294251.656969697": 423,
    "6664.301212121211": 415,
    "6552.302222222222": 408,
    "6178.9101010101": 366,
    "5954.235555555555": 350,
    "6128.982424242425": 339,
    "270272.6388888889": 317,
    "6473.157979797978": 302,
    "6467.480101010101": 277,
    "18219.972222222223": 276,
    "6721.075757575758": 272,
    "6711.613333333333": 265,
    "6328.693131313131": 263,
    "6692.688484848484": 208,
    "5977.1390909090915": 203,
    "6488.29898989899": 200,
    "21666.011111111107": 195,
    "6541.197171717171": 189,
    "6749.46303030303": 189,
    "6469.372727272727": 175,
    "6556.744242424242": 172,
    "28558.088888888888": 162,
    "210325.09368686867": 154,
    "366188.71121212124": 152,
    "6844.087272727273": 143,
    "5754.524848484848": 142,
    "6512.32404040404": 138,
    "6525.650101010101": 129,
    "6570.070303030303": 122,
    "6475.050606060606": 114,
    "14773.933333333332": 108,
    "12706.31": 105,
    "6461.802222222222": 102,
    "6055.109595959596": 100,
    "6079.054747474746": 99,
    "16152.34888888889": 95,
    "6478.835858585859": 94,
    "6554.523232323233": 94,
    "6616.98909090909": 90,
    "6547.8602020202015": 88,
    "9260.27111111111": 85,
    "258283.12984848485": 82,
    "5929.271717171718": 70,
    "6518.98707070707": 70,
    "6458.016969696969": 66,
    "6550.081212121211": 66,
    "6497.76212121212": 61,
    "6269.528484848484": 58,
    "6534.534141414141": 57,
    "6495.869494949495": 54,
    "6004.163232323232": 52,
    "17714.93333333333": 52,
    "282262.1479292929": 50,
    "6471.265353535353": 48,
    "6758.925454545454": 45,
    "6516.76606060606": 43,
    "22355.21888888889": 40,
    "6768.387878787879": 39,
    "5979.199393939394": 38,
    "246293.62080808083": 38,
    "27179.67333333333": 32,
    "6740.000606060606": 31,
    "5801.705454545454": 29,
    "6463.694848484848": 29,
    "6527.871111111111": 29,
    "19817.088333333333": 29,
    "25112.049999999996": 29,
    "6446.661212121212": 27,
    "6510.10303030303": 27,
    "11327.894444444444": 26,
    "14211.341666666669": 26,
    "330220.1840909091": 21,
    "6492.084242424242": 18,
    "150377.54848484846": 18,
    "6094.094848484848": 16,
    "6152.572727272727": 16,
    "6563.407272727272": 16,
    "21919.243333333332": 16,
    "6459.909595959596": 15,
    "11408.468333333332": 15,
    "19116.37": 15,
    "306241.166010101": 15,
    "6465.587474747474": 14,
    "6521.208080808081": 14,
    "6561.186262626262": 14,
    "6567.8492929292925": 14,
    "17014.215": 14,
    "15612.778333333335": 13,
    "27524.99": 13,
    "6074.602222222222": 11,
    "6490.1916161616155": 11,
    "318230.67505050503": 11,
    "6476.943232323232": 10,
    "6583.396363636363": 10,
    "6530.09212121212": 9,
    "6558.965252525252": 9,
    "438125.76545454544": 9,
    "5957.646464646465": 8,
    "6452.33909090909": 7,
    "6484.513737373737": 7,
    "10638.686666666666": 7,
    "6035.616969696969": 6,
    "6480.728484848483": 6,
    "6482.621111111111": 6,
    "6523.4290909090905": 6,
    "6435.305454545454": 5,
    "6565.628282828284": 4,
    "18415.65166666667": 4,
    "342209.6931313131": 4,
    "6172.065353535353": 3,
    "25422.835": 3,
    "6113.587474747474": 2,
    "6191.557979797978": 2,
    "6456.124343434343": 2,
    "174356.56656565657": 2,
    "6211.050606060606": 1,
    "6448.553838383838": 1,
    "6450.446464646466": 1,
    "6454.231717171717": 1,
    "6574.512323232323": 1,
    "6777.850303030303": 1,
    "23044.426666666663": 1
  },
  "source": {
    "analyze": "light",
    "fontface": "Consolas-Regular",
    "fontsize": 14,
    "language": "c",
    "theme": "Atom One Light"
  },
  "average": 26552.883674958102,
  "diff65": 308.5059026916631
}
