{
  "colors": {
    "#383a42": 3419,
    "#a626a4": 2313,
    "#e45649": 1070,
    "#4078f2": 421,
    "#986801": 301,
    "#a0a1a7": 223,
    "#50a14f": 174,
    "#0184bc": 39
  },
  "cccts": {
    "71483.29": 1472,
    "4188.5": 1302,
    "3471.6": 1205,
    "1190213.115": 1074,
    "780.3": 932,
    "2443.291666666667": 903,
    "1919.7291666666665": 874,
    "1772.0576923076924": 860,
    "520.1999999999999": 821,
    "47655.52666666666": 805,
    "2792.333333333333": 781,
    "1745.2083333333335": 736,
    "1861.5555555555554": 736,
    "2314.3999999999996": 695,
    "1977.9027777777778": 684,
    "5235.625": 676,
    "3624.663461538462": 671,
    "30242.93038461538": 616,
    "1468.753846153846": 599,
    "1487766.39375": 575,
    "675.2596153846154": 574,
    "2908.6805555555557": 554,
    "793475.4099999999": 547,
    "49641.1736111111": 533,
    "43684.232777777775": 485,
    "826536.8854166666": 482,
    "368.47499999999997": 481,
    "2303.675": 474,
    "6282.75": 474,
    "4537.541666666666": 470,
    "55598.11444444444": 469,
    "3137.7923076923075": 444,
    "503551.7025": 419,
    "3760.8999999999996": 409,
    "3403.15625": 407,
    "1029992.11875": 393,
    "1639.3666666666666": 385,
    "77440.23083333332": 379,
    "330.12692307692305": 375,
    "541.875": 366,
    "845.3249999999999": 361,
    "60314.025937499995": 326,
    "562045.0820833333": 317,
    "2295.6201923076924": 305,
    "2410.833333333333": 304,
    "3490.416666666667": 297,
    "2700.133333333333": 286,
    "3064.35": 286,
    "17183.483173076922": 276,
    "3257.722222222222": 272,
    "727352.4591666667": 270,
    "3785.7596153846152": 266,
    "975.375": 263,
    "705.2711538461538": 261,
    "2559.638888888889": 258,
    "2025.1000000000001": 257,
    "2929.1625": 256,
    "3577.677083333333": 254,
    "1289397.54125": 251,
    "606.9": 240,
    "64609.89673076923": 234,
    "1075769.54625": 222,
    "1601.4852941176468": 204,
    "2094.25": 204,
    "2681.30625": 200,
    "1006.8509615384615": 198,
    "2121.5333333333333": 198,
    "3054.114583333333": 194,
    "33755.99805555555": 191,
    "1876.0989583333335": 189,
    "1352.5364583333335": 186,
    "476.85": 181,
    "3544.1153846153848": 179,
    "925721.3116666666": 174,
    "3723.111111111111": 173,
    "38491.0023076923": 162,
    "2042.8999999999999": 146,
    "633.434375": 145,
    "3004.269230769231": 144,
    "427.6644230769231": 142,
    "35741.645": 136,
    "834.5192307692307": 131,
    "652328.341875": 128,
    "693.5999999999999": 126,
    "1330.78": 124,
    "1902.7038461538464": 119,
    "286108.921875": 119,
    "1296.4557692307692": 116,
    "908.840625": 115,
    "3319.7124999999996": 105,
    "32992.28769230769": 105,
    "2769.7009615384613": 100,
    "187.5721153846154": 94,
    "2128.020833333333": 93,
    "1447.0541666666666": 91,
    "2181.510416666667": 91,
    "2530.552083333333": 90,
    "1057967.2133333334": 89,
    "107224.935": 85,
    "2937.507692307692": 79,
    "2966.854166666667": 78,
    "1416.6985294117649": 76,
    "2463.823529411765": 76,
    "660.2538461538461": 70,
    "4339.5": 70,
    "1201.7076923076922": 69,
    "2879.59375": 63,
    "1532.175": 62,
    "24820.58680555555": 60,
    "2651.841346153846": 59,
    "798.678125": 58,
    "1628.861111111111": 58,
    "1787.5375000000001": 54,
    "1872.6583333333335": 54,
    "270.1038461538461": 52,
    "818271.5165625": 50,
    "1398.2833333333333": 49,
    "28791.880694444444": 48,
    "3085.8666666666663": 46,
    "3228.635416666667": 45,
    "1449.8653846153845": 44,
    "48415.223333333335": 43,
    "5207.4": 42,
    "1687.0347222222222": 41,
    "2383.383333333333": 40,
    "45364.39557692307": 40,
    "60485.86076923076": 40,
    "2225.140625": 39,
    "536.45625": 38,
    "51626.82055555555": 37,
    "694290.98375": 37,
    "39315.8095": 36,
    "1007103.405": 36,
    "3025.027777777778": 34,
    "2203.130769230769": 33,
    "2386.725": 33,
    "39178.34163461538": 32,
    "736.6225961538462": 31,
    "41698.58583333333": 31,
    "1570.6875": 30,
    "724.5302884615386": 29,
    "1019.0031250000001": 29,
    "1432.1125": 29,
    "33507.792187499996": 29,
    "967048.1559375": 29,
    "1121.0375000000001": 28,
    "1679.4995192307692": 28,
    "2658.086538461538": 28,
    "867863.7296874999": 28,
    "495.1903846153846": 27,
    "1446.5": 27,
    "1542.9333333333332": 27,
    "1735.8": 27,
    "72622.835": 27,
    "314.28749999999997": 26,
    "2459.05": 26,
    "2820.6749999999997": 26,
    "4596.525": 26,
    "26628.372833333335": 26,
    "89354.11249999999": 26,
    "991844.2625000001": 26,
    "455.175": 25,
    "755327.55375": 25,
    "2893.0": 24,
    "2006.9895833333335": 23,
    "2723.8666666666663": 22,
    "78674.73791666667": 21,
    "411996.8475": 19,
    "479391.3935416667": 18,
    "719087.0903124999": 18,
    "917455.9428125": 18,
    "563.55": 17,
    "1028.1833333333334": 16,
    "1016640.3690625": 16,
    "1191.6916666666666": 15,
    "2279.036764705882": 15,
    "2592.9115384615384": 15,
    "2965.325": 15,
    "90778.54375000001": 15,
    "1554.9875": 14,
    "1880.4499999999998": 14,
    "1888.9588235294116": 14,
    "3037.65": 14,
    "44380.621388888896": 14,
    "65639.87009615386": 14,
    "39802.899951923086": 13,
    "50432.524305555555": 13,
    "1060.7365384615384": 12,
    "1591.1499999999999": 12,
    "2531.375": 12,
    "545514.344375": 12,
    "843067.623125": 12,
    "3830.4375": 11,
    "533116.29109375": 11,
    "2242.0750000000003": 10,
    "1194.8394230769231": 9,
    "1663.475": 9,
    "2106.740625": 9,
    "2489.7843749999997": 9,
    "2617.465625": 9,
    "605.89375": 8,
    "2097.4249999999997": 8,
    "2553.625": 7,
    "27799.05722222222": 7,
    "34366.966346153844": 7,
    "647615.9596323529": 7,
    "1234.2520833333333": 6,
    "1276.8125": 6,
    "1361.9333333333332": 6,
    "1602.2769230769231": 6,
    "1808.125": 6,
    "2676.025": 6,
    "619902.6640625": 6,
    "424.57499999999993": 5,
    "853.7593750000001": 5,
    "1851.3781249999997": 5,
    "1101.625": 4,
    "1350.0666666666666": 4,
    "1685.3925000000002": 4,
    "1909.38": 4,
    "2170.58125": 4,
    "2362.103125": 4,
    "2507.2666666666664": 4,
    "17457.412259615387": 4,
    "989.5296875": 3,
    "1844.2875": 3,
    "2705.072916666667": 3,
    "34294.116527777776": 3,
    "34798.441770833335": 3,
    "632300.71734375": 3,
    "859598.3608333333": 3,
    "743.5968750000001": 2,
    "1143.9951923076924": 2,
    "1321.95": 2,
    "1436.4140625": 2,
    "1657.9479166666665": 2,
    "1667.3669117647057": 2,
    "1669.0384615384614": 2,
    "1944.6836538461537": 2,
    "1979.059375": 2,
    "2234.421875": 2,
    "24178.171617647058": 2,
    "30725.04557692308": 2,
    "42048.99411764705": 2,
    "63540.702222222215": 2,
    "64553.63111111111": 2,
    "384339.65171875": 2,
    "446329.91812499997": 2,
    "471126.0246875": 2,
    "570310.4509375": 2,
    "768679.3034375": 2,
    "559.2865384615385": 1,
    "1074.0843750000001": 1,
    "1205.4166666666665": 1,
    "1327.885": 1,
    "1372.5734375": 1,
    "1473.2451923076924": 1,
    "1869.3230769230768": 1,
    "1952.7749999999999": 1,
    "2268.770833333333": 1,
    "2441.90390625": 1,
    "2585.5453125": 1,
    "3326.95": 1,
    "3616.25": 1,
    "61860.53942307692": 1,
    "1140620.901875": 1,
    "1239805.328125": 1
  },
  "source": {
    "analyze": "light",
    "fontface": "Consolas-Regular",
    "fontsize": 14,
    "language": "c",
    "theme": "Atom One Light"
  },
  "average": 137739.10992976849,
  "diff65": 2019.0632296887459
}
