{
  "colors": {
    "#a7dbf7": 5616,
    "#00bff9": 2315,
    "#a4ceee": 1070,
    "#87aff4": 421,
    "#8dec95": 243,
    "#6bff81": 241,
    "#d7dbe0": 228,
    "#999999": 223,
    "#bcf0c0": 115,
    "#82aaff": 52,
    "#92b6f4": 29,
    "#7fdbca": 15
  },
  "cccts": {
    "5590.89": 10526,
    "0.0": 6194,
    "5876.916190476191": 2189,
    "6006.928095238096": 1476,
    "5661.997792207792": 1273,
    "6058.932857142857": 1246,
    "11969.871428571429": 1137,
    "13655.79": 1095,
    "16029.223246753249": 1002,
    "6086.191558441558": 984,
    "12839.732532467531": 876,
    "6032.930476190476": 869,
    "5634.344761904763": 803,
    "14869.408441558442": 785,
    "6031.158051948052": 778,
    "5980.925714285715": 736,
    "5772.906666666668": 726,
    "5915.919761904763": 704,
    "10519.44": 689,
    "6097.936428571429": 671,
    "5654.096926406927": 669,
    "5720.901904761905": 664,
    "11191.515": 601,
    "6175.943571428573": 596,
    "7831.14": 575,
    "6210.016948051948": 574,
    "5893.574285714286": 556,
    "12759.69": 499,
    "6058.674805194804": 481,
    "5668.897142857144": 474,
    "10230.14922077922": 470,
    "13709.593636363636": 469,
    "5934.8494155844155": 460,
    "5683.725173160174": 444,
    "5640.270411255412": 438,
    "5667.923441558442": 417,
    "5658.047359307359": 411,
    "15672.015": 393,
    "16899.08435064935": 379,
    "6110.93761904762": 373,
    "6127.466688311689": 361,
    "5954.923333333333": 350,
    "13207.74": 329,
    "13419.639935064935": 326,
    "5646.196060606061": 299,
    "5654.26012987013": 295,
    "6162.9423809523805": 274,
    "6331.957857142857": 269,
    "5728.473766233767": 263,
    "6237.533701298702": 261,
    "5644.220844155845": 257,
    "14327.865000000002": 257,
    "6123.938809523809": 254,
    "5976.124545454545": 240,
    "6201.945952380953": 235,
    "19218.71396103896": 234,
    "5928.920952380952": 233,
    "16120.064999999999": 222,
    "5614.693939393939": 200,
    "6045.931666666667": 194,
    "15449.315844155844": 191,
    "5993.9269047619055": 189,
    "6149.941190476191": 189,
    "11863.59": 188,
    "5629.616190476191": 174,
    "6266.951904761904": 170,
    "6251.292077922078": 169,
    "5653.301428571429": 162,
    "21828.29727272727": 162,
    "5679.774740259741": 144,
    "5647.219004329005": 142,
    "6375.117467532468": 142,
    "5664.894242424242": 141,
    "16344.09": 137,
    "5693.017792207793": 130,
    "5967.924523809524": 128,
    "18360.315000000002": 128,
    "5634.897034632035": 125,
    "5636.319978354979": 124,
    "5703.477337662338": 119,
    "5681.67025974026": 116,
    "5643.9800000000005": 113,
    "5673.8490909090915": 109,
    "5659.540974025975": 107,
    "12549.778831168831": 105,
    "5673.623225108226": 100,
    "5685.70038961039": 99,
    "5681.8983333333335": 97,
    "5687.3440259740255": 97,
    "5604.7165151515155": 96,
    "5650.739567099567": 95,
    "6240.949523809524": 91,
    "6019.9292857142855": 90,
    "5677.799523809524": 89,
    "16609.13064935065": 88,
    "7330.612207792208": 85,
    "6214.947142857143": 82,
    "5889.917380952381": 76,
    "5718.549740259741": 75,
    "12983.715": 75,
    "5610.642164502165": 70,
    "6196.2585714285715": 70,
    "5656.072142857143": 66,
    "6044.916428571429": 65,
    "5670.102662337663": 61,
    "6071.934047619048": 60,
    "7210.838787878788": 58,
    "5618.543030303031": 57,
    "5648.171277056277": 57,
    "5640.177878787879": 51,
    "5661.812077922078": 48,
    "11389.964025974028": 48,
    "13999.547337662338": 48,
    "15447.990000000002": 48,
    "5670.322727272727": 46,
    "5604.492251082251": 44,
    "5602.7412987012995": 42,
    "15159.362142857144": 40,
    "18348.852857142858": 40,
    "6253.950714285715": 39,
    "5652.121709956711": 38,
    "5701.528441558442": 37,
    "13129.686233766233": 37,
    "5752.592337662338": 36,
    "12087.615000000002": 36,
    "5675.3835064935065": 32,
    "5693.601255411255": 32,
    "22118.250974025974": 32,
    "5724.223506493507": 31,
    "5821.031645021645": 31,
    "17768.945454545457": 31,
    "18638.80655844156": 30,
    "7657.721212121212": 29,
    "8495.625757575757": 29,
    "23101.496038961035": 29,
    "5603.21196969697": 28,
    "5691.226038961039": 28,
    "13431.765": 28,
    "5606.691731601732": 27,
    "5650.146493506494": 27,
    "5849.799350649351": 27,
    "12349.369523809522": 27,
    "5601.4516883116885": 26,
    "5989.882922077923": 26,
    "8490.427012987013": 26,
    "14551.89": 26,
    "6168.741818181818": 25,
    "13879.815": 25,
    "5669.8986580086585": 24,
    "6188.944761904763": 23,
    "14999.940000000002": 23,
    "17240.19": 23,
    "19508.667662337662": 22,
    "5663.973008658008": 20,
    "5715.712857142857": 20,
    "17571.830974025976": 19,
    "5615.533939393939": 18,
    "5604.972251082251": 17,
    "5770.68816017316": 17,
    "5948.607792207792": 17,
    "5727.060389610389": 16,
    "5749.112380952381": 16,
    "14192.591212121213": 16,
    "14775.915": 16,
    "5662.809264069265": 15,
    "5668.342380952381": 15,
    "5671.8738744588745": 15,
    "5675.824307359308": 14,
    "5928.910541125541": 14,
    "5936.102467532467": 14,
    "6136.9400000000005": 14,
    "6000.829805194806": 13,
    "5619.258831168831": 12,
    "5660.022575757576": 12,
    "5664.821818181818": 12,
    "5608.492813852814": 11,
    "5641.93816017316": 11,
    "5648.979285714286": 11,
    "15223.965": 11,
    "5681.749956709958": 10,
    "5663.0615367965365": 9,
    "20029.459891774888": 9,
    "5661.676666666667": 8,
    "5682.424632034631": 8,
    "5661.301255411256": 7,
    "5689.650822510823": 7,
    "9650.24181818182": 7,
    "16792.14": 7,
    "5638.295194805196": 6,
    "5643.698441558442": 6,
    "5656.020411255412": 6,
    "5640.7624242424245": 5,
    "5645.458722943723": 5,
    "5664.648961038961": 5,
    "6099.949935064936": 5,
    "19722.256277056273": 5,
    "5642.245627705628": 4,
    "5655.241515151515": 4,
    "12535.665": 4,
    "5619.054502164502": 3,
    "5673.159610389611": 3,
    "5691.626038961039": 3,
    "5835.415497835498": 3,
    "11415.54": 3,
    "15896.04": 3,
    "17016.165": 3,
    "5634.327272727273": 2,
    "5652.499848484849": 2,
    "5871.37512987013": 2,
    "6084.93523809524": 2,
    "12259.82512987013": 2,
    "14103.84": 2,
    "15728.609285714287": 2,
    "16650.22012987013": 2,
    "17189.038051948053": 2,
    "18928.760259740262": 2,
    "19415.05266233766": 2,
    "5622.493463203463": 1,
    "5626.095627705628": 1,
    "5638.4175974025975": 1,
    "5653.632727272728": 1,
    "5666.5820995671": 1,
    "5680.664350649351": 1,
    "5684.507142857143": 1,
    "5701.502121212122": 1
  },
  "source": {
    "analyze": "dark",
    "fontface": "Consolas-Regular",
    "fontsize": 14,
    "language": "c",
    "theme": "Winter is Coming"
  },
  "average": 6833.2768167962695,
  "diff65": 5.1273356430195305
}
