{
  "colors": {
    "#a7dbf7": 5616,
    "#00bff9": 2315,
    "#a4ceee": 1070,
    "#87aff4": 421,
    "#8dec95": 243,
    "#6bff81": 241,
    "#d7dbe0": 228,
    "#999999": 223,
    "#bcf0c0": 115,
    "#82aaff": 52,
    "#92b6f4": 29,
    "#7fdbca": 15
  },
  "cccts": {
    "5590.89": 10526,
    "0.0": 6194,
    "5786.436428571429": 1204,
    "6878.007857142858": 1177,
    "27769.365": 1074,
    "34296.30642857143": 1002,
    "6341.708750000001": 979,
    "6952.969285714286": 932,
    "6180.819017857143": 874,
    "24727.834285714285": 805,
    "6127.189107142857": 736,
    "6162.942380952381": 736,
    "6123.729112903226": 732,
    "7467.936875": 664,
    "6498.942857142858": 652,
    "17474.315080645163": 616,
    "5671.842016129032": 599,
    "5721.254285714286": 596,
    "6680.7881854838715": 596,
    "6198.695654761905": 587,
    "6448.968571428572": 584,
    "37934.499375": 575,
    "6744.263588709678": 574,
    "20376.54": 547,
    "25525.206964285713": 533,
    "6484.721845238096": 527,
    "23133.08892857143": 485,
    "20992.60875": 482,
    "6234.094107142858": 481,
    "6279.1405208333335": 474,
    "7843.3462500000005": 474,
    "35359.47": 470,
    "27917.324999999997": 469,
    "5763.832943548387": 444,
    "14772.301693548388": 419,
    "5802.731964285714": 409,
    "6636.673258928572": 407,
    "24371.050282258064": 393,
    "5683.231369047619": 385,
    "36688.424464285716": 379,
    "6154.761532258065": 375,
    "6536.7783928571425": 366,
    "7066.475892857144": 361,
    "29386.169407894737": 326,
    "16064.05875": 317,
    "5726.686130952381": 304,
    "6663.488214285715": 297,
    "5742.981666666667": 286,
    "5765.157857142858": 283,
    "12342.836068548386": 276,
    "19144.4025": 270,
    "6281.1588508064515": 269,
    "6985.26767857143": 264,
    "7577.255625": 263,
    "6795.524637096774": 261,
    "5704.958750000001": 257,
    "5752.987697368421": 256,
    "6690.303169642858": 254,
    "6650.285000000001": 240,
    "6729.228104838711": 235,
    "30978.20721774194": 234,
    "29617.571250000005": 228,
    "6591.9816666666675": 226,
    "6377.462023809525": 224,
    "25205.724072580648": 222,
    "6078.9221875": 204,
    "6229.0859375": 204,
    "5743.631944444444": 200,
    "5710.390595238096": 198,
    "6529.413437499999": 194,
    "19146.225535714286": 191,
    "6167.411540178572": 189,
    "6006.521808035715": 186,
    "6423.271785714287": 181,
    "5893.639495967742": 177,
    "22840.815000000002": 174,
    "6498.942857142856": 169,
    "6985.267678571428": 169,
    "20715.249193548385": 162,
    "6656.568225806453": 159,
    "6734.9947619047625": 156,
    "5707.068571428572": 146,
    "5756.473669354839": 144,
    "6321.35993951613": 142,
    "5667.206875000001": 141,
    "5636.885463709677": 131,
    "5707.156451612904": 128,
    "17484.99151209677": 128,
    "6801.627142857144": 126,
    "5871.7414285714285": 125,
    "5665.849464285715": 124,
    "5695.759657258064": 119,
    "10807.601189516128": 119,
    "5663.033145161291": 116,
    "5778.124285714286": 115,
    "5700.3881249999995": 113,
    "5779.680178571429": 105,
    "18554.626451612905": 105,
    "5745.013991935485": 100,
    "5721.254285714285": 99,
    "5723.5142857142855": 97,
    "5911.2715524193545": 94,
    "5711.909345238096": 93,
    "5673.183154761905": 91,
    "6261.263883928572": 91,
    "6368.523705357143": 90,
    "25305.09": 89,
    "19730.9655": 88,
    "55825.36875": 85,
    "6448.9685714285715": 82,
    "5752.794032258064": 79,
    "6502.598482142857": 78,
    "6022.61078125": 76,
    "5828.707741935484": 75,
    "5876.061874999999": 70,
    "6718.633064516129": 70,
    "5657.123467741936": 69,
    "6475.7835267857145": 63,
    "15558.048482142858": 60,
    "5738.4555241935495": 59,
    "6091.435833333334": 58,
    "8932.034375": 58,
    "5692.54625": 54,
    "5697.387023809524": 54,
    "6052.239435483872": 52,
    "20838.591562499998": 50,
    "5669.651755952382": 49,
    "17152.793839285714": 48,
    "19544.911875": 48,
    "5764.709047619048": 46,
    "5809.33": 46,
    "6583.043348214285": 45,
    "5678.171111111111": 44,
    "5933.0962500000005": 42,
    "5726.431666666667": 40,
    "23416.02762096774": 40,
    "29357.740161290323": 40,
    "6026.849274193549": 39,
    "6274.671361607143": 39,
    "6109.312470238096": 38,
    "6527.319508928572": 38,
    "5895.145714285714": 37,
    "18528.33375": 37,
    "26322.57964285714": 37,
    "5741.507903225806": 36,
    "20940.314062499998": 36,
    "23953.713387096774": 36,
    "5762.521428571429": 34,
    "5712.318024193549": 33,
    "5725.328169642858": 33,
    "22335.71625": 33,
    "20985.327036290324": 32,
    "5631.880423387097": 31,
    "5839.2774193548385": 31,
    "6073.559196428571": 30,
    "6065.557142857143": 29,
    "6520.475119047619": 29,
    "9853.729374999999": 29,
    "11581.907500000001": 29,
    "19046.553950892856": 29,
    "21901.172237903225": 29,
    "23610.900937500002": 29,
    "5654.0352008928585": 28,
    "5684.348165322581": 28,
    "21762.694687499996": 28,
    "5672.367678571429": 27,
    "5677.7995238095245": 27,
    "5692.284444444445": 27,
    "5785.925714285714": 27,
    "6302.890714285715": 27,
    "6390.1486693548395": 27,
    "6436.697298387097": 27,
    "5729.402053571429": 26,
    "5749.771473214286": 26,
    "5895.85875": 26,
    "6139.505267857144": 26,
    "16742.381214285717": 26,
    "24072.952499999996": 26,
    "47452.955625": 26,
    "6385.436250000001": 25,
    "19363.007540322582": 25,
    "5753.845357142856": 24,
    "6207.633973214287": 23,
    "29617.57125": 23,
    "5745.794761904762": 22,
    "5656.950483870967": 21,
    "5823.422903225807": 20,
    "13102.954112903226": 19,
    "38538.47767857143": 19,
    "14523.886875": 18,
    "18990.385312500002": 18,
    "22686.7978125": 18,
    "5681.251111111112": 17,
    "5840.535714285715": 17,
    "6574.613928571429": 17,
    "24535.0040625": 16,
    "29245.568333333336": 16,
    "5658.660833333333": 15,
    "5735.176290322582": 15,
    "5757.9192410714295": 15,
    "6285.397343750001": 15,
    "6629.224375": 15,
    "5678.478504464286": 14,
    "5696.40359375": 14,
    "5696.810982142857": 14,
    "5768.330277777777": 14,
    "6026.001547619047": 14,
    "6065.557142857144": 14,
    "6220.589556451613": 14,
    "5972.729092741935": 13,
    "6085.33494047619": 13,
    "5649.91620967742": 12,
    "5680.5154464285715": 12,
    "5733.475937499999": 12,
    "6000.465": 12,
    "15756.024374999999": 12,
    "21300.643125000002": 12,
    "5845.030625": 11,
    "15524.99859375": 11,
    "5717.180401785714": 10,
    "5684.589330357144": 9,
    "5710.699151785715": 9,
    "5732.482633928572": 9,
    "5739.743794642857": 9,
    "32488.548427419355": 9,
    "5663.88875": 8,
    "5709.032633928572": 8,
    "5736.113214285715": 7,
    "16754.107500000002": 7,
    "17558.025468750002": 7,
    "19094.782137096772": 7,
    "5661.081220238096": 6,
    "5663.501607142857": 6,
    "5668.342380952381": 6,
    "5679.201290322581": 6,
    "5692.737098214287": 6,
    "5741.623705357143": 6,
    "17142.179062500003": 6,
    "5686.017096774194": 5,
    "5693.751875": 5,
    "5696.176830357143": 5,
    "5793.727142857143": 5,
    "6325.845281250001": 5,
    "20163.861473214285": 5,
    "5666.935833333334": 4,
    "5684.074895833334": 4,
    "5695.4530208333335": 4,
    "5714.329732142857": 4,
    "5723.615": 4,
    "5725.221473214287": 4,
    "5732.117976190477": 4,
    "5758.363286290322": 4,
    "5647.163995535715": 3,
    "5694.774040178571": 3,
    "5704.010714285714": 3,
    "5771.612222222222": 3,
    "5927.11255952381": 3,
    "6422.1536160714295": 3,
    "17373.20484375": 3,
    "21608.677499999998": 3,
    "5672.578058035714": 2,
    "5680.479375000001": 2,
    "5682.8809274193545": 2,
    "5684.92203125": 2,
    "5699.104717741936": 2,
    "5703.437991071429": 2,
    "5717.960312499999": 2,
    "5885.642983870968": 2,
    "6100.374151785714": 2,
    "6223.779523809523": 2,
    "6362.224107142856": 2,