{
  "colors": {
    "#a7dbf7": 3436,
    "#00bff9": 2315,
    "#a4ceee": 1070,
    "#87aff4": 421,
    "#8dec95": 243,
    "#6bff81": 241,
    "#d7dbe0": 228,
    "#999999": 223,
    "#bcf0c0": 115,
    "#82aaff": 52,
    "#92b6f4": 29,
    "#7fdbca": 15
  },
  "cccts": {
    "69774.75": 1472,
    "3251.72": 1205,
    "5798.72": 1177,
    "54545.22": 1074,
    "5973.63": 932,
    "3382.586666666667": 903,
    "2657.746666666667": 874,
    "3982.42": 821,
    "46516.5": 805,
    "2416.1333333333337": 736,
    "2577.208888888889": 736,
    "2453.3046153846153": 732,
    "2167.813333333333": 695,
    "3865.8133333333335": 666,
    "7248.400000000001": 664,
    "29520.08653846154": 616,
    "1375.7276923076922": 599,
    "5018.123076923077": 596,
    "2738.2844444444445": 587,
    "68181.525": 575,
    "5169.4875": 574,
    "36363.479999999996": 547,
    "48454.6875": 533,
    "4026.888888888889": 527,
    "42640.125": 485,
    "37878.625": 482,
    "2820.880833333333": 481,
    "3189.2960000000003": 474,
    "8698.08": 474,
    "54269.25": 469,
    "2939.0546153846153": 444,
    "6281.946666666667": 433,
    "23076.823846153846": 419,
    "3522.6966666666663": 409,
    "4711.46": 407,
    "47202.59423076923": 393,
    "1535.5344444444443": 385,
    "75589.3125": 379,
    "2527.305": 375,
    "4148.354166666667": 366,
    "6471.4325": 361,
    "58872.4453125": 326,
    "25757.465": 317,
    "2258.1388888888887": 304,
    "4832.266666666667": 297,
    "2529.1155555555556": 286,
    "3202.07": 286,
    "16772.77644230769": 276,
    "33333.19": 270,
    "3178.144615384616": 269,
    "7467.0375": 263,
    "5399.2425": 261,
    "1896.8366666666666": 257,
    "2743.6387499999996": 256,
    "4953.073333333334": 254,
    "59090.655": 251,
    "4646.156666666667": 240,
    "5241.15076923077": 235,
    "63065.63942307692": 234,
    "4510.115555555556": 226,
    "3543.6622222222227": 224,
    "49300.48730769231": 222,
    "2217.1576470588234": 204,
    "2899.36": 204,
    "2789.68375": 200,
    "1987.1622222222222": 198,
    "4228.233333333334": 194,
    "32949.1875": 191,
    "2597.3433333333337": 189,
    "1872.5033333333336": 186,
    "3650.551666666667": 181,
    "1393.9230769230771": 177,
    "42424.060000000005": 174,
    "37571.01923076923": 162,
    "4906.609230769231": 159,
    "5154.417777777778": 156,
    "2134.713333333333": 146,
    "2813.9884615384613": 144,
    "3274.0087500000004": 142,
    "1517.5567708333333": 141,
    "34887.375": 136,
    "781.6634615384615": 131,
    "1459.9390384615383": 128,
    "29894.97634615385": 128,
    "5309.893333333333": 126,
    "3450.765": 125,
    "1246.4926666666668": 124,
    "1782.1926923076924": 119,
    "13111.83173076923": 119,
    "1354.721923076923": 116,
    "2300.5099999999998": 115,
    "2177.3640625": 113,
    "3468.909166666667": 105,
    "32203.73076923077": 105,
    "2894.1786538461542": 100,
    "1629.5279166666667": 97,
    "1435.96875": 94,
    "2223.659722222222": 93,
    "1512.088611111111": 91,
    "3020.166666666667": 91,
    "3503.3933333333334": 90,
    "48484.64": 89,
    "104662.125": 85,
    "2751.4553846153844": 79,
    "4107.426666666667": 78,
    "1961.3317647058825": 76,
    "3411.011764705883": 76,
    "2986.2389423076925": 75,
    "4064.6499999999996": 70,
    "5054.61": 70,
    "1125.5953846153845": 69,
    "3986.6200000000003": 63,
    "24227.34375": 60,
    "2771.0221153846155": 59,
    "2255.057777777778": 58,
    "9484.918229166666": 58,
    "1867.874166666667": 54,
    "1956.8205555555558": 54,
    "2067.795": 52,
    "37499.83875": 50,
    "1309.7205555555556": 49,
    "28103.71875": 48,
    "2683.9283333333333": 46,
    "2890.4177777777772": 46,
    "4469.846666666667": 45,
    "1594.105": 44,
    "2971.1866666666665": 43,
    "4877.58": 42,
    "2490.4988888888893": 40,
    "44280.129807692305": 40,
    "59040.17307692308": 40,
    "2007.2492307692307": 39,
    "3080.57": 39,
    "2335.5955555555556": 38,
    "4106.8706250000005": 38,
    "3738.3287499999997": 37,
    "31818.045000000002": 37,
    "50392.875": 37,
    "1891.2846634615385": 36,
    "38376.1125": 36,
    "46153.64769230769": 36,
    "2108.8008333333332": 34,
    "2063.591538461538": 33,
    "2235.5575": 33,
    "38241.93028846154": 32,
    "769.7283653846155": 31,
    "3118.960673076923": 31,
    "40701.9375": 31,
    "2174.52": 30,
    "4187.964444444445": 29,
    "12101.447395833333": 29,
    "17007.439583333333": 29,
    "32706.9140625": 29,
    "40425.86884615385": 29,
    "44317.99125": 29,
    "1050.0345833333333": 28,
    "1754.9806730769233": 28,
    "39772.55625": 28,
    "1354.8833333333332": 27,
    "1445.2088888888886": 27,
    "1625.86": 27,
    "2396.364583333333": 27,
    "3679.956923076923": 27,
    "3790.9575": 27,
    "4456.78": 27,
    "2303.3016666666667": 26,
    "2406.045416666667": 26,
    "2642.0225": 26,
    "4803.1050000000005": 26,
    "27045.142666666663": 26,
    "45454.350000000006": 26,
    "87218.4375": 26,
    "3484.6175000000003": 25,
    "34615.23576923077": 25,
    "2709.7666666666664": 24,
    "2778.5533333333337": 23,
    "2846.2844444444445": 22,
    "829.5108173076923": 21,
    "2919.8780769230766": 20,
    "18881.03769230769": 19,
    "79906.10333333332": 19,
    "1601.035": 18,
    "21969.6025": 18,
    "32954.40375": 18,
    "42045.27375": 18,
    "3067.3466666666664": 17,
    "4314.288333333333": 17,
    "46590.70875": 16,
    "57368.48444444444": 16,
    "1245.2494444444446": 15,
    "2709.443846153846": 15,
    "2777.5108333333333": 15,
    "3155.185882352941": 15,
    "5570.974999999999": 15,
    "1456.4995833333332": 14,
    "1761.3483333333331": 14,
    "1769.3182352941174": 14,
    "2723.587777777778": 14,
    "2845.2549999999997": 14,
    "4028.2434615384614": 14,
    "2442.6582692307693": 13,
    "3094.986111111111": 13,
    "1108.408846153846": 12,
    "1490.3716666666664": 12,
    "2371.045833333333": 12,
    "4313.45625": 12,
    "24999.892499999998": 12,
    "38636.1975": 12,
    "4002.5875": 11,
    "24431.713125000002": 11,
    "2100.0691666666667": 10,
    "1558.1158333333333": 9,
    "2201.4231250000003": 9,
    "2601.681875": 9,
    "2735.1014583333335": 9,
    "66667.22230769231": 9,
    "1451.5760416666665": 8,
    "1964.5808333333332": 8,
    "2668.391666666667": 7,
    "27134.625": 7,
    "29679.01676470588": 7,
    "33545.55288461538": 7,
    "1289.722638888889": 6,
    "1334.1958333333334": 6,
    "1423.1422222222222": 6,
    "1500.793846153846": 6,
    "1693.6041666666667": 6,
    "2506.534166666667": 6,
    "28408.968750000004": 6,
    "1194.495576923077": 5,
    "1934.5839583333334": 5,
    "2045.4026041666666": 5,
    "2492.2191666666668": 5,
    "3250.3574999999996": 5,
    "35343.08416666667": 5,
    "1071.3413461538462": 4,
    "1264.5577777777778": 4,
    "1761.1385000000002": 4,
    "1788.4460000000001": 4,
    "2268.132916666667": 4,
    "2348.4644444444443": 4,
    "2468.262291666667": 4,
    "2639.2291666666665": 4,
    "1034.0017708333335": 3,
    "1389.8914583333333": 3,
    "1727.47625": 3,
    "2104.5905555555555": 3,
    "3745.006666666667": 3,
    "28977.148125": 3,
    "39393.77": 3,
    "1500.9703125": 2,
    "1563.326923076923": 2,
    "1742.302794117647": 2,
    "1781.4796875": 2,
    "1885.5607692307692": 2,
    "2032.0828846153845": 2,
    "2068.003541666667": 2,
    "2295.326666666667": 2,
    "2334.842708333333": 2,
    "3961.582222222222": 2,
    "4828.178333333332": 2,
    "17613.560625000002": 2,
    "20454.4575": 2,
    "21590.81625": 2,
    "23600.283088235294": 2,
    "26136.25125": 2,
    "33433.734375": 2,
    "35227.121250000004": 2,
    "41043.970588235294": 2,
    "50709.642499999994": 2,
    "62022.0": 2,
    "63830.31923076923": 2,
    "73759.48": 2,
    "1129.0694444444443": 1,
    "1387.5636666666667": 1,
    "1434.2605208333334": 1,
    "1539.456730769231": 1,
    "1750.9261538461537": 1,
    "1829.0925": 1,
    "2189.9085576923076": 1,
    "2551.64953125": 1,
    "2573.2484375": 1,