{
  "colors": {
    "#a7dbf7": 5616,
    "#00bff9": 2315,
    "#a4ceee": 1070,
    "#87aff4": 421,
    "#8dec95": 243,
    "#6bff81": 241,
    "#d7dbe0": 228,
    "#999999": 223,
    "#bcf0c0": 115,
    "#82aaff": 52,
    "#92b6f4": 29,
    "#7fdbca": 15
  },
  "cccts": {
    "5590.89": 10526,
    "0.0": 6194,
    "16415.828181818182": 2116,
    "5664.631414141414": 1557,
    "5924.587222222222": 1495,
    "6076.267777777778": 1450,
    "6104.536060606061": 1367,
    "6167.276111111112": 1201,
    "6045.931666666667": 1108,
    "5678.457929292929": 1103,
    "13954.49": 1022,
    "15522.664999999999": 1006,
    "6136.9400000000005": 967,
    "6200.844696969697": 964,
    "6318.956666666668": 957,
    "5673.8490909090915": 949,
    "6015.595555555556": 922,
    "14386.152272727273": 859,
    "6168.741818181818": 853,
    "17768.945454545454": 792,
    "5772.906666666667": 726,
    "18445.50409090909": 674,
    "5803.242777777778": 664,
    "6227.948333333334": 649,
    "14999.94": 583,
    "9249.965": 575,
    "6361.359090909092": 574,
    "5712.234444444445": 571,
    "15739.269545454546": 566,
    "5650.8048989899": 560,
    "5985.259444444445": 527,
    "12356.476363636366": 506,
    "12386.315": 482,
    "13431.765000000001": 482,
    "5894.251111111111": 474,
    "6500.973333333333": 451,
    "5660.022575757577": 426,
    "18136.29": 423,
    "5692.2844444444445": 408,
    "6106.603888888889": 394,
    "6008.227424242425": 366,
    "6297.153333333334": 350,
    "6072.433181818182": 339,
    "17090.84": 317,
    "5656.607171717173": 302,
    "5668.929141414142": 277,
    "17092.386818181818": 276,
    "5815.610151515152": 263,
    "6288.620555555556": 252,
    "6258.2844444444445": 234,
    "6197.612222222222": 203,
    "5622.628585858587": 200,
    "5696.800303030304": 198,
    "20475.18": 195,
    "5669.240252525253": 189,
    "6379.628888888889": 189,
    "5664.821818181818": 175,
    "5701.502121212122": 172,
    "27240.766363636365": 162,
    "5710.039090909091": 160,
    "14477.215000000002": 154,
    "21272.640000000003": 152,
    "6682.99": 143,
    "6553.976363636364": 142,
    "5692.243636363636": 141,
    "5609.325353535354": 138,
    "5716.658484848485": 137,
    "5636.978383838384": 129,
    "5729.155151515151": 122,
    "5652.499848484849": 114,
    "5690.180909090909": 113,
    "13709.593636363637": 108,
    "11679.917727272727": 105,
    "5681.251111111111": 102,
    "5677.228282828282": 100,
    "6136.63893939394": 99,
    "15062.710909090907": 95,
    "5644.285202020202": 94,
    "5696.893282828283": 94,
    "5954.923333333334": 90,
    "5683.066767676767": 88,
    "8297.124545454546": 85,
    "16568.115": 82,
    "5749.755454545455": 75,
    "5623.151868686869": 70,
    "6329.256212121212": 70,
    "5687.675606060606": 66,
    "5689.465757575758": 66,
    "7154.978484848485": 58,
    "5655.413737373737": 57,
    "5607.319292929294": 54,
    "6232.9475757575765": 52,
    "17613.565000000002": 50,
    "5660.714494949496": 48,
    "6409.965": 45,
    "5602.79196969697": 44,
    "5618.543030303031": 43,
    "21151.738636363636": 40,
    "6440.301111111112": 39,
    "6265.050454545454": 38,
    "16045.39": 38,
    "5789.471818181818": 36,
    "24944.717727272728": 34,
    "5859.388585858586": 33,
    "25887.64909090909": 32,
    "5736.516666666667": 31,
    "6349.292777777779": 31,
    "23857.973181818183": 31,
    "5641.587222222222": 29,
    "5677.143787878787": 29,
    "5909.73207070707": 29,
    "9110.089090909092": 29,
    "10283.155454545453": 29,
    "5604.7165151515155": 27,
    "5676.9421212121215": 27,
    "5714.109696969696": 27,
    "10326.800454545455": 26,
    "13475.782777777777": 26,
    "5703.419696969698": 21,
    "17059.82494949495": 21,
    "19704.465": 21,
    "5743.136060606061": 20,
    "5615.53393939394": 18,
    "11863.590000000002": 18,
    "5603.211969696969": 17,
    "5715.328636363637": 16,
    "5960.075555555555": 16,
    "18493.44181818182": 16,
    "5685.358434343434": 15,
    "5708.358131313131": 15,
    "5892.95090909091": 15,
    "18659.015": 15,
    "5627.760707070707": 14,
    "5669.720606060606": 14,
    "5673.036464646464": 14,
    "5710.719797979798": 14,
    "5724.546313131313": 14,
    "5842.607424242425": 14,
    "5809.045101010101": 13,
    "6094.324848484849": 13,
    "5637.225757575758": 12,
    "5619.641262626263": 11,
    "19181.74": 11,
    "5648.392525252525": 10,
    "5756.808181818182": 10,
    "5646.196060606061": 9,
    "5706.110959595961": 9,
    "21360.675555555554": 9,
    "24408.989999999998": 9,
    "5695.997474747474": 8,
    "5631.963232323232": 7,
    "5701.787727272727": 7,
    "9650.24181818182": 7,
    "5632.369545454545": 6,
    "5636.070555555555": 6,
    "5640.177878787878": 6,
    "5723.277878787879": 5,
    "5738.753636363636": 5,
    "5680.9821212121215": 4,
    "5719.937474747475": 4,
    "5876.169747474748": 4,
    "20227.190000000002": 4,
    "5654.705252525253": 3,
    "5665.966767676768": 2,
    "5673.474444444444": 2,
    "5693.573080808082": 2,
    "12909.039999999999": 2,
    "20643.86712121212": 2,
    "22794.292424242427": 2,
    "5697.680404040405": 1,
    "5705.895050505051": 1,
    "5710.002373737374": 1,
    "5738.372828282829": 1,
    "6470.637222222222": 1,
    "16343.016515151516": 1,
    "21828.297272727275": 1
  },
  "source": {
    "analyze": "dark",
    "fontface": "Consolas-Regular",
    "fontsize": 14,
    "language": "c",
    "theme": "Winter is Coming"
  },
  "average": 7305.947334648972,
  "diff65": 12.399189763830341,
  "cctbg": 5590.89
}
