{
  "colors": {
    "#a9b2c3": 5886,
    "#e06c75": 1706,
    "#c6ccd7": 1298,
    "#61afef": 609,
    "#b57edc": 421,
    "#56b6c2": 324,
    "#5f6672": 223,
    "#98c379": 115,
    "#e5c07b": 15
  },
  "cccts": {
    "9218.71": 10526,
    "0.0": 6194,
    "9070.145959595959": 1565,
    "9173.705555555554": 1557,
    "9162.41111111111": 1495,
    "9136.820707070707": 1450,
    "19620.06595959596": 1377,
    "9121.466464646464": 1201,
    "9141.938787878787": 1108,
    "9165.267222222223": 1103,
    "9042.290202020202": 1101,
    "14242.28414141414": 1022,
    "9051.575454545453": 1013,
    "15184.204292929295": 1006,
    "9126.584545454543": 967,
    "9095.876060606059": 957,
    "9168.08": 949,
    "9147.056868686868": 922,
    "8640.411818181818": 739,
    "9188.001515151514": 726,
    "9182.883434343434": 664,
    "8995.86393939394": 649,
    "9111.230303030303": 649,
    "8748.842727272726": 609,
    "20920.235454545455": 608,
    "14870.230909090908": 583,
    "11416.523686868686": 575,
    "9198.237676767676": 571,
    "9182.143888888888": 560,
    "9152.174949494949": 527,
    "8857.273636363634": 506,
    "13300.36398989899": 482,
    "13928.310757575759": 482,
    "9167.529191919191": 474,
    "9079.431212121212": 452,
    "9065.167575757574": 451,
    "8531.980909090908": 433,
    "9176.518333333333": 426,
    "16754.07121212121": 423,
    "18969.981212121213": 419,
    "9156.828888888887": 408,
    "9131.702626262624": 394,
    "9098.001717171717": 393,
    "9014.434444444445": 381,
    "16126.124444444446": 317,
    "8921.459898989899": 302,
    "8865.725505050505": 277,
    "8604.26818181818": 276,
    "9153.713232323233": 275,
    "9100.994141414141": 252,
    "17669.811717171717": 250,
    "21570.3202020202": 241,
    "9106.112222222222": 234,
    "9783.266363636363": 204,
    "9116.348383838384": 203,
    "9177.765353535353": 200,
    "9085.639898989899": 189,
    "9170.892777777777": 189,
    "8568.124545454544": 184,
    "8940.152424242422": 178,
    "8884.303636363637": 175,
    "9151.203333333333": 172,
    "8062.113636363635": 162,
    "14556.257525252524": 154,
    "18637.911515151514": 152,
    "8676.555454545454": 147,
    "9034.459090909091": 143,
    "9207.458888888888": 138,
    "9190.582222222221": 129,
    "9134.326666666666": 122,
    "9060.860707070706": 120,
    "8940.03803030303": 114,
    "8784.986363636363": 108,
    "8423.55": 105,
    "8893.417272727273": 105,
    "8809.99111111111": 102,
    "9699.628383838384": 100,
    "8712.699090909091": 95,
    "8977.19429292929": 94,
    "9154.01611111111": 94,
    "9005.14919191919": 90,
    "9157.29303030303": 90,
    "23520.574444444446": 90,
    "9162.454444444444": 88,
    "9074.135454545454": 85,
    "15812.151060606062": 82,
    "9080.521818181818": 74,
    "9199.020555555555": 70,
    "8772.834848484848": 66,
    "9159.641666666666": 66,
    "9469.623939393938": 58,
    "9033.004949494949": 57,
    "9179.33111111111": 57,
    "9144.397474747473": 54,
    "16440.09782828283": 50,
    "8902.881767676767": 48,
    "9203.355757575757": 44,
    "9201.833333333332": 43,
    "8387.406363636363": 40,
    "9075.403737373737": 39,
    "9023.719696969696": 38,
    "15498.177676767675": 38,
    "8777.549595959596": 33,
    "9090.75797979798": 31,
    "8694.832020202019": 29,
    "8828.569242424242": 29,
    "9187.769444444444": 29,
    "9971.451818181818": 29,
    "8661.366060606058": 27,
    "9210.271666666666": 27,
    "9448.714444444444": 26,
    "13769.303232323233": 26,
    "28721.252424242422": 26,
    "9553.261919191918": 21,
    "17695.991363636364": 21,
    "9107.241212121211": 18,
    "12986.390606060606": 18,
    "9162.975606060605": 17,
    "8612.114444444444": 16,
    "9142.765": 16,
    "9595.080909090908": 16,
    "9657.809393939395": 16,
    "8722.404545454545": 15,
    "8791.412979797979": 15,
    "9025.702323232323": 15,
    "17068.044595959596": 15,
    "8805.122121212122": 14,
    "8847.147373737373": 14,
    "9137.139444444443": 14,
    "9145.577777777777": 14,
    "9196.207777777778": 14,
    "8391.53424242424": 13,
    "8860.26717171717": 13,
    "9088.663080808079": 11,
    "9678.718888888889": 11,
    "17382.017979797976": 11,
    "8958.61616161616": 10,
    "9117.449999999999": 10,
    "9148.390555555554": 9,
    "9184.956666666667": 9,
    "20521.751818181816": 9,
    "9804.175858585857": 8,
    "8717.100454545454": 7,
    "9001.84818181818": 7,
    "9032.928686868685": 7,
    "8134.4009090909085": 6,
    "8995.772424242425": 6,
    "9014.350555555555": 6,
    "9193.395": 6,
    "9720.537878787878": 6,
    "8549.89727272727": 5,
    "8749.97707070707": 4,
    "9139.952222222222": 4,
    "18009.964747474747": 4,
    "9574.171414141412": 3,
    "8242.831818181818": 2,
    "8754.256717171716": 2,
    "9636.8998989899": 2,
    "13614.337373737373": 2,
    "8679.94419191919": 1,
    "8698.522323232322": 1,
    "8735.678585858584": 1,
    "9070.285656565655": 1,
    "9128.70111111111": 1,
    "9532.352424242425": 1,
    "24820.74393939394": 1
  },
  "source": {
    "analyze": "dark",
    "fontface": "Consolas-Regular",
    "fontsize": 14,
    "language": "c",
    "theme": "Plastic"
  },
  "average": 9217.940259399982,
  "diff65": 41.814465529230496,
  "cctbg": 9218.71
}
