{
  "colors": {
    "#a9b2c3": 5886,
    "#e06c75": 1706,
    "#c6ccd7": 1298,
    "#61afef": 609,
    "#b57edc": 421,
    "#56b6c2": 324,
    "#5f6672": 223,
    "#98c379": 115,
    "#e5c07b": 15
  },
  "cccts": {
    "9218.71": 10526,
    "0.0": 6194,
    "9099.367857142857": 1204,
    "9001.557142857144": 1177,
    "22540.15214285714": 1074,
    "8824.75": 1057,
    "9092.0375": 965,
    "8956.069999999998": 936,
    "9119.181607142857": 874,
    "9122.197619047618": 736,
    "9128.229642857143": 736,
    "9128.813387096774": 732,
    "9139.14857142857": 695,
    "8902.02875": 664,
    "27606.821428571428": 656,
    "8885.114838709678": 649,
    "9169.304919354838": 599,
    "9034.830564516129": 596,
    "9116.165595238093": 587,
    "9073.941428571428": 584,
    "9032.673333333332": 578,
    "28645.813125": 575,
    "7685.187142857142": 573,
    "9067.909404761904": 527,
    "9055.619032258062": 503,
    "18469.711488095236": 482,
    "8838.6925": 474,
    "9102.593541666667": 474,
    "7628.389999999999": 470,
    "9113.162782258063": 444,
    "36800.87714285714": 429,
    "14733.500564516127": 419,
    "18099.67142857143": 410,
    "26074.478809523807": 410,
    "9042.273303571428": 407,
    "8791.919999999998": 398,
    "8945.126666666665": 393,
    "20498.963427419352": 393,
    "9089.422678571427": 391,
    "9162.353988095238": 385,
    "8583.864516129031": 365,
    "30671.50666666666": 362,
    "7947.500263157895": 326,
    "15509.391011904761": 317,
    "9135.83351190476": 304,
    "9037.749285714284": 297,
    "8870.288387096773": 292,
    "8912.296666666665": 286,
    "9125.888333333332": 286,
    "8153.76357142857": 283,
    "8430.466428571428": 283,
    "8858.002338709675": 276,
    "8644.185": 275,
    "17359.59130952381": 270,
    "9102.253024193547": 269,
    "8983.461071428572": 264,
    "9149.09375": 257,
    "9119.781644736842": 256,
    "9033.225267857142": 254,
    "20637.13403225806": 251,
    "23650.272321428572": 251,
    "28372.992738095236": 250,
    "39099.39107142857": 236,
    "9026.65814516129": 235,
    "9049.813333333334": 226,
    "9086.005476190476": 224,
    "21000.308024193546": 222,
    "8977.956666666667": 215,
    "9111.038374999998": 204,
    "9136.372875": 204,
    "9021.663888888888": 200,
    "9145.778690476189": 198,
    "9060.369375": 194,
    "9121.443616071429": 189,
    "9148.587723214285": 186,
    "9007.433064516128": 178,
    "9167.632379032257": 177,
    "19579.831666666665": 174,
    "8983.46107142857": 169,
    "33612.61588709677": 169,
    "8410.724838709677": 162,
    "9038.916774193547": 159,
    "9025.685238095237": 156,
    "8196.361428571427": 149,
    "8693.214285714284": 146,
    "9643.807499999999": 146,
    "22243.622261904762": 145,
    "9117.654153225807": 144,
    "7557.393571428571": 143,
    "8868.523333333333": 143,
    "18099.671428571426": 137,
    "9190.638931451611": 131,
    "16362.870504032257": 128,
    "9172.962178571428": 124,
    "9154.707963709676": 119,
    "12352.113729838708": 119,
    "8892.394112903225": 116,
    "9126.044677419353": 115,
    "9828.632499999998": 115,
    "8025.969999999999": 107,
    "8364.779464285713": 105,
    "8526.151290322581": 105,
    "8521.58060483871": 100,
    "8671.318630952379": 93,
    "8846.483869047619": 91,
    "9105.609553571428": 91,
    "8892.52806451613": 90,
    "9087.513482142856": 90,
    "21059.991904761904": 89,
    "8463.307999999999": 88,
    "6535.044999999999": 85,
    "9073.941428571427": 82,
    "9119.899838709676": 79,
    "9064.893392857142": 78,
    "9145.873312499998": 76,
    "8281.557142857142": 75,
    "9044.669375": 70,
    "9178.287661290322": 69,
    "7862.449193548386": 65,
    "9069.417410714286": 63,
    "8686.236785714285": 60,
    "8551.24568548387": 59,
    "9134.261666666667": 58,
    "9754.7025": 58,
    "9085.27193548387": 57,
    "8737.005595238095": 54,
    "8758.901249999999": 54,
    "18377.201473214285": 50,
    "9170.641636904762": 49,
    "8473.2475": 48,
    "20328.193988095238": 48,
    "8494.54642857143": 46,
    "9112.628095238095": 46,
    "9051.321339285712": 45,
    "9106.112222222222": 44,
    "8438.801428571427": 43,
    "9009.86125": 42,
    "7949.019032258064": 40,
    "8266.441774193549": 40,
    "8605.631666666666": 40,
    "9103.347544642857": 39,
    "9145.15822580645": 39,
    "8947.8625": 38,
    "9131.245654761904": 38,
    "16989.55125": 37,
    "8398.70125": 36,
    "20248.29112903226": 36,
    "9136.662276785713": 33,
    "9144.602379032258": 33,
    "8324.154999999999": 31,
    "9033.30324596774": 31,
    "9137.277678571427": 30,
    "9060.031666666666": 29,
    "9061.877380952381": 29,
    "9116.919598214285": 29,
    "9694.485322580646": 29,
    "9902.5625": 29,
    "10179.800000000001": 29,
    "20042.38174107143": 29,
    "8795.98260080645": 28,
    "8974.073548387096": 28,
    "9180.172433035714": 28,
    "18932.2615625": 28,
    "8048.847142857143": 27,
    "9083.86508064516": 27,
    "9156.828888888887": 27,
    "9165.669047619047": 27,
    "9168.984107142856": 27,
    "7839.28375": 26,
    "9121.744508928572": 26,
    "9134.175982142857": 26,
    "9544.001999999999": 26,
    "20319.91178571429": 26,
    "24010.759314516126": 26,
    "49442.70375": 26,
    "8988.9": 25,
    "17490.895846774194": 25,
    "9119.258214285714": 24,
    "9114.657589285713": 23,
    "29139.164047619044": 23,
    "8518.049047619046": 22,
    "8934.183333333332": 22,
    "10179.8": 19,
    "13730.81137096774": 19,
    "9089.422678571429": 18,
    "14584.290863095237": 18,
    "17267.081294642856": 18,
    "19487.321651785714": 18,
    "8809.99111111111": 17,
    "9908.723333333333": 16,
    "20597.44183035714": 16,
    "7512.66": 15,
    "8566.078225806452": 15,
    "8912.170833333334": 15,
    "9101.5379375": 15,
    "9116.771919642857": 15,
    "8111.165714285713": 14,
    "8184.07322580645": 14,
    "8503.79380952381": 14,
    "9092.037499999999": 14,
    "9110.418055555556": 14,
    "9154.066339285713": 14,
    "9154.314968749999": 14,
    "9165.25466517857": 14,
    "8406.305238095238": 13,
    "8591.32387096774": 13,
    "8951.724274193546": 12,
    "9131.6896875": 12,
    "9164.011517857141": 12,
    "15324.370982142858": 12,
    "18654.73151785714": 12,
    "8069.188125": 11,
    "15185.605959821429": 11,
    "9141.634866071427": 10,
    "8545.418616071429": 9,
    "8578.262098214285": 9,
    "8676.792544642856": 9,
    "9161.525223214285": 9,
    "10003.321935483871": 9,
    "9146.607455357142": 8,
    "9625.324999999999": 8,
    "8497.294677419355": 7,
    "8561.840357142855": 7,
    "8622.34": 7,
    "16406.73815625": 7,
    "8396.296532258064": 6,
    "8868.379523809524": 6,
    "8890.275178571428": 6,
    "8901.22300595238": 6,
    "9126.717098214285": 6,
    "9156.55263392857": 6,
    "9164.813548387096": 6,
    "16156.961116071428": 6,
    "8742.47950892857": 5,
    "9006.135749999998": 5,
    "9791.6675": 5,
    "8611.105580357142": 4,
    "8660.370803571428": 4,
    "8797.218645833333": 4,
    "8943.540645161289": 4,
    "9132.518452380951": 4,
    "9154.895104166666": 4,
    "9172.299166666666": 4,
    "9958.01": 4,
    "8401.272222222222": 3,
    "8666.274761904762": 3,
    "8964.173013392856": 3,
    "9078.46544642857": 3,
    "9155.309486607142": 3,
    "16295.726138392856": 3,
    "18839.751547619046": 3,
    "7951.35857142857": 2,
    "8178.831904761903": 2,
    "8483.896964285714": 2,
    "8643.9490625": 2,
    "8709.636026785713": 2,
    "8729.236169354837": 2,
    "8734.41193548387": 2,
    "8793.386906249998": 2,
    "8849.220825892855": 2,
    "9132.753660714285": 2,
    "9162.567862903226": 2,
    "9717.7375": 2,
    "9969.934193548386": 2,
    "10105.87": 2,
    "13520.425691964285": 2,
    "14214.250803571427": 2,
    "14491.780848214286": 2,
    "15601.901026785714": 2,
    "17822.14138392857": 2,
    "18470.228562499997": 2,
    "25308.3075": 2,
    "33736.1919047619": 2,
    "8565.297565789473": 1,
    "8601.598256578947": 1,