{
  "colors": {
    "#a9b2c3": 5886,
    "#e06c75": 1706,
    "#c6ccd7": 1298,
    "#61afef": 609,
    "#b57edc": 421,
    "#56b6c2": 324,
    "#5f6672": 223,
    "#98c379": 115,
    "#e5c07b": 15
  },
  "cccts": {
    "9218.71": 10526,
    "0.0": 6194,
    "9170.453809523808": 2189,
    "9148.519177489175": 1476,
    "9175.312857142855": 1273,
    "9139.745324675325": 1246,
    "9075.451818181817": 1114,
    "14062.870779220777": 1095,
    "9188.001515151513": 926,
    "9091.369393939394": 894,
    "9144.13225108225": 869,
    "9192.189523809522": 803,
    "9152.906103896104": 736,
    "9131.163333333332": 718,
    "9163.87341991342": 704,
    "12179.030476190477": 689,
    "9133.164935064933": 671,
    "9180.134761904761": 669,
    "9196.775367965367": 664,
    "15348.080476190475": 661,
    "9039.637272727272": 649,
    "18134.157965367966": 636,
    "8831.456753246752": 626,
    "9120.004155844155": 625,
    "12582.71054112554": 601,
    "9083.410606060605": 578,
    "10564.310216450214": 575,
    "8661.065324675325": 573,
    "9119.225151515151": 508,
    "13524.630692640692": 499,
    "8877.927142857141": 476,
    "9205.549220779221": 474,
    "8970.867922077921": 470,
    "9162.052619047618": 444,
    "9188.573095238095": 438,
    "19248.58896103896": 429,
    "9171.69642857143": 417,
    "9177.723809523808": 411,
    "9063.513636363636": 398,
    "15273.910974025974": 393,
    "9130.97147186147": 373,
    "17019.726969696967": 362,
    "9157.29303030303": 350,
    "13793.750735930736": 329,
    "8800.476493506492": 326,
    "9184.956666666665": 299,
    "8932.075974025973": 295,
    "9031.678484848484": 292,
    "9107.28696969697": 286,
    "9178.91606060606": 275,
    "9122.197619047618": 274,
    "9093.682597402596": 269,
    "9186.162142857142": 257,
    "14466.550844155845": 257,
    "9128.778008658008": 254,
    "16183.903722943722": 250,
    "20084.412207792207": 236,
    "9115.617229437228": 235,
    "9161.679956709955": 233,
    "15543.031017316018": 222,
    "9141.938787878787": 194,
    "9124.391082251082": 189,
    "9150.712640692642": 189,
    "12986.390606060606": 188,
    "9027.69909090909": 185,
    "8991.884545454544": 178,
    "9043.54476190476": 174,
    "9104.649913419913": 170,
    "22313.274199134197": 169,
    "8351.262727272728": 162,
    "8723.025844155844": 149,
    "9630.925757575757": 146,
    "18691.37346320346": 145,
    "9164.46357142857": 144,
    "8614.594935064933": 143,
    "8963.924199134199": 142,
    "15677.591038961038": 137,
    "9155.099567099567": 128,
    "16888.631233766235": 128,
    "9019.658593073593": 125,
    "9190.984047619047": 124,
    "9149.997857142856": 119,
    "9514.43": 115,
    "9168.08": 109,
    "8784.986363636363": 107,
    "8908.189805194805": 107,
    "8846.946883116882": 105,
    "8844.493354978353": 100,
    "9160.847142857143": 99,
    "9203.355757575757": 97,
    "9210.271666666666": 96,
    "8948.000086580085": 95,
    "9109.036839826838": 91,
    "9043.616666666667": 90,
    "9146.325714285713": 90,
    "9165.669047619047": 89,
    "8630.085064935063": 88,
    "9125.76922077922": 85,
    "9113.423766233765": 82,
    "9168.260346320345": 76,
    "13659.190714285713": 75,
    "9206.655238095238": 70,
    "9087.39": 66,
    "9178.929285714286": 66,
    "8490.673896103895": 65,
    "8860.417467532467": 61,
    "9137.551861471862": 60,
    "9478.585151515152": 58,
    "9183.75119047619": 57,
    "9201.833333333334": 57,
    "8995.772424242425": 51,
    "8908.907402597402": 48,
    "15139.350952380953": 48,
    "17298.33471861472": 48,
    "8692.045584415584": 46,
    "9201.162294372294": 44,
    "9211.477142857142": 42,
    "8537.144285714285": 40,
    "8707.535714285714": 40,
    "9106.843376623376": 39,
    "9181.340238095238": 38,
    "13120.950627705626": 36,
    "8836.531298701299": 32,
    "9156.025238095239": 32,
    "8568.124545454544": 31,
    "8840.57251082251": 31,
    "9103.307575757575": 29,
    "9550.274848484847": 29,
    "9684.69303030303": 29,
    "9729.49909090909": 29,
    "8764.872792207792": 28,
    "9162.975606060605": 28,
    "13928.310757575757": 28,
    "8793.305324675324": 27,
    "9182.545714285714": 27,
    "9209.06619047619": 27,
    "9415.856666666665": 27,
    "9170.937662337663": 26,
    "12004.787489177488": 26,
    "14601.110865800865": 26,
    "25099.35168831169": 26,
    "9051.575454545455": 25,
    "14197.430800865799": 25,
    "9170.490952380951": 24,
    "9117.81069264069": 23,
    "14870.23090909091": 23,
    "16215.831125541124": 23,
    "16462.511471861468": 23,
    "9115.245757575756": 22,
    "22591.881948051945": 22,
    "9174.10738095238": 20,
    "9568.197272727271": 20,
    "9107.241212121211": 18,
    "8923.290086580086": 17,
    "9155.013549783549": 17,
    "8958.740476190475": 16,
    "9469.62393939394": 16,
    "14735.670887445885": 16,
    "8868.379523809523": 15,
    "9100.542034632035": 15,
    "9169.285476190475": 15,
    "8651.503766233765": 14,
    "8663.320562770561": 14,
    "8815.966623376622": 14,
    "9126.584545454545": 14,
    "9166.874523809522": 14,
    "8545.152597402597": 13,
    "8884.303636363637": 12,
    "9176.518333333333": 12,
    "8955.962142857143": 11,
    "8987.810367965367": 11,
    "9139.089437229435": 11,
    "15004.790930735931": 11,
    "9163.258095238094": 10,
    "8892.26569264069": 9,
    "9639.886969696969": 9,
    "8804.683073593073": 8,
    "9613.003333333334": 8,
    "8900.227748917749": 7,
    "9001.84818181818": 7,
    "9158.43619047619": 7,
    "15946.711082251082": 7,
    "8335.772597402598": 6,
    "8924.113917748917": 6,
    "8979.84831168831": 6,
    "9189.77857142857": 6,
    "8971.886255411255": 5,
    "9071.472424242424": 5,
    "9496.507575757576": 5,
    "9187.367619047618": 4,
    "9577.158484848484": 4,
    "13390.070670995672": 4,
    "8816.938917748916": 3,
    "9091.317099567099": 3,
    "9157.230714285713": 3,
    "12717.270562770564": 3,
    "15408.470995670996": 3,
    "16081.271103896104": 3,
    "8506.164025974025": 2,
    "8757.854935064934": 2,
    "8940.038030303029": 2,
    "9135.358398268396": 2,
    "9460.662727272727": 2,
    "9541.313636363635": 2,
    "9621.964545454546": 2,
    "14331.990822510823": 2,
    "15626.688225108222": 2,
    "20363.019956709955": 2,
    "8812.645129870129": 1,
    "8876.341580086579": 1,
    "9003.734480519479": 1,
    "9059.468874458873": 1,
    "9151.203333333333": 1,
    "9199.422380952381": 1,
    "21756.058701298698": 1
  },
  "source": {
    "analyze": "dark",
    "fontface": "Consolas-Regular",
    "fontsize": 14,
    "language": "c",
    "theme": "Plastic"
  },
  "average": 9016.847289685114,
  "diff65": 38.72072753361714
}
