{
  "colors": {
    "#a9b2c3": 3706,
    "#e06c75": 1706,
    "#c6ccd7": 1298,
    "#61afef": 609,
    "#b57edc": 421,
    "#56b6c2": 324,
    "#5f6672": 223,
    "#98c379": 115,
    "#e5c07b": 15
  },
  "cccts": {
    "4330.89": 1205,
    "4102.665": 1177,
    "35692.72": 1074,
    "3690.115": 1057,
    "1031.135": 1043,
    "2460.0766666666664": 936,
    "2393.22125": 903,
    "1880.388125": 874,
    "1709.4437500000001": 736,
    "1823.4066666666665": 736,
    "1735.7428846153846": 732,
    "2887.26": 695,
    "2735.1099999999997": 666,
    "5128.33125": 664,
    "45978.49666666666": 656,
    "3193.36875": 649,
    "1832.2996153846154": 599,
    "3550.3831730769234": 596,
    "1937.3695833333334": 587,
    "1742.5543055555554": 578,
    "44615.9": 575,
    "23795.146666666667": 547,
    "2849.0729166666665": 527,
    "1561.2024999999999": 503,
    "24786.61111111111": 482,
    "2256.4657500000003": 474,
    "6153.9974999999995": 474,
    "3914.4582692307695": 444,
    "4444.55375": 433,
    "68967.745": 429,
    "15100.766153846154": 419,
    "42146.95527777778": 410,
    "4691.7975": 409,
    "3333.4153125": 407,
    "3997.624583333333": 398,
    "2562.579861111111": 393,
    "30887.93076923077": 393,
    "2045.1425000000002": 385,
    "436.24942307692305": 365,
    "53641.57944444444": 362,
    "870.02015625": 326,
    "16854.895555555555": 317,
    "3007.5625": 304,
    "3418.8875000000003": 297,
    "3335.29625": 292,
    "2770.12": 286,
    "2870.0894444444443": 286,
    "3368.4700000000003": 286,
    "716.0659722222222": 283,
    "247.8689903846154": 276,
    "4612.643749999999": 275,
    "21812.21777777778": 270,
    "2248.576009615385": 269,
    "2526.3525000000004": 257,
    "3654.1884375000004": 256,
    "3504.3596875": 254,
    "29178.661346153844": 251,
    "38667.113333333335": 251,
    "47894.26736111111": 250,
    "2051.3325": 248,
    "74715.05708333332": 236,
    "3708.177980769231": 235,
    "3190.9616666666666": 226,
    "2507.184166666667": 224,
    "32260.727692307693": 222,
    "2255.070277777778": 215,
    "1568.6660294117646": 204,
    "3589.831875": 200,
    "2646.655": 198,
    "2991.5265624999997": 194,
    "1837.6520312500002": 189,
    "1324.81890625": 186,
    "2022.466875": 178,
    "986.2175480769231": 177,
    "27761.004444444447": 174,
    "62336.231057692305": 169,
    "555.2265384615384": 162,
    "3471.485769230769": 159,
    "3646.813333333333": 156,
    "687.4233333333333": 149,
    "1846.7466666666664": 146,
    "3200.5434375000004": 146,
    "32568.101805555554": 145,
    "3747.885576923077": 144,
    "1117.0629166666665": 143,
    "3280.102222222222": 143,
    "515.5675": 136,
    "1041.0793269230771": 131,
    "19562.356153846158": 128,
    "1660.1745000000003": 124,
    "2373.6608653846156": 119,
    "8579.98076923077": 119,
    "1171.9738461538461": 116,
    "887.046875": 115,
    "4592.0840625": 115,
    "801.9938888888889": 107,
    "475.90846153846155": 105,
    "3000.963333333333": 105,
    "2503.762307692308": 100,
    "1923.6944444444443": 93,
    "1308.112222222222": 91,
    "2136.8046875": 91,
    "2478.6934374999996": 90,
    "3122.4049999999997": 90,
    "31726.862222222222": 89,
    "1546.7024999999999": 85,
    "3664.599230769231": 79,
    "2906.054375": 78,
    "1387.6661029411766": 76,
    "2413.3323529411764": 76,
    "630.1380555555556": 75,
    "5413.6125": 70,
    "1499.154230769231": 69,
    "931.9874038461538": 65,
    "2820.5821875": 63,
    "358.0329861111111": 60,
    "2397.2192307692308": 59,
    "1595.4808333333333": 58,
    "4035.4678125": 58,
    "1277.3474999999999": 57,
    "1615.9033333333334": 54,
    "1692.851111111111": 54,
    "24538.745000000003": 50,
    "1744.3862500000002": 49,
    "7236.01125": 48,
    "27778.67506944444": 48,
    "486.9248611111111": 46,
    "3849.6800000000003": 46,
    "3162.4709375": 45,
    "1253.1166666666666": 43,
    "6496.335000000001": 42,
    "654.3741346153846": 40,
    "872.4988461538461": 40,
    "2154.5377777777776": 40,
    "1420.1532692307692": 39,
    "2179.54078125": 39,
    "1652.4622916666667": 38,
    "2536.9540625": 38,
    "20820.753333333334": 37,
    "567.1242500000001": 36,
    "30201.53230769231": 36,
    "2748.4494230769233": 33,
    "2977.486875": 33,
    "601.4954166666668": 31,
    "665.8942307692307": 31,
    "1538.4993749999999": 30,
    "1486.2963194444444": 29,
    "1923.12421875": 29,
    "2963.0358333333334": 29,
    "3660.822259615385": 29,
    "5148.700312500001": 29,
    "29000.335": 29,
    "1398.5165625000002": 28,
    "1518.2388461538462": 28,
    "2341.8037499999996": 28,
    "26025.941666666666": 28,
    "1804.5375000000001": 27,
    "1879.675": 27,
    "1924.8400000000001": 27,
    "2165.445": 27,
    "2603.6143269230765": 27,
    "2449.1115": 26,
    "3067.7137500000003": 26,
    "3518.8481250000004": 26,
    "4155.18": 26,
    "29743.933333333334": 26,
    "37799.62947115385": 26,
    "86209.68125": 26,
    "2152.5670833333334": 25,
    "22651.14923076923": 25,
    "3609.0750000000003": 24,
    "1965.8603125": 23,
    "49810.03805555555": 23,
    "2462.3288888888887": 22,
    "2665.0830555555553": 22,
    "12355.172307692308": 19,
    "1385.06": 18,
    "14376.234444444446": 18,
    "21564.351666666666": 18,
    "27513.138333333336": 18,
    "5195.085": 16,
    "30487.531666666666": 16,
    "1077.2688888888888": 15,
    "2232.332426470588": 15,
    "2343.9476923076923": 15,
    "2349.59375": 15,
    "3699.301875": 15,
    "744.708611111111": 14,
    "1148.6902777777777": 14,
    "1698.9370192307692": 14,
    "1939.8778125000001": 14,
    "2345.89875": 14,
    "2356.513676470588": 14,
    "3789.5287500000004": 14,
    "1030.2064903846156": 13,
    "1305.329861111111": 13,
    "958.8876923076922": 12,
    "1984.99125": 12,
    "3157.940625": 12,
    "16359.163333333334": 12,
    "25282.343333333334": 12,
    "3462.6499999999996": 11,
    "15987.364166666668": 11,
    "2797.0331250000004": 10,
    "1904.4575": 9,
    "2075.2181250000003": 9,
    "2250.7225": 9,
    "2366.1441666666665": 9,
    "6037.145480769232": 9,
    "2616.5793750000003": 8,
    "3061.389375": 8,
    "400.99694444444447": 7,
    "495.7379807692308": 7,
    "2308.4333333333334": 7,
    "19421.038823529412": 7,
    "565.1412980769231": 6,
    "1115.7427777777777": 6,
    "1154.2166666666667": 6,
    "1231.1644444444444": 6,
    "1998.872307692308": 6,
    "2255.6718750000005": 6,
    "3338.3943750000003": 6,
    "18589.958333333336": 6,
    "1673.6141666666665": 5,
    "2007.8566911764703": 5,
    "4313.7759375000005": 5,
    "451.8449519230769": 4,
    "1523.566": 4,
    "1684.2350000000001": 4,
    "1962.1683333333333": 4,
    "2135.3008333333332": 4,
    "2381.9895000000006": 4,
    "3127.8650000000002": 4,
    "5566.1625": 4,
    "887.6243055555556": 3,
    "894.5179166666667": 3,
    "2300.7853125": 3,
    "2649.6378125": 3,
    "18961.7575": 3,
    "25778.075555555555": 3,
    "494.08552083333336": 2,
    "795.2471153846153": 2,
    "1298.4937499999999": 2,
    "1507.271176470588": 2,
    "1623.9715625": 2,
    "1670.822222222222": 2,
    "1757.960769230769": 2,
    "1789.0358333333334": 2,
    "2019.8791666666664": 2,
    "2036.314583333333": 2,
    "2082.1586538461543": 2,
    "3757.1596875000005": 2,
    "5780.245673076924": 2,
    "6679.395": 2,
    "11525.774166666668": 2,
    "13384.77": 2,
    "14128.368333333334": 2,
    "17102.76166666667": 2,
    "23051.548333333336": 2,
    "23327.32551470588": 2,
    "40569.26176470588": 2,
    "61304.662222222214": 2,
    "1200.3853333333334": 1,
    "1240.7829166666668": 1,
    "1331.7884615384614": 1,
    "1503.78125": 1,
    "2207.439375": 1,
    "2222.276875": 1,
    "2332.0176923076924": 1,
    "2337.2887499999997": 1,
    "2436.125625": 1,
    "2825.8978846153846": 1,
    "4150.436250000001": 1,
    "4511.343750000001": 1,
    "5427.008437500001": 1,
    "34205.52333333334": 1,
    "37179.91666666667": 1,
    "59683.62548076923": 1
  },
  "source": {
    "analyze": "dark",