{
  "colors": {
    "#d4d4d4": 3366,
    "#9cdcfe": 1327,
    "#569cd6": 660,
    "#c586c0": 543,
    "#dcdcaa": 413,
    "#b5cea8": 243,
    "#6a9955": 223,
    "#ce9178": 174,
    "#d7ba7d": 24,
    "#4ec9b0": 15
  },
  "cccts": {
    "3251.72": 1647,
    "2839.955": 1205,
    "2519.835": 1074,
    "6822.925": 1059,
    "4548.616666666667": 936,
    "1896.8366666666666": 903,
    "1490.3716666666664": 874,
    "1354.8833333333332": 736,
    "1445.2088888888886": 736,
    "1375.7276923076922": 732,
    "1893.3033333333333": 695,
    "2167.813333333333": 666,
    "4064.6499999999996": 664,
    "46132.87333333333": 656,
    "5904.454326923077": 651,
    "1201.519423076923": 599,
    "2813.9884615384613": 596,
    "1535.5344444444443": 587,
    "3221.9368055555556": 578,
    "3347.77": 559,
    "4877.58": 559,
    "3149.79375": 551,
    "1679.8899999999999": 547,
    "2258.1388888888887": 527,
    "1788.4460000000001": 510,
    "2886.6221153846154": 504,
    "1749.8854166666667": 482,
    "2566.882403846154": 444,
    "69199.31": 443,
    "3522.6966666666663": 433,
    "1066.0840384615385": 419,
    "42288.46722222222": 410,
    "3076.6179166666666": 409,
    "2642.0225": 407,
    "7391.502083333333": 398,
    "2180.6264423076923": 393,
    "4738.142361111111": 393,
    "1341.089861111111": 385,
    "53821.68555555555": 376,
    "1416.3642307692307": 351,
    "1625.86": 340,
    "2743.6387499999996": 326,
    "1189.9220833333334": 317,
    "1972.1909722222222": 304,
    "5306.719444444445": 302,
    "6166.87451923077": 301,
    "2709.7666666666664": 297,
    "1616.03": 286,
    "2208.853888888889": 286,
    "2324.840277777778": 283,
    "8528.65625": 275,
    "74965.91916666666": 273,
    "1539.8991666666668": 270,
    "1782.1926923076924": 269,
    "29276.631153846152": 265,
    "804.7524038461538": 262,
    "1656.6404166666666": 257,
    "2396.21203125": 256,
    "2777.5108333333333": 254,
    "48055.07638888888": 250,
    "2729.82125": 243,
    "2939.0546153846153": 235,
    "2529.1155555555556": 226,
    "1987.1622222222222": 224,
    "2277.5431730769233": 222,
    "4169.565277777779": 215,
    "3739.487740384616": 207,
    "1243.304705882353": 204,
    "1414.02625": 200,
    "1735.5280555555557": 198,
    "2371.045833333333": 194,
    "1456.4995833333332": 189,
    "1050.0345833333333": 186,
    "781.6634615384615": 177,
    "1959.8716666666667": 174,
    "62545.53019230769": 169,
    "1750.9261538461537": 162,
    "2751.4553846153844": 159,
    "32677.45194444444": 159,
    "2890.4177777777772": 156,
    "2231.8466666666664": 149,
    "1077.3533333333332": 146,
    "2457.6533653846154": 144,
    "1425.3004166666667": 143,
    "3626.750833333333": 143,
    "6064.822222222222": 143,
    "682.6814903846154": 131,
    "1381.0634134615386": 128,
    "1088.6494166666666": 124,
    "605.7295673076924": 119,
    "1556.5137980769232": 119,
    "683.7049999999999": 116,
    "1640.126201923077": 115,
    "2044.99625": 113,
    "1500.793846153846": 105,
    "1750.6991666666665": 105,
    "1460.6425": 100,
    "1122.2430555555554": 93,
    "2603.8211111111113": 93,
    "763.1252777777778": 91,
    "1693.6041666666667": 91,
    "1964.5808333333332": 90,
    "5773.244230769231": 90,
    "2239.8533333333335": 89,
    "2403.038846153846": 79,
    "2303.3016666666667": 78,
    "1099.8464705882352": 76,
    "1912.7764705882353": 76,
    "2045.8594444444445": 75,
    "3549.94375": 70,
    "983.0613461538461": 69,
    "41807.916458333326": 67,
    "1264.5577777777778": 65,
    "3025.8690384615384": 65,
    "2235.5575": 63,
    "808.015": 62,
    "1129.0694444444443": 60,
    "1398.4875": 59,
    "2361.7817307692308": 57,
    "942.6841666666667": 54,
    "987.573888888889": 54,
    "86499.1375": 50,
    "1143.8707638888889": 49,
    "27871.944305555557": 48,
    "2524.4044444444444": 46,
    "2506.534166666667": 45,
    "3097.64": 43,
    "4259.9325": 42,
    "1256.9122222222222": 40,
    "1732.3865625": 40,
    "2124.546346153846": 40,
    "2832.7284615384615": 40,
    "4690.7609375": 40,
    "1125.5953846153845": 39,
    "1727.47625": 39,
    "1309.7205555555556": 38,
    "49977.279444444444": 37,
    "2132.168076923077": 36,
    "53341.13479166667": 35,
    "1802.2791346153845": 33,
    "1952.4690624999998": 33,
    "1580.8913888888887": 32,
    "388.46875": 31,
    "1952.8658333333335": 31,
    "1219.395": 30,
    "1569.2671875": 29,
    "2348.4644444444443": 29,
    "2748.1225694444447": 29,
    "885.7087500000001": 28,
    "917.0688020833334": 28,
    "4329.933173076923": 28,
    "1183.3145833333333": 27,
    "1262.2022222222222": 27,
    "1419.9775": 27,
    "2063.591538461538": 27,
    "4646.46": 27,
    "729.6978333333333": 26,
    "1469.9037500000002": 26,
    "2011.6347916666666": 26,
    "2307.4634375": 26,
    "2424.045": 26,
    "37926.54490384616": 26,
    "1599.1260576923075": 25,
    "3980.0395833333337": 25,
    "2366.6291666666666": 24,
    "1558.1158333333333": 23,
    "1436.471111111111": 22,
    "4927.668055555556": 22,
    "56224.439375": 21,
    "872.2505769230769": 19,
    "2155.9254166666665": 19,
    "1014.9335416666667": 18,
    "57666.09166666667": 18,
    "628.4561111111111": 15,
    "1367.4099999999999": 15,
    "1769.3182352941174": 15,
    "2425.794895833333": 15,
    "5808.075": 15,
    "50457.830208333326": 15,
    "59107.743958333325": 15,
    "1272.0631770833334": 14,
    "1538.3089583333333": 14,
    "1545.269632352941": 14,
    "2484.9606249999997": 14,
    "2839.5033333333336": 14,
    "4199.685": 14,
    "16634.44951923077": 14,
    "1837.3796875": 13,
    "2546.6175000000003": 13,
    "3226.708333333333": 13,
    "559.395": 12,
    "1301.6460416666666": 12,
    "1942.3728125": 12,
    "2070.8005208333334": 12,
    "2020.0375": 11,
    "40366.26416666667": 11,
    "1834.1376041666667": 10,
    "47574.525624999995": 10,
    "1111.0206249999999": 9,
    "1313.024375": 9,
    "1360.8117708333334": 9,
    "1380.3589583333332": 9,
    "1522.4003125": 9,
    "49016.17791666667": 9,
    "1154.924375": 8,
    "1363.3308333333332": 8,
    "1715.8061458333332": 8,
    "2047.3659375": 8,
    "2099.8625": 8,
    "1346.6916666666666": 7,
    "1371.0866911764706": 7,
    "1563.326923076923": 7,
    "30995.524270833335": 7,
    "650.9009722222222": 6,
    "673.3458333333333": 6,
    "718.2355555555555": 6,
    "1310.7484615384615": 6,
    "1479.1432291666667": 6,
    "1834.835480769231": 6,
    "2189.1319791666665": 6,
    "976.3514583333333": 5,
    "1921.0570833333334": 5,
    "3712.4738970588232": 5,
    "888.8165": 4,
    "1104.4269444444444": 4,
    "1116.9375": 4,
    "1128.67609375": 4,
    "1144.6879166666668": 4,
    "1245.6897916666667": 4,
    "1561.9752500000002": 4,
    "2051.078611111111": 4,
    "2478.7833333333333": 4,
    "31716.350416666664": 4,
    "521.8430208333333": 3,
    "953.5823958333334": 3,
    "1312.4140625": 3,
    "1508.72609375": 3,
    "1784.883125": 3,
    "1819.8808333333334": 3,
    "2100.0691666666667": 3,
    "2194.1616666666664": 3,
    "36041.30729166667": 3,
    "36762.1334375": 3,
    "757.5140625": 2,
    "879.3104411764705": 2,
    "944.938125": 2,
    "1025.5575": 2,
    "1043.6860416666666": 2,
    "1178.3552083333332": 2,
    "1287.1391666666666": 2,
    "1365.3629807692307": 2,
    "1673.17875": 2,
    "1965.81": 2,
    "3269.3182291666667": 2,
    "4130.1866666666665": 2,
    "5033.665": 2,
    "22345.610520833336": 2,
    "23405.648970588234": 2,
    "27391.393541666665": 2,
    "33158.00270833333": 2,
    "40705.47647058823": 2,
    "44691.22104166667": 2,
    "61510.497777777775": 2,
    "700.2796666666667": 1,
    "723.8467708333334": 1,
    "776.9375": 1,
    "986.0954861111111": 1,
    "1287.77390625": 1,
    "1363.5253125": 1,
    "1529.2065384615385": 1,
    "1597.4746875": 1,
    "1761.3483333333331": 1,
    "2152.3590625": 1,
    "2414.841875": 1,
    "2416.81375": 1,
    "2624.828125": 1,
    "2721.623541666667": 1,
    "2958.2864583333335": 1,
    "59884.01826923077": 1
  },