{
  "colors": {
    "#d4d4d4": 4751,
    "#9cdcfe": 1327,
    "#569cd6": 671,
    "#c586c0": 543,
    "#dcdcaa": 413,
    "#b5cea8": 243,
    "#6a9955": 223,
    "#ce9178": 174,
    "#d7ba7d": 24,
    "#4ec9b0": 15
  },
  "cccts": {
    "6503.44": 22562,
    "0.0": 6194,
    "6503.4400000000005": 2671,
    "6326.9692857142845": 1204,
    "6189.775": 1074,
    "8033.956428571428": 1059,
    "7523.784285714285": 751,
    "25345.608571428573": 656,
    "7799.441814516128": 651,
    "6430.3849193548385": 599,
    "6385.792857142857": 596,
    "7226.183869047619": 578,
    "6544.604285714286": 559,
    "6046.011875": 551,
    "6294.33": 547,
    "7137.040887096774": 504,
    "6285.617083333333": 482,
    "6503.439999999999": 470,
    "6347.367782258064": 444,
    "34766.69285714286": 443,
    "6373.589435483871": 419,
    "23775.427857142855": 410,
    "6312.263392857143": 409,
    "8161.499464285714": 398,
    "6237.836572580644": 393,
    "7566.29863095238": 393,
    "6420.106607142857": 385,
    "28485.97": 376,
    "6520.481129032258": 351,
    "6355.320416666666": 317,
    "6380.890892857143": 304,
    "7693.841666666666": 302,
    "7857.041895161291": 301,
    "6366.185": 286,
    "5802.43": 283,
    "6532.026309523809": 283,
    "8735.443125": 275,
    "6311.755833333334": 270,
    "18203.81887096774": 265,
    "6513.122459677419": 262,
    "6357.155065789474": 256,
    "26130.69892857143": 250,
    "37121.96392857142": 236,
    "6163.63625": 228,
    "6226.031975806452": 222,
    "7438.755595238095": 215,
    "7324.241149193548": 207,
    "5867.338333333333": 200,
    "6395.596785714286": 198,
    "7523.784285714286": 185,
    "6259.478333333333": 174,
    "31499.703951612904": 169,
    "19849.976071428573": 159,
    "6530.882857142858": 149,
    "6400.49875": 148,
    "6354.009153225806": 144,
    "6446.519107142857": 143,
    "6548.034642857142": 143,
    "7863.899047619047": 143,
    "6461.931431451612": 131,
    "6335.224495967741": 128,
    "6435.792892857142": 124,
    "6408.800463709677": 119,
    "6429.661270161289": 119,
    "6213.236935483871": 116,
    "6863.440504032257": 115,
    "6036.099999999999": 114,
    "6421.770892857143": 113,
    "6400.498750000001": 109,
    "5744.012499999999": 105,
    "5883.460725806452": 100,
    "6385.7928571428565": 99,
    "6016.6275": 93,
    "6535.456666666667": 93,
    "6172.407499999999": 91,
    "7770.641774193549": 90,
    "6224.626666666667": 89,
    "6357.3298387096775": 79,
    "6528.595952380953": 75,
    "6246.086875": 70,
    "6443.667661290323": 69,
    "23579.15526785714": 67,
    "6539.846048387096": 65,
    "6139.953333333333": 61,
    "5909.842822580645": 59,
    "7021.840725806452": 57,
    "6075.045": 54,
    "6094.5175": 54,
    "47720.68375": 50,
    "6432.361517857142": 49,
    "17887.250178571427": 48,
    "6346.5771428571425": 46,
    "6901.937142857142": 43,
    "6194.616249999999": 42,
    "5958.21": 40,
    "6287.7953125": 40,
    "6529.001693548386": 40,
    "6537.522258064516": 40,
    "7555.670044642858": 40,
    "26915.789285714283": 37,
    "37121.96392857143": 37,
    "6243.738870967742": 36,
    "28289.697410714285": 35,
    "6382.116383928572": 33,
    "6393.857379032258": 33,
    "6036.1": 32,
    "6522.87869047619": 32,
    "6338.551895161289": 31,
    "6527.4525": 31,
    "6522.73575892857": 29,
    "7119.898005952381": 29,
    "6127.495120967741": 28,
    "6446.454665178571": 28,
    "7453.841330645161": 28,
    "6411.936666666666": 27,
    "6425.0085714285715": 27,
    "6429.910535714285": 27,
    "7101.185714285714": 27,
    "5276.6725": 26,
    "6305.183071428571": 26,
    "6320.46875": 26,
    "6360.057544642857": 26,
    "6378.439910714284": 26,
    "21660.748991935485": 26,
    "6308.664153225806": 25,
    "7396.24125": 25,
    "6356.381071428571": 24,
    "5880.32": 22,
    "7608.812976190477": 22,
    "29467.33294642857": 21,
    "5917.680892857143": 19,
    "6397.198629032258": 19,
    "6377.102708333333": 18,
    "30056.15071428571": 18,
    "5923.033870967742": 15,
    "6163.6362500000005": 15,
    "6230.824999999999": 15,
    "6352.704598214286": 15,
    "7375.1525": 15,
    "27112.061875000003": 15,
    "30644.968482142856": 15,
    "6343.309166666666": 14,
    "6407.851696428571": 14,
    "6408.219343749999": 14,
    "6424.395825892856": 14,
    "6868.729047619047": 14,
    "7032.091451612903": 14,
    "13151.382540322582": 14,
    "6274.725937499999": 13,
    "6824.005241935483": 13,
    "6918.54119047619": 13,
    "6261.6565625": 12,
    "6266.001129032258": 12,
    "6374.7634375": 12,
    "6422.557589285714": 12,
    "5481.13375": 11,
    "22990.337499999998": 11,
    "6389.469330357142": 10,
    "25934.426339285714": 10,
    "5904.6606249999995": 9,
    "5933.869375": 9,
    "6021.4956250000005": 9,
    "6313.934062499999": 9,
    "6418.881116071428": 9,
    "26523.244107142855": 9,
    "6242.0525": 8,
    "6248.587187499999": 8,
    "6359.676874999999": 8,
    "6396.822276785713": 8,
    "6448.993928571428": 8,
    "5919.264999999999": 7,
    "6334.19159375": 7,
    "19163.02200892857": 7,
    "6191.879999999999": 6,
    "6211.3525": 6,
    "6221.08875": 6,
    "6367.410491071429": 6,
    "6411.5281696428565": 6,
    "6423.743548387097": 6,
    "6525.5160080645155": 6,
    "6079.913124999999": 5,
    "6426.720535714286": 5,
    "7329.281156249999": 5,
    "5963.078125": 4,
    "6006.89125": 4,
    "6128.594375000001": 4,
    "6362.94421875": 4,
    "6375.988928571428": 4,
    "6404.447142857142": 4,
    "6409.0771875": 4,
    "6434.8125": 4,
    "6644.03879032258": 4,
    "19457.43089285714": 4,
    "5776.466666666666": 3,
    "6244.354241071428": 3,
    "6276.904166666666": 3,
    "6277.0721875": 3,
    "6281.260625": 3,
    "6340.0728125": 3,
    "6409.689933035714": 3,
    "6785.70880952381": 3,
    "21223.88419642857": 3,
    "21518.293080357143": 3,
    "5992.286875": 2,
    "6050.704375": 2,
    "6068.135403225806": 2,
    "6125.1866875": 2,
    "6174.8415625": 2,
    "6385.815625": 2,
    "6420.422862903225": 2,
    "6436.6198214285705": 2,
    "6750.893870967741": 2,
    "7034.769523809524": 2,
    "7150.997857142856": 2,
    "7236.812455357142": 2,
    "15630.115401785713": 2,
    "15983.406062499998": 2,
    "17690.97758928571": 2,
    "20046.248660714282": 2,
    "22990.3375": 2,
    "24756.790803571428": 2,
    "31626.331428571426": 2,
    "5922.339605263158": 1,
    "5954.622960526315": 1,
    "6162.671249999999": 1,
    "6173.66379032258": 1,
    "6176.705625": 1,
    "6189.4459375": 1,
    "6199.669": 1,
    "6202.844375": 1,
    "6235.5178125": 1,
    "6319.616339285713": 1,
    "6320.4333333333325": 1,
    "6334.322232142856": 1,
    "6404.175223214285": 1,
    "6406.921964285714": 1,
    "6410.460806451612": 1,
    "6442.165446428571": 1,
    "30436.033145161284": 1
  },
  "source": {
    "analyze": "dark",
    "fontface": "Consolas-Regular",
    "fontsize": 14,
    "language": "c",
    "theme": "Default"
  },
  "average": 7120.6001264787865,
  "diff65": 9.547694253519792
}
