{
  "colors": {
    "#868d9c": 4760,
    "#ffffff": 3359,
    "#78dce8": 1646,
    "#ffd866": 852,
    "#ff6188": 777,
    "#fc9867": 764,
    "#ab9df2": 439,
    "#a9dc76": 174,
    "#fc6a67": 81,
    "#78e8c6": 20
  },
  "cccts": {
    "27848.71": 10526,
    "0.0": 6194,
    "26271.741919191918": 1737,
    "26582.94434343434": 1615,
    "26345.613282828283": 1571,
    "26764.544444444444": 1524,
    "25738.51606060606": 1285,
    "25976.060404040403": 1117,
    "25885.932626262627": 1116,
    "26424.723636363637": 1044,
    "25342.854696969694": 1014,
    "26074.620909090907": 977,
    "26863.104949494948": 966,
    "33557.971414141415": 965,
    "26468.862929292925": 888,
    "26567.423434343433": 886,
    "26370.302424242425": 834,
    "25950.061515151512": 803,
    "26662.0546969697": 784,
    "27294.93752525252": 774,
    "27257.34696969697": 773,
    "27454.46797979798": 758,
    "26820.2754040404": 755,
    "25474.741818181818": 714,
    "26123.839696969695": 705,
    "25800.426515151517": 636,
    "25261.404545454545": 577,
    "25584.81772727273": 550,
    "25908.230909090908": 506,
    "25517.911868686868": 492,
    "27094.07924242424": 465,
    "25870.403181818183": 420,
    "25680.378888888885": 408,
    "25640.585454545453": 407,
    "26231.64409090909": 398,
    "26108.28222222222": 394,
    "26134.177424242425": 374,
    "34271.6290909091": 372,
    "24766.043333333335": 361,
    "25475.399393939395": 343,
    "24947.193333333336": 337,
    "26008.60621212121": 310,
    "26028.21383838384": 302,
    "25536.71": 299,
    "24683.419090909094": 292,
    "26253.953383838383": 283,
    "25793.59888888889": 280,
    "26016.035303030305": 278,
    "25686.870808080806": 277,
    "26925.50015151515": 273,
    "26503.83398989899": 270,
    "33201.14257575757": 270,
    "32487.484898989896": 263,
    "25763.259040404042": 262,
    "24614.578181818186": 260,
    "26447.252878787876": 254,
    "26173.181414141414": 203,
    "26938.461919191916": 200,
    "26187.392575757574": 181,
    "34628.45792929293": 177,
    "25800.651818181817": 175,
    "25483.257878787877": 172,
    "26339.448484848483": 172,
    "24694.773838383837": 163,
    "25692.62212121212": 163,
    "25477.013333333332": 157,
    "25369.20893939394": 156,
    "25045.79575757576": 152,
    "26029.17186868687": 146,
    "24380.71": 143,
    "26621.974141414143": 139,
    "23967.751818181816": 123,
    "24891.89484848485": 122,
    "25606.628939393937": 117,
    "26141.994848484846": 114,
    "24894.487777777777": 107,
    "25149.891111111112": 105,
    "25345.527777777777": 102,
    "23892.096363636363": 100,
    "25581.818383838385": 94,
    "26369.55686868687": 94,
    "25877.499898989896": 88,
    "25408.265555555558": 87,
    "35698.944444444445": 86,
    "26961.665454545455": 85,
    "24815.306212121213": 83,
    "23995.376666666667": 78,
    "26266.50292929293": 78,
    "27158.786464646462": 70,
    "26665.983939393936": 69,
    "26555.05727272727": 68,
    "25117.965757575756": 66,
    "25778.939393939392": 66,
    "24286.886363636364": 63,
    "27507.36696969697": 61,
    "26265.67727272727": 58,
    "27393.585959595963": 54,
    "25210.967575757575": 53,
    "25791.84080808081": 48,
    "25914.43282828283": 48,
    "26376.62696969697": 48,
    "25022.93222222222": 46,
    "25187.576363636363": 45,
    "30346.511868686866": 41,
    "24937.991363636364": 40,
    "25027.217525252527": 40,
    "26274.884545454544": 40,
    "26899.385757575757": 40,
    "38553.57515151516": 39,
    "25079.080454545452": 38,
    "25922.043333333335": 32,
    "23099.611818181816": 29,
    "25000.73727272727": 29,
    "25459.308787878785": 29,
    "24830.186969696973": 28,
    "24435.279696969697": 27,
    "25153.60015151515": 27,
    "27553.028484848488": 27,
    "25712.730454545454": 26,
    "26397.596666666665": 26,
    "26744.647727272724": 26,
    "25737.999696969695": 21,
    "27417.492424242424": 21,
    "25684.699999999997": 20,
    "25979.792272727274": 20,
    "25870.95116161616": 19,
    "26178.93222222222": 19,
    "27166.02393939394": 18,
    "25474.160909090908": 16,
    "26741.16505050505": 16,
    "25231.74676767677": 15,
    "25633.620101010103": 15,
    "27532.26858585859": 15,
    "24990.455353535355": 14,
    "25151.376666666667": 14,
    "25286.136868686866": 14,
    "25573.0897979798": 14,
    "27060.225959595955": 14,
    "27052.242929292926": 11,
    "24300.53181818182": 10,
    "26255.775858585857": 10,
    "24946.483333333334": 9,
    "25384.697373737374": 9,
    "24252.265555555558": 8,
    "24776.622727272726": 7,
    "26710.899898989897": 7,
    "24168.502424242426": 6,
    "25279.821111111112": 6,
    "25665.154444444444": 6,
    "26483.337878787876": 6,
    "26597.118888888883": 6,
    "23752.593636363632": 5,
    "25089.015858585863": 4,
    "26770.66606060606": 4,
    "33914.80025252525": 4,
    "27201.883636363636": 3,
    "24682.644545454546": 2,
    "25004.18474747475": 2,
    "25078.40272727273": 2,
    "26949.598888888886": 2,
    "24549.06070707071": 1,
    "24662.84171717172": 1,
    "24722.382575757576": 1,
    "24890.40373737374": 1,
    "25869.919090909087": 1,
    "36412.60212121213": 1
  },
  "source": {
    "analyze": "dark",
    "fontface": "Consolas-Regular",
    "fontsize": 14,
    "language": "c",
    "theme": "Learn with Sumit"
  },
  "average": 23913.198340121206,
  "diff65": 267.89535907878775,
  "cctbg": 27848.71
}
