{
  "colors": {
    "#868d9c": 4760,
    "#78dce8": 1096,
    "#ffd866": 852,
    "#ffffff": 830,
    "#ff6188": 777,
    "#fc9867": 764,
    "#ab9df2": 439,
    "#a9dc76": 174,
    "#fc6a67": 81,
    "#78e8c6": 20
  },
  "cccts": {
    "6092.43": 1649,
    "4166.865": 1586,
    "2430.67125": 990,
    "867.53": 979,
    "4061.62": 865,
    "7615.5375": 774,
    "1909.813125": 771,
    "1736.19375": 763,
    "1851.9399999999998": 763,
    "4230.854166666667": 755,
    "1779.67": 735,
    "5272.295192307693": 719,
    "2577.5665384615386": 712,
    "2777.91": 695,
    "578.3533333333332": 662,
    "2876.9808333333335": 628,
    "1762.904423076923": 613,
    "3251.72": 602,
    "6250.2975": 597,
    "3515.79234375": 582,
    "367.0319230769231": 494,
    "2291.7757500000002": 474,
    "4064.6499999999996": 465,
    "32833.60666666667": 447,
    "3766.2049038461537": 444,
    "1375.7276923076922": 439,
    "752.9373076923077": 428,
    "4514.103749999999": 409,
    "1967.6862499999997": 399,
    "939.8241666666665": 392,
    "409.6669444444444": 389,
    "1186.4466666666667": 381,
    "3723.151666666667": 377,
    "602.4513888888888": 374,
    "6600.1325": 365,
    "1045.691826923077": 357,
    "2167.813333333333": 348,
    "2642.0225": 348,
    "49250.41": 343,
    "2083.4325": 319,
    "3522.6966666666663": 319,
    "2893.6562499999995": 304,
    "3240.895": 300,
    "3339.120288461539": 298,
    "750.7471153846154": 292,
    "5506.619423076923": 290,
    "4738.556666666667": 287,
    "2660.035": 286,
    "1235.8819444444443": 283,
    "1535.5344444444443": 276,
    "805.5699999999999": 274,
    "1084.4125": 273,
    "2813.9884615384613": 270,
    "30097.47277777778": 263,
    "34201.67361111111": 263,
    "427.8052884615385": 262,
    "784.1136538461539": 258,
    "1384.187777777778": 254,
    "2258.1388888888887": 254,
    "2709.7666666666664": 253,
    "1927.9758333333332": 237,
    "1087.5761111111112": 236,
    "2777.5108333333333": 222,
    "674.7455555555556": 205,
    "1593.213088235294": 204,
    "38305.874444444446": 201,
    "2327.530625": 200,
    "2546.4175": 198,
    "1464.5264423076924": 191,
    "570.6120833333333": 189,
    "530.1572222222222": 183,
    "44514.79365384616": 183,
    "20836.711923076924": 176,
    "1050.0345833333333": 172,
    "2939.0546153846153": 167,
    "2371.045833333333": 165,
    "2243.6965384615382": 163,
    "5415.493333333333": 153,
    "1456.4995833333332": 152,
    "1773.3566666666666": 146,
    "1001.6502403846154": 145,
    "3605.9408653846153": 144,
    "579.0034375": 143,
    "1896.8366666666666": 130,
    "1597.29825": 124,
    "53354.61083333333": 124,
    "840.3997222222222": 122,
    "5155.133076923077": 122,
    "2283.7625480769234": 119,
    "771.1377777777777": 117,
    "1987.1622222222222": 117,
    "1125.399423076923": 116,
    "830.7440625": 113,
    "2529.1155555555556": 113,
    "208.5408653846154": 112,
    "781.6634615384615": 105,
    "2881.704583333333": 105,
    "1490.3716666666664": 101,
    "475.4731730769231": 100,
    "2404.2624038461536": 100,
    "1782.1926923076924": 99,
    "1847.2465277777776": 93,
    "2890.4177777777772": 92,
    "1256.127638888889": 91,
    "4950.099375": 88,
    "1923.1684615384615": 85,
    "734.0638461538462": 83,
    "939.8316666666667": 81,
    "1693.6041666666667": 81,
    "3525.808846153846": 79,
    "662.2714903846155": 78,
    "1208.355": 78,
    "3553.9175000000005": 77,
    "1409.3808088235294": 76,
    "2451.0970588235296": 76,
    "2751.4553846153844": 73,
    "5077.025000000001": 70,
    "5208.581249999999": 70,
    "1442.376346153846": 69,
    "1964.5808333333332": 68,
    "1620.4475": 66,
    "1608.5478846153846": 65,
    "4188.545625000001": 65,
    "1330.0175": 62,
    "1446.8281249999998": 61,
    "2303.3016666666667": 61,
    "2301.953365384615": 59,
    "522.2023958333333": 58,
    "23257.138055555555": 58,
    "4442.396875": 57,
    "1551.6870833333332": 54,
    "1625.5769444444445": 54,
    "300.2988461538461": 53,
    "1678.320625": 49,
    "889.835": 48,
    "936.3629166666666": 48,
    "2235.5575": 48,
    "2728.9009375": 48,
    "5203.950625": 48,
    "19836.970694444448": 48,
    "2453.8954166666667": 47,
    "3703.8799999999997": 46,
    "61563.012500000004": 41,
    "1129.4059615384615": 40,
    "1505.8746153846155": 40,
    "2068.916111111111": 40,
    "2506.534166666667": 40,
    "3680.843125": 40,
    "4186.31": 40,
    "26993.013173076928": 39,
    "596.426875": 38,
    "978.8185000000001": 36,
    "2108.918076923077": 35,
    "1092.1670192307693": 34,
    "3866.349807692308": 34,
    "2644.3566346153843": 33,
    "2864.7196875": 33,
    "738.4391666666668": 32,
    "639.4314903846154": 31,
    "1038.1408333333334": 31,
    "473.7220673076924": 29,
    "666.2582291666668": 29,
    "1953.21796875": 29,
    "4315.4712500000005": 29,
    "550.5478846153845": 28,
    "1345.55015625": 28,
    "1457.903798076923": 28,
    "1727.47625": 28,
    "316.9228333333333": 26,
    "821.3861538461539": 26,
    "1074.0933333333332": 26,
    "1219.395": 26,
    "2792.36375": 26,
    "2951.529375": 26,
    "3385.5778124999997": 26,
    "3990.0525": 26,
    "349.4218055555556": 24,
    "3472.3875": 24,
    "506.05916666666667": 23,
    "1125.5953846153845": 23,
    "4696.248125": 23,
    "35569.74055555556": 23,
    "2364.4755555555553": 22,
    "1558.1158333333333": 21,
    "2790.8733333333334": 20,
    "4535.169166666667": 20,
    "839.1354166666666": 19,
    "2063.591538461538": 18,
    "3009.4024999999997": 18,
    "2348.4644444444443": 17,
    "626.5494444444444": 16,
    "672.2605555555556": 16,
    "1967.3471875000002": 16,
    "3173.1406250000005": 16,
    "1034.4580555555556": 15,
    "2250.798846153846": 15,
    "3559.1971874999995": 15,
    "4400.088333333333": 15,
    "1866.40828125": 14,
    "2257.0518749999997": 14,
    "2267.2647794117643": 14,
    "3236.6034375": 14,
    "3314.998676470588": 14,
    "3646.006875": 14,
    "920.7813461538461": 12,
    "3038.3390624999997": 12,
    "3325.04375": 11,
    "2691.1003125": 10,
    "511.2271153846154": 9,
    "781.2258653846154": 9,
    "1309.7205555555556": 9,
    "1828.7740625": 9,
    "1996.6228125": 9,
    "2003.3004807692307": 9,
    "2161.2784375": 9,
    "2272.1132291666663": 9,
    "553.829375": 8,
    "1769.3182352941174": 8,
    "2517.4809374999995": 8,
    "1022.4542307692308": 7,
    "2216.695833333333": 7,
    "872.7008333333333": 6,
    "975.3960576923079": 6,
    "1071.402986111111": 6,
    "1108.3479166666666": 6,
    "1182.2377777777776": 6,
    "1309.05125": 6,
    "2170.2421875": 6,
    "2284.66125": 6,
    "3211.9584375": 6,
    "414.16052083333335": 5,
    "472.03838235294114": 5,
    "486.6985416666667": 5,
    "780.3959375000001": 5,
    "1607.1044791666666": 5,
    "3934.6943750000005": 5,
    "418.27673076923077": 4,
    "1006.9625000000001": 4,
    "1463.01925": 4,
    "1788.4460000000001": 4,
    "1884.1914583333332": 4,
    "2050.4436458333334": 4,
    "2919.2893750000003": 4,
    "4877.58": 4,
    "11839.040865384617": 4,
    "43778.142222222225": 4,
    "290.46995192307696": 3,
    "858.9696354166666": 3,
    "1264.5577777777778": 3,
    "2213.64703125": 3,
    "594.2303125000001": 2,
    "601.947205882353": 2,
    "679.6996875": 2,
    "704.8737500000001": 2,
    "747.9822115384616": 2,
    "864.335": 2,
    "1046.864705882353": 2,
    "1246.8914062499998": 2,
    "1287.1391666666666": 2,
    "1447.3719852941174": 2,
    "1510.44375": 2,
    "1688.0991346153844": 2,
    "1717.9392708333332": 2,
    "1939.6088541666666": 2,
    "2411.586875": 2,
    "365.6801923076923": 1,
    "981.7884375": 1,
    "1152.6818333333333": 1,
    "1191.4740104166667": 1,
    "1278.8629807692307": 1,
    "1761.3483333333331": 1,
    "2119.715390625": 1,
    "2244.4045312499998": 1,
    "2343.8615624999998": 1,
    "3993.245625": 1,
    "4340.484375": 1,
    "5838.578750000001": 1,
    "6346.281250000001": 1,
    "42620.54711538462": 1
  },