{
  "colors": {
    "#868d9c": 4760,
    "#ffffff": 3359,
    "#78dce8": 1646,
    "#ffd866": 852,
    "#ff6188": 777,
    "#fc9867": 764,
    "#ab9df2": 439,
    "#a9dc76": 174,
    "#fc6a67": 81,
    "#78e8c6": 20
  },
  "cccts": {
    "27848.71": 10526,
    "0.0": 6194,
    "24492.170714285712": 1649,
    "23666.92857142857": 1218,
    "22252.927857142855": 979,
    "25409.3375": 957,
    "25611.01714285714": 865,
    "22953.756875": 774,
    "25932.060178571428": 771,
    "25990.140476190474": 763,
    "26106.30107142857": 763,
    "25517.779940476186": 755,
    "25006.479153225806": 719,
    "26459.17491935484": 712,
    "24118.18857142857": 662,
    "22643.845": 632,
    "26263.67755952381": 628,
    "26117.542419354835": 613,
    "23274.72357142857": 602,
    "20530.5925": 597,
    "25060.855714285717": 596,
    "24382.233289473683": 582,
    "25532.176532258065": 494,
    "25612.618541666667": 474,
    "21178.313125": 465,
    "24150.306532258062": 444,
    "25955.177983870966": 439,
    "37941.868571428575": 431,
    "25694.007822580646": 428,
    "23318.446785714284": 409,
    "25873.97988095238": 399,
    "21786.612678571426": 392,
    "25206.25732142857": 389,
    "24378.8": 381,
    "25797.491547619047": 377,
    "23962.750178571427": 374,
    "23512.047777777778": 368,
    "24212.459107142855": 365,
    "23234.032580645162": 357,
    "24132.34602678571": 348,
    "42988.447857142855": 343,
    "22893.558035714286": 319,
    "24944.695119047617": 304,
    "24596.213333333333": 300,
    "26048.630463709676": 298,
    "24799.385714285716": 294,
    "23110.346088709677": 292,
    "24880.157782258066": 290,
    "25238.06833333333": 287,
    "23021.144285714283": 283,
    "24234.220416666667": 283,
    "25688.771964285716": 276,
    "19688.194375": 273,
    "23975.57633064516": 270,
    "37100.77202380952": 263,
    "38362.41684523809": 263,
    "26624.44739919355": 262,
    "22899.752137096777": 258,
    "23800.481666666667": 254,
    "24672.330535714285": 254,
    "24037.05464285714": 253,
    "22210.106249999997": 237,
    "24215.567142857144": 237,
    "24667.959166666664": 236,
    "23941.76325892857": 222,
    "23496.435": 205,
    "25775.243375": 204,
    "26263.117874999996": 204,
    "39624.06166666666": 201,
    "23468.14111111111": 200,
    "25293.176904761902": 198,
    "27059.201431451613": 191,
    "25275.233809523812": 189,
    "24429.065357142856": 183,
    "41238.42439516129": 183,
    "34116.23588709677": 176,
    "26371.693549107145": 172,
    "23803.43705645161": 167,
    "24513.5115625": 165,
    "25645.405806451614": 163,
    "24865.119523809524": 153,
    "25799.945245535713": 152,
    "26865.092056451613": 145,
    "24307.685403225805": 144,
    "25237.38857142857": 143,
    "26245.693785714284": 124,
    "44250.09267857143": 124,
    "25069.639838709678": 122,
    "25390.857083333336": 122,
    "25180.55125": 121,
    "25606.061088709674": 119,
    "22874.681428571428": 117,
    "25053.49607142857": 117,
    "25850.201612903227": 116,
    "24630.33285714286": 114,
    "24102.031428571423": 113,
    "24291.164999999997": 113,
    "26532.497802419355": 112,
    "25409.337499999994": 109,
    "22618.847142857143": 105,
    "26772.83953629032": 105,
    "22451.07222222222": 103,
    "25752.299553571425": 101,
    "23579.16935483871": 100,
    "24847.74618951613": 100,
    "25060.855714285713": 99,
    "25395.725342741935": 99,
    "24496.23380952381": 93,
    "23782.944285714286": 92,
    "25569.026190476194": 91,
    "25121.521830357142": 88,
    "25788.795444444444": 88,
    "25960.163548387096": 85,
    "23215.643064516127": 83,
    "23610.04333333333": 81,
    "25466.425401785713": 81,
    "24386.37483870968": 79,
    "22398.995714285713": 78,
    "24926.080967741935": 78,
    "26446.070812500002": 76,
    "24061.645967741937": 73,
    "21750.278749999998": 70,
    "25051.59392857143": 70,
    "26432.30016129032": 69,
    "25085.25986607143": 68,
    "26222.461666666662": 66,
    "23245.482620967745": 65,
    "25541.089241071426": 65,
    "24608.80294642857": 61,
    "25345.527777777777": 61,
    "26396.702559523812": 61,
    "23760.85193548387": 59,
    "24467.097678571427": 58,
    "34998.030654761904": 58,
    "25401.233437499995": 57,
    "24799.385714285712": 54,
    "24898.530952380952": 54,
    "25953.36443548387": 53,
    "25890.728750000002": 49,
    "26164.381369047616": 49,
    "24704.094330357137": 48,
    "24981.66602678571": 48,
    "25318.567291666666": 48,
    "26345.260111607142": 48,
    "33946.65997023809": 48,
    "26496.770565476185": 47,
    "24131.570952380953": 46,
    "25032.63": 42,
    "49927.494375": 41,
    "23539.30564516129": 40,
    "23675.26214285714": 40,
    "24093.936666666665": 40,
    "24322.928794642856": 40,
    "24616.656733870965": 40,
    "25820.800848214287": 40,
    "35968.00489919355": 39,
    "24001.609776785714": 38,
    "24215.56714285714": 37,
    "25065.553020833337": 36,
    "26711.817661290323": 35,
    "23028.935806451613": 34,
    "25764.407379032255": 34,
    "24812.53875": 33,
    "24973.73526785714": 33,
    "25251.958629032255": 33,
    "24518.329047619045": 32,
    "24630.332857142857": 32,
    "26713.19387096774": 31,
    "21785.129285714287": 29,
    "23534.239107142854": 29,
    "24847.011854838707": 29,
    "25471.161339285714": 29,
    "25888.49995535714": 29,
    "24373.909798387096": 28,
    "25259.733225806453": 28,
    "25418.779709821425": 28,
    "25890.72875": 28,
    "26498.343080357146": 28,
    "25680.37888888889": 27,
    "19400.469999999998": 26,
    "23004.519523809526": 26,
    "24451.01258928571": 26,
    "24886.61482142857": 26,
    "25498.125806451615": 26,
    "25796.421142857143": 26,
    "26133.465089285713": 26,
    "26310.296160714286": 26,
    "24363.89214285714": 24,
    "25594.853303571424": 24,
    "24584.503749999996": 23,
    "25261.377633928572": 23,
    "26299.456532258064": 23,
    "38782.96511904762": 23,
    "23557.540476190476": 22,
    "25657.008169642857": 21,
    "23327.474821428572": 20,
    "25066.411428571428": 20,
    "21785.129285714283": 19,
    "24064.18619047619": 19,
    "24828.53452380952": 18,
    "25008.411975806448": 18,
    "24545.275357142855": 17,
    "23495.37": 16,
    "23807.311785714286": 16,
    "26100.512455357144": 16,
    "26764.82752232143": 16,
    "37941.86857142857": 16,
    "23851.69322580645": 15,
    "24276.77169642857": 15,
    "25424.542738095235": 15,
    "25971.323333333334": 15,
    "24054.130555555555": 14,
    "25583.578392857144": 14,
    "25592.2904375": 14,
    "25975.620401785713": 14,
    "26037.57734375": 14,
    "26065.54850446428": 14,
    "24799.494375": 12,
    "25032.629999999997": 12,
    "26213.566774193547": 12,
    "20808.51": 11,
    "25147.976160714286": 10,
    "22898.54112903226": 9,
    "23725.164285714283": 9,
    "23926.312857142857": 9,
    "24529.758571428567": 9,
    "25180.551249999997": 9,
    "25592.64548387097": 9,
    "25844.93973214286": 9,
    "25881.474112903226": 9,
    "26006.409910714283": 9,
    "25322.21705357143": 8,
    "25350.924285714285": 8,
    "25380.66315625": 8,
    "23336.580967741935": 7,
    "23825.73857142857": 7,
    "21944.852857142854": 6,
    "23912.805238095236": 6,
    "24625.253482142853": 6,
    "25057.39127016129": 6,
    "25670.698839285713": 6,
    "25703.12523809524": 6,
    "25837.224285714285": 6,
    "25904.273809523806": 6,
    "26590.007767857143": 6,
    "24329.102857142858": 5,
    "24829.31921875": 5,
    "24932.055714285718": 5,
    "25166.741607142856": 5,
    "25653.686190476186": 5,
    "25680.94504464286": 5,
    "19844.23375": 4,
    "23307.28142857143": 4,
    "24127.461428571427": 4,
    "24429.184285714284": 4,
    "25267.303333333333": 4,
    "25402.8978125": 4,
    "26002.839032258064": 4,
    "26240.36825892857": 4,
    "31409.804254032257": 4,
    "41306.25476190477": 4,
    "22842.345555555556": 3,
    "25627.13861607143": 3,
    "26069.9375": 3,
    "26289.808571428573": 3,