{
  "colors": {
    "#868d9c": 4760,
    "#ffffff": 3359,
    "#78dce8": 1646,
    "#ffd866": 852,
    "#ff6188": 777,
    "#fc9867": 764,
    "#ab9df2": 439,
    "#a9dc76": 174,
    "#fc6a67": 81,
    "#78e8c6": 20
  },
  "cccts": {
    "27848.71": 10526,
    "0.0": 6194,
    "26919.42523809524": 2046,
    "26628.15025974026": 1690,
    "26497.02307359307": 1405,
    "26328.062207792205": 1287,
    "27102.812380952382": 1089,
    "25813.88012987013": 1032,
    "27001.09906926407": 946,
    "26763.768008658004": 853,
    "27257.34696969697": 787,
    "27509.665627705628": 774,
    "26581.503506493504": 763,
    "26323.010324675324": 719,
    "26692.073333333334": 700,
    "26605.20285714286": 677,
    "26695.959134199133": 657,
    "26185.442207792206": 651,
    "25956.03181818182": 632,
    "26039.972337662333": 631,
    "26412.542640692638": 629,
    "27595.268701298704": 597,
    "26708.224155844156": 583,
    "26832.268571428573": 560,
    "26534.35015151515": 545,
    "26046.83655844156": 520,
    "26792.70458874459": 519,
    "26435.6337012987": 486,
    "27386.69116883117": 465,
    "25863.41982683983": 444,
    "31213.096190476193": 439,
    "32742.362640692638": 435,
    "26201.34155844156": 417,
    "26526.43694805195": 408,
    "25644.310974025975": 392,
    "25926.92623376623": 389,
    "26370.249740259736": 386,
    "26166.32939393939": 381,
    "27172.866536796537": 368,
    "26693.66292207792": 359,
    "25371.56714285714": 357,
    "33354.06922077922": 343,
    "26277.845974025975": 337,
    "26899.385757575754": 321,
    "26665.983939393936": 313,
    "25916.157077922075": 298,
    "26093.231558441556": 295,
    "25305.17266233766": 292,
    "26255.20145021645": 290,
    "27283.47948051948": 273,
    "25769.625259740264": 270,
    "31671.876125541126": 267,
    "26087.18619047619": 263,
    "25192.12655844156": 258,
    "26376.626969696965": 254,
    "26000.634675324673": 253,
    "25798.308636363636": 237,
    "25954.43279220779": 222,
    "26750.464372294373": 222,
    "27166.02393939394": 218,
    "26555.05727272727": 217,
    "26266.06454545454": 205,
    "32130.656060606056": 201,
    "26877.18502164502": 200,
    "25977.09095238095": 189,
    "35036.26231601732": 183,
    "25815.82714285714": 174,
    "26775.917619047617": 174,
    "25947.90025974026": 173,
    "26416.451623376623": 172,
    "25677.221493506495": 167,
    "26221.297012987012": 165,
    "26231.644090909092": 165,
    "25483.25787878788": 163,
    "27553.02848484848": 161,
    "25862.029025974025": 152,
    "25135.603506493506": 148,
    "25446.21207792208": 148,
    "26356.91476190476": 148,
    "25316.519523809522": 143,
    "26288.284718614716": 142,
    "26629.62774891775": 125,
    "33812.84915584416": 124,
    "26061.180606060603": 122,
    "25441.017662337657": 119,
    "26032.13857142857": 113,
    "26074.620909090907": 109,
    "25946.94168831169": 107,
    "27007.519696969695": 103,
    "24626.896038961037": 100,
    "25556.835367965366": 100,
    "26159.10134199134": 100,
    "25215.20266233766": 99,
    "25821.17961038961": 99,
    "26729.863571428574": 99,
    "26190.758138528137": 95,
    "25990.140476190474": 89,
    "26243.581774891773": 88,
    "26865.48132034632": 87,
    "26834.944805194806": 85,
    "25361.695714285714": 83,
    "25866.995714285713": 82,
    "25538.615844155844": 81,
    "26307.376666666667": 81,
    "24710.995714285713": 78,
    "26508.855389610388": 77,
    "26492.53251082251": 70,
    "27426.307835497835": 70,
    "25983.449285714287": 66,
    "26324.047857142858": 66,
    "26454.782857142858": 66,
    "25377.713484848486": 65,
    "25654.36194805195": 61,
    "27458.60367965368": 61,
    "26209.140389610388": 58,
    "33048.21593073593": 58,
    "26623.743722943724": 57,
    "26662.054696969695": 57,
    "25631.01961038961": 54,
    "26483.33787878788": 51,
    "26139.240324675324": 48,
    "26390.8191991342": 48,
    "26458.628073593074": 48,
    "26797.222121212122": 48,
    "32283.58270562771": 48,
    "26085.679264069266": 45,
    "26637.66238095238": 41,
    "29377.976450216447": 41,
    "25535.43666666667": 40,
    "26113.755": 40,
    "26331.092597402596": 40,
    "36565.528766233765": 39,
    "26539.26329004329": 38,
    "25206.424285714285": 37,
    "26594.245822510824": 37,
    "25261.471904761904": 34,
    "25508.072077922076": 32,
    "25652.218744588743": 32,
    "25640.585454545453": 31,
    "24626.107662337658": 29,
    "24908.792077922077": 29,
    "25756.845324675323": 29,
    "25069.202467532465": 28,
    "25492.41396103896": 28,
    "26424.723636363633": 28,
    "27507.366969696966": 28,
    "26604.898571428574": 27,
    "27510.788268398268": 27,
    "26586.924545454545": 26,
    "27556.130259740257": 26,
    "26209.541493506495": 24,
    "25474.741818181814": 23,
    "31824.802770562772": 23,
    "26472.519523809522": 22,
    "25723.423376623377": 21,
    "26797.672445887445": 21,
    "25825.22012987013": 20,
    "26204.62448051948": 20,
    "26285.821991341993": 20,
    "25643.77155844156": 19,
    "26153.488138528137": 17,
    "26647.46103896104": 17,
    "27525.296818181814": 17,
    "26265.67727272727": 16,
    "26379.110649350652": 16,
    "35189.18896103896": 16,
    "25426.614761904762": 15,
    "25703.125238095236": 15,
    "26116.861125541127": 15,
    "26967.194632034632": 15,
    "27611.378939393937": 15,
    "26032.380692640694": 14,
    "26119.5837012987": 14,
    "25800.651818181814": 12,
    "26370.302424242425": 12,
    "26239.52142857143": 11,
    "26434.57458874459": 11,
    "27361.077099567097": 11,
    "25905.66004329004": 10,
    "25191.476493506496": 9,
    "25849.41510822511": 9,
    "25908.230909090908": 9,
    "25313.01891774892": 8,
    "25701.852857142858": 7,
    "25736.699177489176": 7,
    "25898.1783982684": 7,
    "24851.969545454544": 6,
    "26044.46826839827": 6,
    "26385.811298701294": 6,
    "26417.471904761907": 6,
    "25248.013376623378": 5,
    "25757.35707792208": 5,
    "26142.23380952381": 5,
    "26252.329047619045": 5,
    "26289.105887445887": 5,
    "26337.048008658006": 5,
    "25646.805238095236": 4,
    "27571.4987012987": 4,
    "25694.458961038963": 3,
    "27068.49735930736": 3,
    "27201.883636363636": 3,
    "25304.550259740263": 2,
    "25536.71": 2,
    "25745.73424242424": 2,
    "25813.382207792205": 2,
    "25982.992857142857": 2,
    "26093.03844155844": 2,
    "26141.994848484846": 2,
    "26362.424285714285": 2,
    "26560.341385281383": 2,
    "26639.49893939394": 2,
    "27298.23380952381": 2,
    "25361.78220779221": 1,
    "25751.888528138526": 1,
    "26532.10116883117": 1,
    "26873.4441991342": 1,
    "34730.409025974026": 1
  },
  "source": {
    "analyze": "dark",
    "fontface": "Consolas-Regular",
    "fontsize": 14,
    "language": "c",
    "theme": "Learn with Sumit"
  },
  "average": 24097.220662322172,
  "diff65": 270.7264717280334
}
