{
  "colors": {
    "#eeffff": 5605,
    "#89ddff": 4382,
    "#c792ea": 1770,
    "#ff5370": 1004,
    "#82aaff": 424,
    "#f78c6c": 272,
    "#545454": 223,
    "#ffcb6b": 146,
    "#c3e88d": 115,
    "#b2ccd6": 15
  },
  "cccts": {
    "6503.44": 16840,
    "0.0": 6194,
    "6548.793766233765": 1686,
    "6933.2438095238085": 1681,
    "17491.66233766234": 1101,
    "6531.15619047619": 1040,
    "6552.573246753246": 946,
    "6543.754458874458": 924,
    "6776.951515151514": 923,
    "7128.609177489177": 885,
    "6534.935670995671": 884,
    "6516.038268398268": 749,
    "7089.536103896104": 736,
    "7151.256666666666": 711,
    "13218.46476190476": 689,
    "6546.2741125541115": 644,
    "7445.718787878787": 636,
    "6560.132207792208": 602,
    "14134.149956709954": 601,
    "9555.723982683981": 578,
    "6265.699999999999": 572,
    "7206.755324675325": 559,
    "6157.636363636363": 546,
    "6991.853419913419": 545,
    "6136.023636363636": 524,
    "16270.748744588744": 508,
    "6620.65922077922": 470,
    "6974.579393939393": 470,
    "7563.503636363635": 443,
    "6562.651861471861": 426,
    "6017.153636363636": 419,
    "6538.715151515151": 418,
    "20238.71792207792": 396,
    "7327.933939393939": 376,
    "6114.410909090909": 364,
    "16881.20554112554": 332,
    "7239.595303030303": 331,
    "7298.487727272727": 326,
    "6258.106233766234": 306,
    "6553.833073593073": 297,
    "6403.738701298701": 295,
    "6558.872380952381": 261,
    "18407.34753246753": 257,
    "6555.0929004329": 254,
    "7167.68225108225": 236,
    "7651.842272727273": 236,
    "20849.174718614715": 225,
    "6196.772792207792": 223,
    "6563.911688311688": 212,
    "6333.069329004328": 207,
    "7011.389956709956": 204,
    "6200.861818181818": 201,
    "6547.533939393938": 194,
    "15049.835151515152": 191,
    "6542.494632034631": 189,
    "6557.612554112554": 189,
    "6575.250129870129": 187,
    "6442.511428571428": 174,
    "6568.950995670995": 170,
    "7887.411969696969": 169,
    "5887.477272727272": 163,
    "7265.364935064934": 162,
    "8152.427878787878": 162,
    "7504.611212121212": 159,
    "6285.365541125541": 155,
    "6545.014285714285": 154,
    "6435.291731601731": 149,
    "6083.7467532467535": 143,
    "6414.816623376623": 142,
    "21154.403116883117": 137,
    "23901.458701298696": 128,
    "6114.99487012987": 126,
    "6434.202987012986": 125,
    "6539.974978354978": 122,
    "6233.280909090909": 121,
    "6202.355714285714": 113,
    "6395.430259740259": 107,
    "7210.149090909091": 105,
    "6027.96": 101,
    "6373.274415584415": 100,
    "6409.277662337662": 95,
    "7050.46303030303": 93,
    "6081.9918181818175": 92,
    "6566.4313419913415": 91,
    "7622.396060606061": 88,
    "5995.540909090908": 85,
    "6680.117272727272": 85,
    "6952.780346320345": 76,
    "7284.901471861471": 76,
    "16575.97714285714": 75,
    "6271.735887445888": 72,
    "6353.513809523808": 67,
    "6640.195757575756": 65,
    "7421.657229437229": 65,
    "6550.053593073592": 63,
    "6378.813376623376": 61,
    "6238.850779220779": 58,
    "5984.734545454545": 54,
    "6425.894545454545": 51,
    "7092.364242424242": 48,
    "7357.380151515151": 48,
    "19933.489523809523": 48,
    "6659.732294372294": 44,
    "6536.195497835498": 41,
    "7148.145714285714": 40,
    "7363.047619047619": 40,
    "6556.352727272727": 39,
    "6567.691168831168": 39,
    "6395.376363636364": 38,
    "7269.041515151514": 37,
    "15355.063549783548": 36,
    "6190.055454545455": 33,
    "6370.504935064934": 32,
    "6512.258787878787": 32,
    "6237.661753246753": 31,
    "6629.062857142856": 31,
    "7323.974545454545": 31,
    "6312.624848484849": 30,
    "6029.004155844155": 29,
    "6165.8606493506495": 29,
    "7382.584155844155": 29,
    "6345.57961038961": 28,
    "6484.053636363636": 28,
    "17186.433939393937": 28,
    "6644.765714285714": 27,
    "6486.823116883116": 26,
    "6797.902121212121": 26,
    "8181.874090909091": 26,
    "18712.575930735926": 26,
    "6561.392034632035": 25,
    "17796.890735930734": 25,
    "19323.032727272726": 23,
    "22375.31670995671": 23,
    "6183.143138528138": 22,
    "7916.858181818181": 22,
    "6464.667272727273": 18,
    "6481.284155844155": 17,
    "6601.5828571428565": 17,
    "6589.805714285714": 16,
    "19017.804329004328": 16,
    "6381.5828571428565": 15,
    "6542.697142857143": 15,
    "6687.948571428571": 14,
    "6691.874285714285": 14,
    "6727.205714285713": 13,
    "6387.121818181818": 12,
    "6412.047142857143": 11,
    "6423.125064935064": 11,
    "6475.745194805194": 11,
    "19628.26112554112": 11,
    "6222.474545454545": 10,
    "6503.4400000000005": 10,
    "6389.891298701298": 9,
    "6101.994285714285": 8,
    "6359.427012987013": 8,
    "6392.660779220779": 7,
    "6915.68696969697": 7,
    "21764.85991341991": 7,
    "6400.96922077922": 6,
    "6420.355584415584": 6,
    "7617.022597402596": 6,
    "6220.603246753246": 5,
    "6417.586103896104": 5,
    "6138.48935064935": 4,
    "6510.99896103896": 4,
    "15965.520346320345": 4,
    "6278.550714285714": 3,
    "6459.128311688311": 3,
    "6521.077575757576": 3,
    "6636.914285714285": 3,
    "7402.120692640692": 3,
    "14439.378354978355": 3,
    "20543.94632034632": 3,
    "22070.088311688312": 3,
    "6203.587619047619": 2,
    "6251.291406926407": 2,
    "6257.098311688312": 2,
    "6305.810021645021": 2,
    "6406.508181818182": 2,
    "6551.313419913419": 2,
    "6656.5428571428565": 2,
    "7180.702878787878": 2,
    "7681.288484848485": 2,
    "18102.119134199133": 2,
    "6146.83": 1,
    "6147.613116883116": 1,
    "6176.328311688311": 1,
    "6362.196493506493": 1,
    "6384.352337662337": 1,
    "6428.664025974025": 1,
    "6448.050389610389": 1,
    "7828.5195454545465": 1
  },
  "source": {
    "analyze": "dark",
    "fontface": "Consolas-Regular",
    "fontsize": 14,
    "language": "c",
    "theme": "Community Material"
  },
  "average": 6826.960604323123,
  "diff65": 5.030163143432667
}
