{
  "colors": {
    "#89ddff": {
      "cct": 15529.32,
      "frequency": 4382
    },
    "#eeffff": {
      "cct": 7085.48,
      "frequency": 2957
    },
    "#212121": {
      "cct": 7085.48,
      "frequency": 2648
    },
    "#c792ea": {
      "cct": 20107.59,
      "frequency": 1770
    },
    "#ff5370": {
      "cct": 1510.9,
      "frequency": 1004
    },
    "#82aaff": {
      "cct": 147518.96,
      "frequency": 424
    },
    "#f78c6c": {
      "cct": 2288.26,
      "frequency": 272
    },
    "#545454": {
      "cct": 6503.44,
      "frequency": 223
    },
    "#ffcb6b": {
      "cct": 3354.99,
      "frequency": 146
    },
    "#c3e88d": {
      "cct": 5223.94,
      "frequency": 115
    },
    "#b2ccd6": {
      "cct": 8317.12,
      "frequency": 15
    }
  },
  "cccts": {
    "6503.44": 15113,
    "0.0": 6194,
    "6550.473535353534": 1901,
    "6503.4400000000005": 1737,
    "6559.292323232323": 1574,
    "7004.877777777778": 1521,
    "7602.7652525252515": 1405,
    "6556.352727272727": 1100,
    "17898.633535353532": 1037,
    "20035.23232323232": 1006,
    "6573.990303030302": 963,
    "7232.804040404039": 882,
    "6049.572727272727": 784,
    "6100.002424242423": 755,
    "6524.0171717171725": 749,
    "7141.633535353535": 736,
    "6776.951515151514": 723,
    "6565.1715151515145": 689,
    "6547.533939393939": 668,
    "6541.654747474747": 652,
    "7740.180909090908": 636,
    "19323.032727272726": 589,
    "11488.83717171717": 578,
    "7396.641767676767": 576,
    "7187.218787878788": 555,
    "6685.78101010101": 535,
    "6568.111111111111": 518,
    "7190.518282828282": 506,
    "15762.034747474747": 482,
    "17186.43393939394": 482,
    "6959.292525252525": 470,
    "6553.41313131313": 452,
    "6125.217272727273": 443,
    "23596.2303030303": 426,
    "5898.283636363636": 419,
    "7369.5597979797985": 419,
    "7534.0574242424245": 419,
    "6024.35787878788": 409,
    "6591.627878787878": 340,
    "22171.83111111111": 320,
    "6201.316010101011": 319,
    "6400.04606060606": 302,
    "7096.048282828282": 283,
    "6380.6596969696975": 277,
    "7278.389292929292": 262,
    "7808.888737373737": 255,
    "6562.231919191919": 244,
    "6571.050707070707": 239,
    "6121.809696969696": 223,
    "6868.1220202020195": 200,
    "6249.019797979798": 194,
    "6296.723585858586": 193,
    "6579.869494949495": 189,
    "6544.5943434343435": 186,
    "6387.121818181818": 175,
    "5928.642727272727": 172,
    "5746.994545454545": 163,
    "8702.090505050504": 162,
    "7323.9745454545455": 156,
    "18610.83313131313": 154,
    "27869.427878787876": 152,
    "6392.131161616161": 149,
    "6609.265454545455": 143,
    "6026.402121212121": 126,
    "6406.5081818181825": 114,
    "7327.933939393939": 108,
    "6217.217272727273": 106,
    "7121.810454545454": 105,
    "7506.315555555556": 105,
    "6361.273333333333": 102,
    "5923.498484848485": 101,
    "6013.797878787878": 100,
    "7465.349595959596": 95,
    "6419.432424242424": 94,
    "6538.715151515151": 90,
    "8015.012222222222": 90,
    "6778.271313131313": 85,
    "21459.631515151512": 82,
    "5948.713333333333": 81,
    "6582.809090909091": 76,
    "6175.646969696969": 75,
    "6348.349090909091": 66,
    "6247.9745454545455": 58,
    "6477.591515151515": 54,
    "22884.030707070706": 50,
    "6393.583939393939": 48,
    "6074.787575757576": 46,
    "6640.195757575756": 44,
    "6264.9210606060615": 42,
    "7551.900808080807": 40,
    "6585.7486868686865": 39,
    "6326.936060606061": 38,
    "20747.431919191917": 38,
    "6515.198383838383": 36,
    "6649.999999999999": 33,
    "7734.2418181818175": 32,
    "6576.929898989898": 31,
    "5737.043636363637": 29,
    "6367.735454545454": 29,
    "6677.4800000000005": 29,
    "6309.576363636363": 27,
    "6984.394797979798": 26,
    "8564.674848484849": 26,
    "6153.612222222222": 22,
    "25732.82909090909": 21,
    "6464.667272727272": 18,
    "15049.835151515152": 18,
    "6484.053636363636": 17,
    "6233.118535353536": 16,
    "6704.96": 16,
    "6354.8112121212125": 15,
    "6567.56": 15,
    "6668.32": 15,
    "24308.4298989899": 15,
    "6056.375454545454": 14,
    "6374.197575757576": 14,
    "6640.84": 14,
    "7671.47308080808": 14,
    "6622.5199999999995": 13,
    "6778.24": 13,
    "6458.2051515151525": 11,
    "25020.629494949495": 11,
    "5999.143030303029": 10,
    "6412.970303030303": 10,
    "32142.625454545454": 9,
    "5907.35393939394": 8,
    "6328.962727272727": 7,
    "6438.818787878788": 7,
    "6915.68696969697": 7,
    "6185.414747474747": 6,
    "6425.894545454545": 6,
    "6432.3566666666675": 6,
    "7870.997575757576": 6,
    "6270.8036363636365": 5,
    "5992.5090909090895": 4,
    "6532.83595959596": 4,
    "6659.16": 4,
    "26445.028686868685": 4,
    "6141.530606060605": 3,
    "6521.077575757575": 3,
    "6035.086666666666": 2,
    "6077.664242424241": 2,
    "6137.71095959596": 2,
    "6341.886969696969": 2,
    "16474.234343434342": 2,
    "6316.038484848485": 1,
    "6322.5006060606065": 1,
    "6335.424848484848": 1,
    "6588.688282828281": 1,
    "8152.4278787878775": 1
  },
  "source": {
    "analyze": "dark",
    "fontface": "Consolas-Regular",
    "fontsize": 14,
    "language": "c",
    "theme": "Community Material"
  },
  "average_cct": 7086.07053272489,
  "average_cct_without_background": 3558.0565672532994,
  "diff65": 9.016469734229073,
  "background_cct": 6503.44
}
