{
  "colors": {
    "#24292f": 6537,
    "#cf222e": 2315,
    "#953800": 1159,
    "#8250df": 424,
    "#0550ae": 339,
    "#6e7781": 223,
    "#0a3069": 174
  },
  "cccts": {
    "6503.44": 10526,
    "0.0": 6194,
    "6631.97238095238": 2266,
    "6713.765714285714": 1670,
    "6690.39619047619": 1658,
    "6637.468311688312": 1273,
    "6248.180476190475": 1137,
    "17521.21818181818": 1101,
    "6085.742597402597": 1002,
    "6731.2928571428565": 946,
    "6213.372359307359": 876,
    "6649.499523809523": 868,
    "6702.080952380952": 844,
    "6585.346190476189": 803,
    "6132.153419913419": 785,
    "6561.863809523809": 749,
    "6678.711428571428": 736,
    "6585.233333333333": 726,
    "6157.910649350649": 703,
    "13236.526666666667": 689,
    "6114.71948051948": 684,
    "6622.576277056277": 669,
    "6017.539350649351": 642,
    "6265.888571428571": 641,
    "14154.674848484847": 601,
    "6136.3150649350655": 600,
    "6766.347142857143": 600,
    "9563.93393939394": 578,
    "16297.020606060605": 508,
    "6538.494285714285": 474,
    "6317.7967099567095": 470,
    "6178.564242424242": 469,
    "6678.421406926406": 444,
    "6596.515216450216": 438,
    "6648.637337662337": 417,
    "6778.031904761904": 415,
    "6630.022294372294": 411,
    "6667.026666666667": 401,
    "20275.662727272727": 396,
    "6050.93448051948": 379,
    "6737.135238095237": 373,
    "6233.495194805194": 344,
    "16909.119393939392": 332,
    "6190.166948051948": 326,
    "6607.684242424242": 299,
    "17534.320779220776": 295,
    "5887.965844155844": 289,
    "6603.961233766234": 257,
    "6760.504761904763": 257,
    "18439.366363636364": 257,
    "6742.977619047619": 254,
    "6655.3419047619045": 245,
    "5958.112835497835": 234,
    "6201.101818181818": 232,
    "20887.761515151517": 225,
    "10793.226969696969": 218,
    "6783.874285714285": 212,
    "6707.923333333333": 194,
    "6108.948008658009": 191,
    "15072.82303030303": 191,
    "6684.553809523809": 189,
    "6754.662380952381": 189,
    "6395.462077922078": 187,
    "13244.533809523808": 174,
    "6807.243809523809": 170,
    "5853.688484848484": 162,
    "6836.455714285715": 158,
    "6696.238571428571": 152,
    "20598.94220779221": 146,
    "6670.975389610389": 144,
    "16308.66735930736": 142,
    "21193.81090909091": 137,
    "23948.255454545455": 128,
    "14163.773874458873": 125,
    "6589.069199134198": 124,
    "6082.326103896104": 123,
    "6672.869047619048": 120,
    "6715.651493506493": 119,
    "16615.430714285714": 115,
    "5995.943766233765": 109,
    "6659.806363636364": 109,
    "6028.337142857143": 107,
    "18453.560844155843": 107,
    "6224.9750649350635": 105,
    "20904.867683982688": 100,
    "6682.144415584415": 99,
    "6544.336666666666": 97,
    "6529.5010606060605": 96,
    "16921.49406926407": 95,
    "6795.559047619047": 91,
    "6667.252380952381": 89,
    "6062.537186147187": 88,
    "6433.823766233765": 85,
    "6637.814761904761": 76,
    "16603.07": 75,
    "6540.670086580087": 70,
    "6626.299285714284": 66,
    "6719.608095238095": 63,
    "8954.74683982684": 61,
    "20292.040974025975": 61,
    "15389.734870129869": 58,
    "6555.5621212121205": 57,
    "6611.407251082251": 57,
    "5985.1459740259725": 55,
    "15083.013939393939": 51,
    "6166.961536796537": 48,
    "6271.385887445887": 48,
    "19969.61333333333": 48,
    "13244.767142857143": 43,
    "6525.778051948051": 42,
    "23969.605779220776": 42,
    "5992.920952380952": 40,
    "6120.550714285714": 40,
    "6801.401428571428": 39,
    "6618.853268398268": 38,
    "6190.3040259740255": 37,
    "6201.769653679654": 37,
    "6748.82": 37,
    "15378.872424242425": 36,
    "5842.085779220779": 32,
    "6697.03645021645": 32,
    "21211.28103896104": 32,
    "6016.126363636364": 31,
    "16309.006753246751": 31,
    "5981.318246753246": 30,
    "17534.702597402596": 29,
    "17841.12655844156": 29,
    "22437.485974025974": 29,
    "8648.333484848485": 28,
    "17215.16878787879": 28,
    "23969.001233766234": 28,
    "6533.224069264068": 27,
    "6615.130259740259": 27,
    "6387.412943722943": 26,
    "8341.920129870128": 26,
    "18745.415757575756": 26,
    "17827.267575757574": 25,
    "6652.360346320345": 24,
    "6772.189523809524": 23,
    "19357.51454545454": 23,
    "20905.36616883117": 23,
    "22418.008484848484": 23,
    "5946.510129870129": 22,
    "18453.97448051948": 22,
    "6641.191320346321": 20,
    "14164.039025974025": 17,
    "15083.31090909091": 16,
    "19051.465151515153": 16,
    "6656.083354978355": 15,
    "9567.679610389612": 15,
    "19985.62761904762": 15,
    "6663.529372294372": 14,
    "21211.79012987013": 14,
    "6633.745303030303": 12,
    "19372.800909090907": 12,
    "9567.57354978355": 11,
    "15389.427294372295": 11,
    "16615.080714285716": 11,
    "19663.563939393942": 11,
    "6222.697402597402": 10,
    "6674.698398268399": 10,
    "19066.387554112556": 9,
    "19986.094285714284": 8,
    "22436.93445887446": 8,
    "6341.00212121212": 7,
    "6689.5904329004325": 7,
    "18759.974199134198": 7,
    "21805.909696969695": 7,
    "6592.792207792207": 6,
    "15695.840649350646": 6,
    "17840.734134199134": 6,
    "16002.254004329003": 5,
    "16002.582792207791": 5,
    "6147.112857142856": 4,
    "6600.2382251082245": 4,
    "15990.971212121212": 4,
    "18760.398441558442": 4,
    "6693.313441558441": 3,
    "11406.05367965368": 3,
    "14460.724242424241": 3,
    "16921.854675324674": 3,
    "20581.71212121212": 3,
    "22111.959090909095": 3,
    "5969.715541125542": 2,
    "6039.331774891774": 2,
    "6049.932727272727": 2,
    "6103.921688311688": 2,
    "6236.57777056277": 2,
    "6725.450476190476": 2,
    "14776.886948051948": 2,
    "17227.907424242425": 2,
    "18133.316969696974": 2,
    "20292.518246753247": 2,
    "6563.008138528138": 1,
    "6711.928484848484": 1,
    "12631.707099567098": 1,
    "14776.600584415586": 1,
    "19679.214264069265": 1,
    "22130.521103896102": 1
  },
  "source": {
    "analyze": "light",
    "fontface": "Consolas-Regular",
    "fontsize": 14,
    "language": "c",
    "theme": "Github"
  },
  "average": 7110.194425251299,
  "diff65": 9.387606542327683
}
