{
  "colors": {
    "#24292f": 3733,
    "#cf222e": 2315,
    "#953800": 1159,
    "#8250df": 424,
    "#0550ae": 339,
    "#6e7781": 223,
    "#0a3069": 174
  },
  "cccts": {
    "4601.31": 1560,
    "571.495": 1472,
    "4111.735": 1205,
    "73949.13": 1080,
    "3067.54": 951,
    "2684.0975000000003": 926,
    "2108.93375": 874,
    "380.99666666666667": 805,
    "1946.708076923077": 764,
    "5751.637500000001": 749,
    "1917.2125000000003": 736,
    "2045.0266666666666": 736,
    "4984.7525000000005": 708,
    "2741.1566666666663": 695,
    "757.43": 668,
    "504.95333333333326": 642,
    "655.4682692307692": 642,
    "3195.354166666667": 640,
    "241.78634615384615": 616,
    "357.67527777777775": 600,
    "3981.902884615385": 600,
    "1739.5801923076922": 599,
    "92436.4125": 578,
    "2172.8408333333336": 562,
    "49299.42": 556,
    "396.87152777777777": 533,
    "349.24694444444447": 485,
    "51353.5625": 482,
    "2530.7205000000004": 474,
    "6901.965": 474,
    "320.45115384615383": 471,
    "444.49611111111113": 469,
    "3716.3758653846153": 444,
    "31286.170384615387": 419,
    "4158.8763461538465": 415,
    "4454.379583333332": 409,
    "3738.5643750000004": 407,
    "63994.43942307693": 396,
    "1941.6526388888888": 385,
    "619.1195833333333": 379,
    "482.19890625": 326,
    "34920.4225": 320,
    "2855.3715277777774": 304,
    "3834.4250000000006": 297,
    "415.12990384615387": 289,
    "3198.016111111111": 286,
    "74033.205": 286,
    "525.9930555555555": 280,
    "3578.796666666667": 277,
    "137.37860576923077": 276,
    "45191.13500000001": 270,
    "2811.9116666666673": 269,
    "2398.5120833333335": 257,
    "3469.2764062499996": 256,
    "3930.285625": 254,
    "80111.5575": 251,
    "516.5435576923077": 234,
    "589.1122222222222": 232,
    "1106.0841346153848": 228,
    "66838.63673076924": 225,
    "1759.324411764706": 204,
    "2300.655": 204,
    "64779.054375": 200,
    "2512.7269444444446": 198,
    "3355.1218750000003": 194,
    "269.8726388888889": 191,
    "2061.0034375000005": 189,
    "946.7874999999999": 187,
    "1485.8396875000003": 186,
    "4090.0533333333333": 183,
    "57515.990000000005": 177,
    "462.87388888888887": 170,
    "307.7280769230769": 162,
    "2521.871826923077": 158,
    "35475.418020833335": 146,
    "49355.47": 146,
    "3558.2322115384613": 144,
    "3893.416153846154": 142,
    "285.7475": 136,
    "988.3978365384614": 131,
    "40529.81163461539": 128,
    "1576.1650833333333": 124,
    "820.5491666666666": 123,
    "2253.5470673076925": 119,
    "17776.233173076926": 119,
    "673.271111111111": 116,
    "31321.74057692308": 116,
    "50899.5128125": 115,
    "684.6001923076923": 109,
    "640.9023076923077": 107,
    "263.7669230769231": 105,
    "80202.63875": 105,
    "3163.400625": 101,
    "66914.62759615385": 100,
    "51411.947916666664": 93,
    "2396.5156250000005": 91,
    "34960.12458333333": 91,
    "2779.958125": 90,
    "65732.56": 89,
    "857.2425000000001": 85,
    "1592.761153846154": 80,
    "3479.1603846153844": 79,
    "3259.2612500000005": 78,
    "1556.3254411764708": 76,
    "2706.652941176471": 76,
    "5139.66875": 70,
    "1423.2928846153845": 69,
    "182.07451923076923": 64,
    "37016.6025": 62,
    "198.43576388888889": 60,
    "64067.196634615386": 59,
    "1789.3983333333335": 58,
    "44729.87489583333": 58,
    "43186.036250000005": 54,
    "45242.514166666675": 54,
    "2920.0621153846155": 51,
    "50840.026875": 50,
    "80205.29291666666": 50,
    "1656.115486111111": 49,
    "230.18548611111112": 48,
    "3654.875555555555": 46,
    "3546.8431250000003": 45,
    "49357.10333333333": 43,
    "6167.602499999999": 42,
    "40577.233990384615": 42,
    "3323.1683333333335": 41,
    "362.6795192307692": 40,
    "483.5726923076923": 40,
    "57581.38166666667": 40,
    "2444.4459375": 39,
    "305.0759722222222": 37,
    "412.7463888888889": 37,
    "43136.99250000001": 37,
    "314.32225000000005": 36,
    "62572.340769230774": 36,
    "2609.370288461538": 33,
    "2826.8178125": 33,
    "313.22322115384617": 32,
    "333.37208333333336": 31,
    "17796.443509615387": 31,
    "1725.49125": 30,
    "1853.3054166666668": 30,
    "267.88828125": 29,
    "57069.15072916667": 29,
    "60083.668125000004": 29,
    "74035.655": 29,
    "1327.7477604166666": 28,
    "40575.891201923085": 28,
    "53921.240625": 28,
    "1713.2229166666666": 27,
    "1827.4377777777775": 27,
    "2055.8675": 27,
    "714.36875": 26,
    "2912.478958333333": 26,
    "3340.7846874999996": 26,
    "27146.40683333333": 26,
    "61624.27500000001": 26,
    "111049.8075": 26,
    "46929.255576923075": 25,
    "3426.445833333333": 24,
    "2204.7943750000004": 23,
    "66916.84201923077": 23,
    "65807.29333333333": 22,
    "25597.77576923077": 19,
    "2503.653970588235": 18,
    "29785.066250000003": 18,
    "44677.599375": 18,
    "57002.45437500001": 18,
    "262.1873076923077": 16,
    "57583.28722222222": 16,
    "63164.881875": 16,
    "3512.1069791666664": 15,
    "28790.690833333334": 15,
    "62643.48115384616": 15,
    "92544.56875": 15,
    "1841.7146354166666": 14,
    "2227.189791666666": 14,
    "2237.2675735294115": 14,
    "3597.7681249999996": 14,
    "45244.011388888895": 14,
    "51413.649305555555": 13,
    "1884.545208333333": 12,
    "2998.1401041666663": 12,
    "25626.878653846154": 12,
    "33893.35125": 12,
    "52380.63375000001": 12,
    "33123.0478125": 11,
    "92541.50625": 11,
    "547.0327777777777": 10,
    "2655.495520833333": 10,
    "1970.2063541666666": 9,
    "50897.8284375": 9,
    "60151.9790625": 9,
    "63236.6959375": 9,
    "2484.1732291666663": 8,
    "33933.00854166666": 8,
    "222.24805555555557": 7,
    "274.75721153846155": 7,
    "40237.02661764706": 7,
    "61694.3375": 7,
    "1897.7238461538461": 6,
    "2141.5286458333335": 6,
    "3169.462395833333": 6,
    "29818.92979166667": 6,
    "30847.16875": 6,
    "32903.64666666667": 6,
    "38515.17187500001": 6,
    "44728.3946875": 5,
    "47814.69385416667": 5,
    "480.6767307692307": 4,
    "1599.0080555555555": 4,
    "2261.4542500000002": 4,
    "2969.5863888888885": 4,
    "17797.032451923078": 4,
    "40718.26275": 4,
    "52440.18687500001": 4,
    "57067.262187500004": 4,
    "61696.379166666666": 4,
    "2184.35921875": 3,
    "2971.6793750000006": 3,
    "23906.55578125": 3,
    "31322.777115384615": 3,
    "34961.28152777778": 3,
    "39285.4753125": 3,
    "53407.705": 3,
    "193.29977941176472": 2,
    "273.8413541666667": 2,
    "336.1735294117647": 2,
    "412.13102941176464": 2,
    "441.83416666666665": 2,
    "507.99555555555554": 2,
    "1821.351875": 2,
    "1976.7956730769229": 2,
    "23879.406562500004": 2,
    "27730.92375": 2,
    "29271.530625": 2,
    "34703.06484375": 2,
    "35433.958125000005": 2,
    "40282.773308823525": 2,
    "41645.0559375": 2,
    "46982.61086538462": 2,
    "47758.81312500001": 2,
    "47813.1115625": 2,
    "53982.5453125": 2,
    "64069.31682692308": 2,
    "65809.47111111111": 2,
    "494.5629807692308": 1,
    "1427.6857638888887": 1,
    "2214.011153846154": 1,
    "2312.8509375": 1,
    "2492.3762500000003": 1,
    "3940.4127083333333": 1,
    "4283.057291666667": 1,
    "32081.055500000002": 1,
    "33160.70640625": 1,
    "35592.88701923077": 1,
    "58995.210234375": 1,
    "60153.9696875": 1,
    "62465.516718750005": 1,
    "70867.91625000001": 1,
    "77030.34375000001": 1
  },
  "source": {
    "analyze": "light",
    "fontface": "Consolas-Regular",
    "fontsize": 14,
    "language": "c",
    "theme": "Github"
  },
  "average": 12887.337023347034,
  "diff65": 98.26672343610822
}
