{
  "colors": {
    "#24292f": 6537,
    "#cf222e": 2315,
    "#953800": 1159,
    "#8250df": 424,
    "#0550ae": 339,
    "#6e7781": 223,
    "#0a3069": 174
  },
  "cccts": {
    "6503.44": 10526,
    "0.0": 6194,
    "6070.272323232323": 2116,
    "6721.555555555555": 2043,
    "6762.452222222222": 1564,
    "6642.432323232322": 1557,
    "6653.394444444445": 1495,
    "6668.493383838383": 1103,
    "6748.82": 1077,
    "6707.923333333334": 1073,
    "17929.28404040404": 1037,
    "20071.6297979798": 1006,
    "6830.613333333333": 961,
    "6100.322424242423": 957,
    "6659.806363636363": 949,
    "6694.291111111111": 922,
    "6049.932727272727": 897,
    "6151.491262626263": 859,
    "6016.126363636364": 792,
    "6598.865555555556": 749,
    "6024.73787878788": 738,
    "6585.233333333333": 726,
    "6789.716666666666": 687,
    "5989.053383838384": 674,
    "5898.763636363635": 642,
    "6680.658888888889": 640,
    "19357.514545454545": 589,
    "11502.24676767677": 578,
    "6557.968888888888": 571,
    "6097.3453030303035": 566,
    "6616.371262626261": 560,
    "6803.34888888889": 507,
    "6232.710202020201": 506,
    "6125.517272727272": 487,
    "15786.938282828283": 482,
    "17215.16878787879": 482,
    "6639.762222222222": 474,
    "6735.187777777777": 448,
    "6633.745303030303": 426,
    "23642.20606060606": 426,
    "6694.554444444445": 408,
    "6912.406666666667": 340,
    "22213.975555555557": 320,
    "17942.87191919192": 302,
    "5747.594545454545": 289,
    "6175.906969696969": 280,
    "20087.7654040404": 277,
    "6043.199343434343": 276,
    "6776.084444444443": 244,
    "6816.981111111111": 235,
    "25808.149545454547": 204,
    "12223.155959595959": 200,
    "5907.834444444445": 195,
    "6651.119343434343": 189,
    "6857.877777777778": 189,
    "6327.076060606061": 187,
    "19372.80090909091": 175,
    "6711.928484848484": 172,
    "5637.104646464646": 162,
    "18643.39929292929": 154,
    "27926.89757575758": 152,
    "6994.200000000001": 143,
    "6538.18808080808": 138,
    "6590.310202020201": 129,
    "6764.050606060606": 122,
    "17227.907424242425": 114,
    "6178.5642424242415": 108,
    "5923.958484848485": 107,
    "5949.153333333333": 105,
    "6259.783181818181": 105,
    "22232.658888888887": 102,
    "22948.192575757574": 100,
    "6124.418282828283": 95,
    "6703.241464646465": 94,
    "15797.978434343435": 94,
    "6667.026666666666": 90,
    "6677.180404040403": 88,
    "6395.14808080808": 85,
    "21499.860303030302": 82,
    "6564.249141414141": 70,
    "6075.127575757576": 66,
    "6685.867424242424": 66,
    "23662.587878787876": 66,
    "8648.333484848485": 61,
    "15083.310909090907": 58,
    "6625.058282828283": 57,
    "9363.29797979798": 54,
    "17943.26787878788": 54,
    "22928.09080808081": 50,
    "18657.836414141417": 48,
    "6871.51": 45,
    "6555.562121212121": 43,
    "5880.761464646464": 40,
    "6885.142222222223": 39,
    "20785.74505050505": 38,
    "5691.250606060606": 32,
    "5772.469545454545": 31,
    "6844.245555555555": 31,
    "19373.246363636365": 31,
    "6598.997222222222": 29,
    "20088.235606060607": 29,
    "21517.694393939397": 29,
    "32243.05272727273": 29,
    "6529.50106060606": 27,
    "22233.20333333333": 27,
    "27952.374848484847": 27,
    "6313.929141414142": 26,
    "14368.321666666667": 26,
    "25784.551818181822": 21,
    "10793.226969696969": 18,
    "15072.82303030303": 18,
    "5999.543030303029": 16,
    "6737.989545454545": 16,
    "21518.21409090909": 16,
    "11508.364696969697": 15,
    "17228.278636363637": 15,
    "22947.62338383838": 15,
    "24356.321313131313": 15,
    "6572.936161616161": 14,
    "6729.302525252525": 14,
    "6755.363585858585": 14,
    "20802.7298989899": 14,
    "15798.30015151515": 13,
    "27953.11727272727": 13,
    "11508.191464646465": 11,
    "25070.436565656568": 11,
    "6816.172727272727": 10,
    "16512.94292929293": 10,
    "6607.684242424241": 9,
    "6720.615505050504": 9,
    "32211.589090909092": 9,
    "26523.138787878786": 8,
    "6341.002121212121": 7,
    "13653.08494949495": 7,
    "18658.257121212122": 7,
    "25807.481363636365": 7,
    "6581.623181818181": 6,
    "14368.049444444445": 6,
    "15083.013939393939": 6,
    "23663.18181818182": 6,
    "32242.16181818182": 5,
    "6746.676565656566": 4,
    "26498.66707070707": 4,
    "16501.053535353534": 2,
    "20803.22484848485": 2,
    "24377.552373737373": 2,
    "5853.688484848484": 1,
    "6781.424646464647": 1,
    "6898.774444444443": 1,
    "25092.516868686867": 1,
    "26522.44585858586": 1,
    "27237.410353535353": 1
  },
  "source": {
    "analyze": "light",
    "fontface": "Consolas-Regular",
    "fontsize": 14,
    "language": "c",
    "theme": "Github"
  },
  "average": 7450.288489701855,
  "diff65": 14.619822918490074
}
