{
  "colors": {
    "#24292f": 6537,
    "#cf222e": 2315,
    "#953800": 1159,
    "#8250df": 424,
    "#0550ae": 339,
    "#6e7781": 223,
    "#0a3069": 174
  },
  "cccts": {
    "6503.44": 10526,
    "0.0": 6194,
    "7081.835714285714": 1560,
    "6872.017857142857": 1204,
    "36802.33": 1080,
    "5354.772142857143": 1002,
    "6840.837500000001": 889,
    "6768.538035714286": 874,
    "5737.661428571429": 805,
    "6742.883387096775": 764,
    "7346.93375": 749,
    "6889.037142857143": 739,
    "6744.438214285714": 736,
    "6760.504761904761": 736,
    "7130.035357142857": 708,
    "6749.158571428571": 695,
    "5434.458571428571": 668,
    "5598.254112903225": 642,
    "5790.785714285715": 642,
    "6905.10369047619": 640,
    "6027.916209677419": 616,
    "5998.643214285714": 600,
    "6993.210564516128": 600,
    "6656.023306451613": 599,
    "50689.32125": 578,
    "6776.57130952381": 562,
    "26702.700000000004": 556,
    "5705.753988095237": 533,
    "5801.4763095238095": 485,
    "27544.335833333334": 482,
    "6812.721041666667": 474,
    "7515.6325": 474,
    "6060.904677419354": 471,
    "5312.228888888889": 470,
    "5610.031666666667": 469,
    "6829.413427419354": 444,
    "19046.528870967744": 419,
    "7014.978145161291": 415,
    "6902.732678571428": 409,
    "6973.386517857143": 407,
    "32159.75814516129": 396,
    "6677.490654761905": 385,
    "5259.049821428571": 379,
    "5551.254802631579": 326,
    "20811.249166666665": 320,
    "6759.396845238095": 304,
    "6985.436428571428": 297,
    "5930.155604838709": 289,
    "6790.111666666667": 286,
    "36838.36214285714": 283,
    "5761.091785714285": 280,
    "6953.303333333333": 277,
    "6233.256028225806": 276,
    "25019.428333333333": 270,
    "6856.904047619047": 269,
    "6808.971644736842": 256,
    "6997.486339285714": 254,
    "39327.2375": 251,
    "5487.5482661290325": 234,
    "5672.009999999999": 232,
    "6639.487379032257": 228,
    "33300.03895161291": 225,
    "6889.0371428571425": 212,
    "6722.748375": 204,
    "6790.227875": 204,
    "34029.57305555555": 200,
    "6728.682023809524": 198,
    "6925.186874999999": 194,
    "5961.013511904761": 191,
    "6762.513080357143": 189,
    "4944.50875": 187,
    "6690.213616071429": 186,
    "7017.569523809523": 183,
    "30069.243333333332": 177,
    "5850.173571428571": 170,
    "5898.227903225806": 162,
    "6813.628024193548": 158,
    "6718.443749999999": 148,
    "21039.426651785714": 146,
    "6815.542217741934": 144,
    "6982.326774193549": 142,
    "6590.135060483871": 131,
    "22752.441491935486": 128,
    "6644.7281785714285": 124,
    "5345.376785714286": 123,
    "6701.104737903225": 119,
    "13630.195040322582": 119,
    "5553.234285714286": 116,
    "19061.445403225807": 116,
    "27359.420848214282": 115,
    "26726.721428571425": 114,
    "6840.8375": 113,
    "5558.023629032257": 109,
    "6718.4437499999985": 109,
    "5618.36935483871": 107,
    "5984.6867741935475": 105,
    "39366.27232142857": 105,
    "6901.087053571428": 101,
    "33331.90608870968": 100,
    "27569.358154761903": 93,
    "6804.687767857142": 91,
    "20828.264345238094": 91,
    "6852.887410714285": 90,
    "33435.78666666667": 89,
    "5937.614722222222": 88,
    "4493.27125": 85,
    "6699.348225806451": 80,
    "6808.606612903225": 79,
    "6913.136964285714": 78,
    "6697.4435625": 76,
    "7040.949375": 70,
    "6628.280887096774": 69,
    "6251.999475806451": 64,
    "22232.658888888887": 61,
    "6104.596994047619": 60,
    "32190.269233870968": 59,
    "6728.371666666666": 58,
    "24831.423169642858": 58,
    "24198.81125": 54,
    "25041.447976190473": 54,
    "6862.60508064516": 51,
    "27333.926875": 50,
    "6651.894970238095": 49,
    "5945.059791666667": 48,
    "6040.782113095238": 48,
    "6831.064761904761": 46,
    "6949.286696428571": 45,
    "7148.451249999999": 42,
    "22772.32828629032": 42,
    "6921.170238095238": 41,
    "5552.392419354839": 40,
    "5790.154314516129": 40,
    "30097.268333333333": 40,
    "6810.712723214286": 39,
    "5673.846547619048": 37,
    "6072.878035714285": 37,
    "5889.221770833334": 36,
    "31589.617741935486": 36,
    "5833.38375": 33,
    "6732.314959677419": 33,
    "6756.8372767857145": 33,
    "5887.420544354838": 32,
    "26726.72142857143": 32,
    "13638.670342741936": 31,
    "6720.338392857142": 30,
    "6736.404940476191": 30,
    "5965.001941964285": 29,
    "26727.42142857143": 29,
    "29887.418526785714": 29,
    "31121.288125000003": 29,
    "36839.412142857145": 29,
    "39367.40982142858": 29,
    "6622.459933035714": 28,
    "22771.765181451614": 28,
    "28596.380625": 28,
    "6657.014107142856": 27,
    "6667.25238095238": 27,
    "6694.554444444444": 27,
    "4828.299375": 26,
    "6764.515982142856": 26,
    "6802.909508928571": 26,
    "17626.629785714285": 26,
    "31752.515000000003": 26,
    "59589.55375": 26,
    "25318.073306451613": 25,
    "6810.5882142857145": 24,
    "6780.587946428571": 23,
    "24177.7925": 23,
    "33332.834717741935": 23,
    "33467.81523809524": 22,
    "39367.40982142857": 21,
    "16765.967258064516": 19,
    "6815.5326875": 18,
    "18707.159583333334": 18,
    "24809.019375": 18,
    "29858.834375000002": 18,
    "6141.36564516129": 16,
    "30098.084999999995": 16,
    "32383.741875": 16,
    "6818.266919642857": 15,
    "18300.354166666668": 15,
    "31619.450806451612": 15,
    "50743.399375": 15,
    "6668.532165178571": 14,
    "6702.318468749999": 14,
    "6703.086339285714": 14,
    "6837.890277777778": 14,
    "24177.792500000003": 14,
    "25042.08964285714": 14,
    "26727.421428571426": 14,
    "27570.08732142857": 13,
    "6672.371517857143": 12,
    "6772.194687499999": 12,
    "16778.17169354839": 12,
    "20390.431249999998": 12,
    "27965.153749999998": 12,
    "20074.8178125": 11,
    "50741.868125": 11,
    "5731.397857142857": 10,
    "6741.479866071429": 10,
    "6680.050223214285": 9,
    "27358.698973214287": 9,
    "31150.56424107143": 9,
    "32414.519330357143": 9,
    "6726.122455357142": 8,
    "20407.427232142854": 8,
    "5963.072056451612": 7,
    "6056.735833333332": 7,
    "22852.2160625": 7,
    "31782.541785714286": 7,
    "6669.894516129031": 6,
    "6695.40763392857": 6,
    "6787.552098214285": 6,
    "18721.672529761905": 6,
    "19142.990892857142": 6,
    "19985.62761904762": 6,
    "22284.111875": 6,
    "24830.788794642856": 5,
    "26095.422008928574": 5,
    "5839.6370161290315": 4,
    "6646.775833333332": 4,
    "6700.526770833334": 4,
    "6769.635119047619": 4,
    "13638.917318548387": 4,
    "22724.196979166667": 4,
    "27990.676517857144": 4,
    "29886.609151785717": 4,
    "31783.416785714286": 4,
    "6699.2469866071415": 3,
    "6876.987232142857": 3,
    "16299.091941964285": 3,
    "19061.88008064516": 3,
    "20828.76017857143": 3,
    "22599.725312500002": 3,
    "28385.971666666668": 3,
    "37961.87777777778": 3,
    "5482.401904761905": 2,
    "5879.8675": 2,
    "5926.635437499999": 2,
    "5953.036651785714": 2,
    "6118.1576562499995": 2,
    "6676.830120967741": 2,
    "6732.388303571429": 2,
    "16287.456562500001": 2,
    "17865.52375": 2,
    "18496.750625000004": 2,
    "20722.934754464284": 2,
    "21021.658124999998": 2,
    "22871.658406249997": 2,
    "23567.424330357142": 2,
    "25340.44810483871": 2,
    "26071.473125": 2,
    "26094.74388392857": 2,
    "28622.6540625": 2,
    "32191.15834677419": 2,
    "33468.74857142857": 2,
    "5530.777701612903": 1,
    "6631.418422619047": 1,
    "6697.63693548387": 1,
    "6710.765044642857": 1,
    "6816.737678571429": 1,
    "6856.660446428571": 1,
    "6885.6688888888875": 1,
    "6887.375267857142": 1,
    "19648.57292857143": 1,
    "20090.95720982143": 1,
    "20773.90068548387": 1,
    "21249.58270833333": 1,
    "30252.490888157896": 1,
    "31151.41736607143": 1,
    "31649.49388157895": 1,
    "35539.87625000001": 1,
    "38064.78375": 1
  },